#VRML V2.0 utf8
DEF TXFM_1 Transform {
  center 0 0 0
  rotation 0 0 1 0
  scale 2.54 2.54 2.54
  scaleOrientation 0 0 1 0
  translation 0 0 0
 children [
DEF TXFM_2 Transform {
  center 0 0 0
  rotation 0 0 1 0
  scale 1 1 1
  scaleOrientation 0 0 1 0
  translation 0 0 0
 children [
DEF SHAPE_1 Shape {
 appearance DEF APP_1 Appearance {
  material Material {
   ambientIntensity 1
   diffuseColor 0 0 0
   emissiveColor 0 0 0
   shininess 0.0099999998
   specularColor 0.1 0.1 0.1
   transparency 0
} }
 geometry DEF FACE_1 IndexedFaceSet {
  coord DEF COORD_1 Coordinate { point [
  6.8523622 12.098425 0.31003937,6.8630011 12.15191 0.31003937,
  6.8932981 12.197253 0.31003937,6.9386407 12.22755 0.31003937,
  6.992126 12.238189 0.31003937,7.0456113 12.22755 0.31003937,
  7.0909539 12.197253 0.31003937,7.1212509 12.15191 0.31003937,
  7.1318898 12.098425 0.31003937,7.1212509 12.04494 0.31003937,
  7.0909539 11.999597 0.31003937,7.0456113 11.9693 0.31003937,
  6.992126 11.958661 0.31003937,6.9386407 11.9693 0.31003937,
  6.8932981 11.999597 0.31003937,6.8630011 12.04494 0.31003937,
  6.8080709 7.5590551 0.31003937,6.8034257 7.5357024 0.31003937,
  6.7901975 7.5159049 0.31003937,6.7704 7.5026766 0.31003937,
  6.7470472 7.4980315 0.31003937,6.7236945 7.5026766 0.31003937,
  6.703897 7.5159049 0.31003937,6.6906688 7.5357024 0.31003937,
  6.6860236 7.5590551 0.31003937,6.6906688 7.5824078 0.31003937,
  6.703897 7.6022053 0.31003937,6.7236945 7.6154336 0.31003937,
  6.7470472 7.6200787 0.31003937,6.7704 7.6154336 0.31003937,
  6.7901975 7.6022053 0.31003937,6.8034257 7.5824078 0.31003937,
  6.8080709 7.0866142 0.31003937,6.8034257 7.0632614 0.31003937,
  6.7901975 7.043464 0.31003937,6.7704 7.0302357 0.31003937,
  6.7470472 7.0255906 0.31003937,6.7236945 7.0302357 0.31003937,
  6.703897 7.043464 0.31003937,6.6906688 7.0632614 0.31003937,
  6.6860236 7.0866142 0.31003937,6.6906688 7.1099669 0.31003937,
  6.703897 7.1297644 0.31003937,6.7236945 7.1429926 0.31003937,
  6.7470472 7.1476378 0.31003937,6.7704 7.1429926 0.31003937,
  6.7901975 7.1297644 0.31003937,6.8034257 7.1099669 0.31003937,
  6.6860236 6.6141732 0.31003937,6.6906688 6.637526 0.31003937,
  6.703897 6.6573234 0.31003937,6.7236945 6.6705517 0.31003937,
  6.7470472 6.6751969 0.31003937,6.7704 6.6705517 0.31003937,
  6.7901975 6.6573234 0.31003937,6.8034257 6.637526 0.31003937,
  6.8080709 6.6141732 0.31003937,6.8034257 6.5908205 0.31003937,
  6.7901975 6.571023 0.31003937,6.7704 6.5577948 0.31003937,
  6.7470472 6.5531496 0.31003937,6.7236945 6.5577948 0.31003937,
  6.703897 6.571023 0.31003937,6.6906688 6.5908205 0.31003937,
  4.769685 8.5551181 0.31003937,4.7590462 8.5016328 0.31003937,
  4.7287492 8.4562902 0.31003937,4.6834065 8.4259932 0.31003937,
  4.6299213 8.4153543 0.31003937,4.576436 8.4259932 0.31003937,
  4.5310933 8.4562902 0.31003937,4.5007964 8.5016328 0.31003937,
  4.4901575 8.5551181 0.31003937,4.5007964 8.6086034 0.31003937,
  4.5310933 8.653946 0.31003937,4.576436 8.684243 0.31003937,
  4.6299213 8.6948819 0.31003937,4.6834065 8.684243 0.31003937,
  4.7287492 8.653946 0.31003937,4.7590462 8.6086034 0.31003937,
  6.6860236 6.1417323 0.31003937,6.6906688 6.165085 0.31003937,
  6.703897 6.1848825 0.31003937,6.7236945 6.1981108 0.31003937,
  6.7470472 6.2027559 0.31003937,6.7704 6.1981108 0.31003937,
  6.7901975 6.1848825 0.31003937,6.8034257 6.165085 0.31003937,
  6.8080709 6.1417323 0.31003937,6.8034257 6.1183796 0.31003937,
  6.7901975 6.0985821 0.31003937,6.7704 6.0853538 0.31003937,
  6.7470472 6.0807087 0.31003937,6.7236945 6.0853538 0.31003937,
  6.703897 6.0985821 0.31003937,6.6906688 6.1183796 0.31003937,
  13.582677 0 0.31003937,13.582677 13.877953 0.31003937,
  0 13.877953 0.31003937,0 0 0.31003937,
  13.051181 7.480315 0.31003937,13.051181 7.480315 0.31003937,
  13.04762 7.4601169 0.31003937,13.037365 7.4423551 0.31003937,
  13.021654 7.4291717 0.31003937,13.002381 7.422157 0.31003937,
  12.981871 7.422157 0.31003937,12.962598 7.4291717 0.31003937,
  12.946887 7.4423551 0.31003937,12.936632 7.4601169 0.31003937,
  12.933071 7.480315 0.31003937,12.936632 7.500513 0.31003937,
  12.946887 7.5182749 0.31003937,12.962598 7.5314582 0.31003937,
  12.981871 7.5384729 0.31003937,13.002381 7.5384729 0.31003937,
  13.021654 7.5314582 0.31003937,13.037365 7.5182749 0.31003937,
  13.04762 7.500513 0.31003937,12.084646 6.8503937 0.31003937,
  12.089291 6.8737464 0.31003937,12.102519 6.8935439 0.31003937,
  12.122317 6.9067722 0.31003937,12.145669 6.9114173 0.31003937,
  12.169022 6.9067722 0.31003937,12.18882 6.8935439 0.31003937,
  12.202048 6.8737464 0.31003937,12.206693 6.8503937 0.31003937,
  12.202048 6.827041 0.31003937,12.18882 6.8072435 0.31003937,
  12.169022 6.7940152 0.31003937,12.145669 6.7893701 0.31003937,
  12.122317 6.7940152 0.31003937,12.102519 6.8072435 0.31003937,
  12.089291 6.827041 0.31003937,12.084646 6.476378 0.31003937,
  12.089291 6.4997307 0.31003937,12.102519 6.5195282 0.31003937,
  12.122317 6.5327564 0.31003937,12.145669 6.5374016 0.31003937,
  12.169022 6.5327564 0.31003937,12.18882 6.5195282 0.31003937,
  12.202048 6.4997307 0.31003937,12.206693 6.476378 0.31003937,
  12.202048 6.4530252 0.31003937,12.18882 6.4332277 0.31003937,
  12.169022 6.4199995 0.31003937,12.145669 6.4153543 0.31003937,
  12.122317 6.4199995 0.31003937,12.102519 6.4332277 0.31003937,
  12.089291 6.4530252 0.31003937,12.084646 6.102363 0.31003937,
  12.089291 6.1257157 0.31003937,12.102519 6.1455132 0.31003937,
  12.122317 6.1587415 0.31003937,12.145669 6.1633866 0.31003937,
  12.169022 6.1587415 0.31003937,12.18882 6.1455132 0.31003937,
  12.202048 6.1257157 0.31003937,12.206693 6.102363 0.31003937,
  12.202048 6.0790103 0.31003937,12.18882 6.0592128 0.31003937,
  12.169022 6.0459845 0.31003937,12.145669 6.0413394 0.31003937,
  12.122317 6.0459845 0.31003937,12.102519 6.0592128 0.31003937,
  12.089291 6.0790103 0.31003937,8.7814961 6.8503937 0.31003937,
  8.7768509 6.827041 0.31003937,8.7636227 6.8072435 0.31003937,
  8.7438252 6.7940152 0.31003937,8.7204724 6.7893701 0.31003937,
  8.6971197 6.7940152 0.31003937,8.6773222 6.8072435 0.31003937,
  8.664094 6.827041 0.31003937,8.6594488 6.8503937 0.31003937,
  8.664094 6.8737464 0.31003937,8.6773222 6.8935439 0.31003937,
  8.6971197 6.9067722 0.31003937,8.7204724 6.9114173 0.31003937,
  8.7438252 6.9067722 0.31003937,8.7636227 6.8935439 0.31003937,
  8.7768509 6.8737464 0.31003937,7.9980315 8.5551181 0.31003937,
  7.9873926 8.5016328 0.31003937,7.9570956 8.4562902 0.31003937,
  7.911753 8.4259932 0.31003937,7.8582677 8.4153543 0.31003937,
  7.8047824 8.4259932 0.31003937,7.7594398 8.4562902 0.31003937,
  7.7291428 8.5016328 0.31003937,7.7185039 8.5551181 0.31003937,
  7.7291428 8.6086034 0.31003937,7.7594398 8.653946 0.31003937,
  7.8047824 8.684243 0.31003937,7.8582677 8.6948819 0.31003937,
  7.911753 8.684243 0.31003937,7.9570956 8.653946 0.31003937,
  7.9873926 8.6086034 0.31003937,8.6594488 6.496063 0.31003937,
  8.664094 6.5194157 0.31003937,8.6773222 6.5392132 0.31003937,
  8.6971197 6.5524415 0.31003937,8.7204724 6.5570866 0.31003937,
  8.7438252 6.5524415 0.31003937,8.7636227 6.5392132 0.31003937,
  8.7768509 6.5194157 0.31003937,8.7814961 6.496063 0.31003937,
  8.7768509 6.4727103 0.31003937,8.7636227 6.4529128 0.31003937,
  8.7438252 6.4396845 0.31003937,8.7204724 6.4350394 0.31003937,
  8.6971197 6.4396845 0.31003937,8.6773222 6.4529128 0.31003937,
  8.664094 6.4727103 0.31003937,3.7814961 12.177165 0.31003937,
  3.7861412 12.200518 0.31003937,3.7993695 12.220316 0.31003937,
  3.819167 12.233544 0.31003937,3.8425197 12.238189 0.31003937,
  3.8658724 12.233544 0.31003937,3.8856699 12.220316 0.31003937,
  3.8988982 12.200518 0.31003937,3.9035433 12.177165 0.31003937,
  3.8988982 12.153813 0.31003937,3.8856699 12.134015 0.31003937,
  3.8658724 12.120787 0.31003937,3.8425197 12.116142 0.31003937,
  3.819167 12.120787 0.31003937,3.7993695 12.134015 0.31003937,
  3.7861412 12.153813 0.31003937,3.4665354 12.177165 0.31003937,
  3.4711806 12.200518 0.31003937,3.4844088 12.220316 0.31003937,
  3.5042063 12.233544 0.31003937,3.5275591 12.238189 0.31003937,
  3.5509118 12.233544 0.31003937,3.5707093 12.220316 0.31003937,
  3.5839375 12.200518 0.31003937,3.5885827 12.177165 0.31003937,
  3.5839375 12.153813 0.31003937,3.5707093 12.134015 0.31003937,
  3.5509118 12.120787 0.31003937,3.5275591 12.116142 0.31003937,
  3.5042063 12.120787 0.31003937,3.4844088 12.134015 0.31003937,
  3.4711806 12.153813 0.31003937,3.4665354 11.862205 0.31003937,
  3.4711806 11.885557 0.31003937,3.4844088 11.905355 0.31003937,
  3.5042063 11.918583 0.31003937,3.5275591 11.923228 0.31003937,
  3.5509118 11.918583 0.31003937,3.5707093 11.905355 0.31003937,
  3.5839375 11.885557 0.31003937,3.5885827 11.862205 0.31003937,
  3.5839375 11.838852 0.31003937,3.5707093 11.819055 0.31003937,
  3.5509118 11.805826 0.31003937,3.5275591 11.801181 0.31003937,
  3.5042063 11.805826 0.31003937,3.4844088 11.819055 0.31003937,
  3.4711806 11.838852 0.31003937,3.4665354 11.547244 0.31003937,
  3.4711806 11.570597 0.31003937,3.4844088 11.590394 0.31003937,
  3.5042063 11.603623 0.31003937,3.5275591 11.608268 0.31003937,
  3.5509118 11.603623 0.31003937,3.5707093 11.590394 0.31003937,
  3.5839375 11.570597 0.31003937,3.5885827 11.547244 0.31003937,
  3.5839375 11.523891 0.31003937,3.5707093 11.504094 0.31003937,
  3.5509118 11.490866 0.31003937,3.5275591 11.48622 0.31003937,
  3.5042063 11.490866 0.31003937,3.4844088 11.504094 0.31003937,
  3.4711806 11.523891 0.31003937,3.4665354 11.232283 0.31003937,
  3.4711806 11.255636 0.31003937,3.4844088 11.275434 0.31003937,
  3.5042063 11.288662 0.31003937,3.5275591 11.293307 0.31003937,
  3.5509118 11.288662 0.31003937,3.5707093 11.275434 0.31003937,
  3.5839375 11.255636 0.31003937,3.5885827 11.232283 0.31003937,
  3.5839375 11.208931 0.31003937,3.5707093 11.189133 0.31003937,
  3.5509118 11.175905 0.31003937,3.5275591 11.17126 0.31003937,
  3.5042063 11.175905 0.31003937,3.4844088 11.189133 0.31003937,
  3.4711806 11.208931 0.31003937,3.4665354 10.917323 0.31003937,
  3.4711806 10.940676 0.31003937,3.4844088 10.960473 0.31003937,
  3.5042063 10.973701 0.31003937,3.5275591 10.978346 0.31003937,
  3.5509118 10.973701 0.31003937,3.5707093 10.960473 0.31003937,
  3.5839375 10.940676 0.31003937,3.5885827 10.917323 0.31003937,
  3.5839375 10.89397 0.31003937,3.5707093 10.874173 0.31003937,
  3.5509118 10.860944 0.31003937,3.5275591 10.856299 0.31003937,
  3.5042063 10.860944 0.31003937,3.4844088 10.874173 0.31003937,
  3.4711806 10.89397 0.31003937,3.4665354 10.602362 0.31003937,
  3.4711806 10.625715 0.31003937,3.4844088 10.645512 0.31003937,
  3.5042063 10.658741 0.31003937,3.5275591 10.663386 0.31003937,
  3.5509118 10.658741 0.31003937,3.5707093 10.645512 0.31003937,
  3.5839375 10.625715 0.31003937,3.5885827 10.602362 0.31003937,
  3.5839375 10.579009 0.31003937,3.5707093 10.559212 0.31003937,
  3.5509118 10.545984 0.31003937,3.5275591 10.541339 0.31003937,
  3.5042063 10.545984 0.31003937,3.4844088 10.559212 0.31003937,
  3.4711806 10.579009 0.31003937,3.4665354 10.287402 0.31003937,
  3.4711806 10.310754 0.31003937,3.4844088 10.330552 0.31003937,
  3.5042063 10.34378 0.31003937,3.5275591 10.348425 0.31003937,
  3.5509118 10.34378 0.31003937,3.5707093 10.330552 0.31003937,
  3.5839375 10.310754 0.31003937,3.5885827 10.287402 0.31003937,
  3.5839375 10.264049 0.31003937,3.5707093 10.244251 0.31003937,
  3.5509118 10.231023 0.31003937,3.5275591 10.226378 0.31003937,
  3.5042063 10.231023 0.31003937,3.4844088 10.244251 0.31003937,
  3.4711806 10.264049 0.31003937,1.128937 5.015748 0.31003937,
  1.1242919 4.9923953 0.31003937,1.1110636 4.9725978 0.31003937,
  1.0912661 4.9593696 0.31003937,1.0679134 4.9547244 0.31003937,
  1.0445607 4.9593696 0.31003937,1.0247632 4.9725978 0.31003937,
  1.0115349 4.9923953 0.31003937,1.0068898 5.015748 0.31003937,
  1.0115349 5.0391008 0.31003937,1.0247632 5.0588982 0.31003937,
  1.0445607 5.0721265 0.31003937,1.0679134 5.0767717 0.31003937,
  1.0912661 5.0721265 0.31003937,1.1110636 5.0588982 0.31003937,
  1.1242919 5.0391008 0.31003937,1.128937 4.6220472 0.31003937,
  1.1242919 4.5986945 0.31003937,1.1110636 4.578897 0.31003937,
  1.0912661 4.5656688 0.31003937,1.0679134 4.5610236 0.31003937,
  1.0445607 4.5656688 0.31003937,1.0247632 4.578897 0.31003937,
  1.0115349 4.5986945 0.31003937,1.0068898 4.6220472 0.31003937,
  1.0115349 4.6454 0.31003937,1.0247632 4.6651975 0.31003937,
  1.0445607 4.6784257 0.31003937,1.0679134 4.6830709 0.31003937,
  1.0912661 4.6784257 0.31003937,1.1110636 4.6651975 0.31003937,
  1.1242919 4.6454 0.31003937,4.0177165 8.5551181 0.31003937,
  4.0283554 8.6086034 0.31003937,4.0586524 8.653946 0.31003937,
  4.103995 8.684243 0.31003937,4.1574803 8.6948819 0.31003937,
  4.2109656 8.684243 0.31003937,4.2563082 8.653946 0.31003937,
  4.2866052 8.6086034 0.31003937,4.2972441 8.5551181 0.31003937,
  4.2866052 8.5016328 0.31003937,4.2563082 8.4562902 0.31003937,
  4.2109656 8.4259932 0.31003937,4.1574803 8.4153543 0.31003937,
  4.103995 8.4259932 0.31003937,4.0586524 8.4562902 0.31003937,
  4.0283554 8.5016328 0.31003937,12.933071 0.59055118 0.31003937,
  12.936632 0.61074922 0.31003937,12.946887 0.62851108 0.31003937,
  12.962598 0.64169441 0.31003937,12.981871 0.64870912 0.31003937,
  13.002381 0.64870912 0.31003937,13.021654 0.64169441 0.31003937,
  13.037365 0.62851108 0.31003937,13.04762 0.61074922 0.31003937,
  13.051181 0.59055118 0.31003937,13.04762 0.57035314 0.31003937,
  13.037365 0.55259128 0.31003937,13.021654 0.53940795 0.31003937,
  13.002381 0.53239324 0.31003937,12.981871 0.53239324 0.31003937,
  12.962598 0.53940795 0.31003937,12.946887 0.55259128 0.31003937,
  12.936632 0.57035314 0.31003937,0.53149606 0.59055118 0.31003937,
  0.53505752 0.61074922 0.31003937,0.54531234 0.62851108 0.31003937,
  0.56102362 0.64169441 0.31003937,0.58029637 0.64870912 0.31003937,
  0.60080599 0.64870912 0.31003937,0.62007874 0.64169441 0.31003937,
  0.63579003 0.62851108 0.31003937,0.64604484 0.61074922 0.31003937,
  0.6496063 0.59055118 0.31003937,0.64604484 0.57035314 0.31003937,
  0.63579003 0.55259128 0.31003937,0.62007874 0.53940795 0.31003937,
  0.60080599 0.53239324 0.31003937,0.58029637 0.53239324 0.31003937,
  0.56102362 0.53940795 0.31003937,0.54531234 0.55259128 0.31003937,
  0.53505752 0.57035314 0.31003937,6.8523622 12.098425 -0.31003937,
  6.8630011 12.15191 -0.31003937,6.8932981 12.197253 -0.31003937,
  6.9386407 12.22755 -0.31003937,6.992126 12.238189 -0.31003937,
  7.0456113 12.22755 -0.31003937,7.0909539 12.197253 -0.31003937,
  7.1212509 12.15191 -0.31003937,7.1318898 12.098425 -0.31003937,
  7.1212509 12.04494 -0.31003937,7.0909539 11.999597 -0.31003937,
  7.0456113 11.9693 -0.31003937,6.992126 11.958661 -0.31003937,
  6.9386407 11.9693 -0.31003937,6.8932981 11.999597 -0.31003937,
  6.8630011 12.04494 -0.31003937,6.8080709 7.5590551 -0.31003937,
  6.8034257 7.5357024 -0.31003937,6.7901975 7.5159049 -0.31003937,
  6.7704 7.5026766 -0.31003937,6.7470472 7.4980315 -0.31003937,
  6.7236945 7.5026766 -0.31003937,6.703897 7.5159049 -0.31003937,
  6.6906688 7.5357024 -0.31003937,6.6860236 7.5590551 -0.31003937,
  6.6906688 7.5824078 -0.31003937,6.703897 7.6022053 -0.31003937,
  6.7236945 7.6154336 -0.31003937,6.7470472 7.6200787 -0.31003937,
  6.7704 7.6154336 -0.31003937,6.7901975 7.6022053 -0.31003937,
  6.8034257 7.5824078 -0.31003937,6.8080709 7.0866142 -0.31003937,
  6.8034257 7.0632614 -0.31003937,6.7901975 7.043464 -0.31003937,
  6.7704 7.0302357 -0.31003937,6.7470472 7.0255906 -0.31003937,
  6.7236945 7.0302357 -0.31003937,6.703897 7.043464 -0.31003937,
  6.6906688 7.0632614 -0.31003937,6.6860236 7.0866142 -0.31003937,
  6.6906688 7.1099669 -0.31003937,6.703897 7.1297644 -0.31003937,
  6.7236945 7.1429926 -0.31003937,6.7470472 7.1476378 -0.31003937,
  6.7704 7.1429926 -0.31003937,6.7901975 7.1297644 -0.31003937,
  6.8034257 7.1099669 -0.31003937,6.6860236 6.6141732 -0.31003937,
  6.6906688 6.637526 -0.31003937,6.703897 6.6573234 -0.31003937,
  6.7236945 6.6705517 -0.31003937,6.7470472 6.6751969 -0.31003937,
  6.7704 6.6705517 -0.31003937,6.7901975 6.6573234 -0.31003937,
  6.8034257 6.637526 -0.31003937,6.8080709 6.6141732 -0.31003937,
  6.8034257 6.5908205 -0.31003937,6.7901975 6.571023 -0.31003937,
  6.7704 6.5577948 -0.31003937,6.7470472 6.5531496 -0.31003937,
  6.7236945 6.5577948 -0.31003937,6.703897 6.571023 -0.31003937,
  6.6906688 6.5908205 -0.31003937,4.769685 8.5551181 -0.31003937,
  4.7590462 8.5016328 -0.31003937,4.7287492 8.4562902 -0.31003937,
  4.6834065 8.4259932 -0.31003937,4.6299213 8.4153543 -0.31003937,
  4.576436 8.4259932 -0.31003937,4.5310933 8.4562902 -0.31003937,
  4.5007964 8.5016328 -0.31003937,4.4901575 8.5551181 -0.31003937,
  4.5007964 8.6086034 -0.31003937,4.5310933 8.653946 -0.31003937,
  4.576436 8.684243 -0.31003937,4.6299213 8.6948819 -0.31003937,
  4.6834065 8.684243 -0.31003937,4.7287492 8.653946 -0.31003937,
  4.7590462 8.6086034 -0.31003937,6.6860236 6.1417323 -0.31003937,
  6.6906688 6.165085 -0.31003937,6.703897 6.1848825 -0.31003937,
  6.7236945 6.1981108 -0.31003937,6.7470472 6.2027559 -0.31003937,
  6.7704 6.1981108 -0.31003937,6.7901975 6.1848825 -0.31003937,
  6.8034257 6.165085 -0.31003937,6.8080709 6.1417323 -0.31003937,
  6.8034257 6.1183796 -0.31003937,6.7901975 6.0985821 -0.31003937,
  6.7704 6.0853538 -0.31003937,6.7470472 6.0807087 -0.31003937,
  6.7236945 6.0853538 -0.31003937,6.703897 6.0985821 -0.31003937,
  6.6906688 6.1183796 -0.31003937,13.582677 0 -0.31003937,
  13.582677 13.877953 -0.31003937,0 13.877953 -0.31003937,
  0 0 -0.31003937,13.051181 7.480315 -0.31003937,
  13.051181 7.480315 -0.31003937,13.04762 7.4601169 -0.31003937,
  13.037365 7.4423551 -0.31003937,13.021654 7.4291717 -0.31003937,
  13.002381 7.422157 -0.31003937,12.981871 7.422157 -0.31003937,
  12.962598 7.4291717 -0.31003937,12.946887 7.4423551 -0.31003937,
  12.936632 7.4601169 -0.31003937,12.933071 7.480315 -0.31003937,
  12.936632 7.500513 -0.31003937,12.946887 7.5182749 -0.31003937,
  12.962598 7.5314582 -0.31003937,12.981871 7.5384729 -0.31003937,
  13.002381 7.5384729 -0.31003937,13.021654 7.5314582 -0.31003937,
  13.037365 7.5182749 -0.31003937,13.04762 7.500513 -0.31003937,
  12.084646 6.8503937 -0.31003937,12.089291 6.8737464 -0.31003937,
  12.102519 6.8935439 -0.31003937,12.122317 6.9067722 -0.31003937,
  12.145669 6.9114173 -0.31003937,12.169022 6.9067722 -0.31003937,
  12.18882 6.8935439 -0.31003937,12.202048 6.8737464 -0.31003937,
  12.206693 6.8503937 -0.31003937,12.202048 6.827041 -0.31003937,
  12.18882 6.8072435 -0.31003937,12.169022 6.7940152 -0.31003937,
  12.145669 6.7893701 -0.31003937,12.122317 6.7940152 -0.31003937,
  12.102519 6.8072435 -0.31003937,12.089291 6.827041 -0.31003937,
  12.084646 6.476378 -0.31003937,12.089291 6.4997307 -0.31003937,
  12.102519 6.5195282 -0.31003937,12.122317 6.5327564 -0.31003937,
  12.145669 6.5374016 -0.31003937,12.169022 6.5327564 -0.31003937,
  12.18882 6.5195282 -0.31003937,12.202048 6.4997307 -0.31003937,
  12.206693 6.476378 -0.31003937,12.202048 6.4530252 -0.31003937,
  12.18882 6.4332277 -0.31003937,12.169022 6.4199995 -0.31003937,
  12.145669 6.4153543 -0.31003937,12.122317 6.4199995 -0.31003937,
  12.102519 6.4332277 -0.31003937,12.089291 6.4530252 -0.31003937,
  12.084646 6.102363 -0.31003937,12.089291 6.1257157 -0.31003937,
  12.102519 6.1455132 -0.31003937,12.122317 6.1587415 -0.31003937,
  12.145669 6.1633866 -0.31003937,12.169022 6.1587415 -0.31003937,
  12.18882 6.1455132 -0.31003937,12.202048 6.1257157 -0.31003937,
  12.206693 6.102363 -0.31003937,12.202048 6.0790103 -0.31003937,
  12.18882 6.0592128 -0.31003937,12.169022 6.0459845 -0.31003937,
  12.145669 6.0413394 -0.31003937,12.122317 6.0459845 -0.31003937,
  12.102519 6.0592128 -0.31003937,12.089291 6.0790103 -0.31003937,
  8.7814961 6.8503937 -0.31003937,8.7768509 6.827041 -0.31003937,
  8.7636227 6.8072435 -0.31003937,8.7438252 6.7940152 -0.31003937,
  8.7204724 6.7893701 -0.31003937,8.6971197 6.7940152 -0.31003937,
  8.6773222 6.8072435 -0.31003937,8.664094 6.827041 -0.31003937,
  8.6594488 6.8503937 -0.31003937,8.664094 6.8737464 -0.31003937,
  8.6773222 6.8935439 -0.31003937,8.6971197 6.9067722 -0.31003937,
  8.7204724 6.9114173 -0.31003937,8.7438252 6.9067722 -0.31003937,
  8.7636227 6.8935439 -0.31003937,8.7768509 6.8737464 -0.31003937,
  7.9980315 8.5551181 -0.31003937,7.9873926 8.5016328 -0.31003937,
  7.9570956 8.4562902 -0.31003937,7.911753 8.4259932 -0.31003937,
  7.8582677 8.4153543 -0.31003937,7.8047824 8.4259932 -0.31003937,
  7.7594398 8.4562902 -0.31003937,7.7291428 8.5016328 -0.31003937,
  7.7185039 8.5551181 -0.31003937,7.7291428 8.6086034 -0.31003937,
  7.7594398 8.653946 -0.31003937,7.8047824 8.684243 -0.31003937,
  7.8582677 8.6948819 -0.31003937,7.911753 8.684243 -0.31003937,
  7.9570956 8.653946 -0.31003937,7.9873926 8.6086034 -0.31003937,
  8.6594488 6.496063 -0.31003937,8.664094 6.5194157 -0.31003937,
  8.6773222 6.5392132 -0.31003937,8.6971197 6.5524415 -0.31003937,
  8.7204724 6.5570866 -0.31003937,8.7438252 6.5524415 -0.31003937,
  8.7636227 6.5392132 -0.31003937,8.7768509 6.5194157 -0.31003937,
  8.7814961 6.496063 -0.31003937,8.7768509 6.4727103 -0.31003937,
  8.7636227 6.4529128 -0.31003937,8.7438252 6.4396845 -0.31003937,
  8.7204724 6.4350394 -0.31003937,8.6971197 6.4396845 -0.31003937,
  8.6773222 6.4529128 -0.31003937,8.664094 6.4727103 -0.31003937,
  3.7814961 12.177165 -0.31003937,3.7861412 12.200518 -0.31003937,
  3.7993695 12.220316 -0.31003937,3.819167 12.233544 -0.31003937,
  3.8425197 12.238189 -0.31003937,3.8658724 12.233544 -0.31003937,
  3.8856699 12.220316 -0.31003937,3.8988982 12.200518 -0.31003937,
  3.9035433 12.177165 -0.31003937,3.8988982 12.153813 -0.31003937,
  3.8856699 12.134015 -0.31003937,3.8658724 12.120787 -0.31003937,
  3.8425197 12.116142 -0.31003937,3.819167 12.120787 -0.31003937,
  3.7993695 12.134015 -0.31003937,3.7861412 12.153813 -0.31003937,
  3.4665354 12.177165 -0.31003937,3.4711806 12.200518 -0.31003937,
  3.4844088 12.220316 -0.31003937,3.5042063 12.233544 -0.31003937,
  3.5275591 12.238189 -0.31003937,3.5509118 12.233544 -0.31003937,
  3.5707093 12.220316 -0.31003937,3.5839375 12.200518 -0.31003937,
  3.5885827 12.177165 -0.31003937,3.5839375 12.153813 -0.31003937,
  3.5707093 12.134015 -0.31003937,3.5509118 12.120787 -0.31003937,
  3.5275591 12.116142 -0.31003937,3.5042063 12.120787 -0.31003937,
  3.4844088 12.134015 -0.31003937,3.4711806 12.153813 -0.31003937,
  3.4665354 11.862205 -0.31003937,3.4711806 11.885557 -0.31003937,
  3.4844088 11.905355 -0.31003937,3.5042063 11.918583 -0.31003937,
  3.5275591 11.923228 -0.31003937,3.5509118 11.918583 -0.31003937,
  3.5707093 11.905355 -0.31003937,3.5839375 11.885557 -0.31003937,
  3.5885827 11.862205 -0.31003937,3.5839375 11.838852 -0.31003937,
  3.5707093 11.819055 -0.31003937,3.5509118 11.805826 -0.31003937,
  3.5275591 11.801181 -0.31003937,3.5042063 11.805826 -0.31003937,
  3.4844088 11.819055 -0.31003937,3.4711806 11.838852 -0.31003937,
  3.4665354 11.547244 -0.31003937,3.4711806 11.570597 -0.31003937,
  3.4844088 11.590394 -0.31003937,3.5042063 11.603623 -0.31003937,
  3.5275591 11.608268 -0.31003937,3.5509118 11.603623 -0.31003937,
  3.5707093 11.590394 -0.31003937,3.5839375 11.570597 -0.31003937,
  3.5885827 11.547244 -0.31003937,3.5839375 11.523891 -0.31003937,
  3.5707093 11.504094 -0.31003937,3.5509118 11.490866 -0.31003937,
  3.5275591 11.48622 -0.31003937,3.5042063 11.490866 -0.31003937,
  3.4844088 11.504094 -0.31003937,3.4711806 11.523891 -0.31003937,
  3.4665354 11.232283 -0.31003937,3.4711806 11.255636 -0.31003937,
  3.4844088 11.275434 -0.31003937,3.5042063 11.288662 -0.31003937,
  3.5275591 11.293307 -0.31003937,3.5509118 11.288662 -0.31003937,
  3.5707093 11.275434 -0.31003937,3.5839375 11.255636 -0.31003937,
  3.5885827 11.232283 -0.31003937,3.5839375 11.208931 -0.31003937,
  3.5707093 11.189133 -0.31003937,3.5509118 11.175905 -0.31003937,
  3.5275591 11.17126 -0.31003937,3.5042063 11.175905 -0.31003937,
  3.4844088 11.189133 -0.31003937,3.4711806 11.208931 -0.31003937,
  3.4665354 10.917323 -0.31003937,3.4711806 10.940676 -0.31003937,
  3.4844088 10.960473 -0.31003937,3.5042063 10.973701 -0.31003937,
  3.5275591 10.978346 -0.31003937,3.5509118 10.973701 -0.31003937,
  3.5707093 10.960473 -0.31003937,3.5839375 10.940676 -0.31003937,
  3.5885827 10.917323 -0.31003937,3.5839375 10.89397 -0.31003937,
  3.5707093 10.874173 -0.31003937,3.5509118 10.860944 -0.31003937,
  3.5275591 10.856299 -0.31003937,3.5042063 10.860944 -0.31003937,
  3.4844088 10.874173 -0.31003937,3.4711806 10.89397 -0.31003937,
  3.4665354 10.602362 -0.31003937,3.4711806 10.625715 -0.31003937,
  3.4844088 10.645512 -0.31003937,3.5042063 10.658741 -0.31003937,
  3.5275591 10.663386 -0.31003937,3.5509118 10.658741 -0.31003937,
  3.5707093 10.645512 -0.31003937,3.5839375 10.625715 -0.31003937,
  3.5885827 10.602362 -0.31003937,3.5839375 10.579009 -0.31003937,
  3.5707093 10.559212 -0.31003937,3.5509118 10.545984 -0.31003937,
  3.5275591 10.541339 -0.31003937,3.5042063 10.545984 -0.31003937,
  3.4844088 10.559212 -0.31003937,3.4711806 10.579009 -0.31003937,
  3.4665354 10.287402 -0.31003937,3.4711806 10.310754 -0.31003937,
  3.4844088 10.330552 -0.31003937,3.5042063 10.34378 -0.31003937,
  3.5275591 10.348425 -0.31003937,3.5509118 10.34378 -0.31003937,
  3.5707093 10.330552 -0.31003937,3.5839375 10.310754 -0.31003937,
  3.5885827 10.287402 -0.31003937,3.5839375 10.264049 -0.31003937,
  3.5707093 10.244251 -0.31003937,3.5509118 10.231023 -0.31003937,
  3.5275591 10.226378 -0.31003937,3.5042063 10.231023 -0.31003937,
  3.4844088 10.244251 -0.31003937,3.4711806 10.264049 -0.31003937,
  1.128937 5.015748 -0.31003937,1.1242919 4.9923953 -0.31003937,
  1.1110636 4.9725978 -0.31003937,1.0912661 4.9593696 -0.31003937,
  1.0679134 4.9547244 -0.31003937,1.0445607 4.9593696 -0.31003937,
  1.0247632 4.9725978 -0.31003937,1.0115349 4.9923953 -0.31003937,
  1.0068898 5.015748 -0.31003937,1.0115349 5.0391008 -0.31003937,
  1.0247632 5.0588982 -0.31003937,1.0445607 5.0721265 -0.31003937,
  1.0679134 5.0767717 -0.31003937,1.0912661 5.0721265 -0.31003937,
  1.1110636 5.0588982 -0.31003937,1.1242919 5.0391008 -0.31003937,
  1.128937 4.6220472 -0.31003937,1.1242919 4.5986945 -0.31003937,
  1.1110636 4.578897 -0.31003937,1.0912661 4.5656688 -0.31003937,
  1.0679134 4.5610236 -0.31003937,1.0445607 4.5656688 -0.31003937,
  1.0247632 4.578897 -0.31003937,1.0115349 4.5986945 -0.31003937,
  1.0068898 4.6220472 -0.31003937,1.0115349 4.6454 -0.31003937,
  1.0247632 4.6651975 -0.31003937,1.0445607 4.6784257 -0.31003937,
  1.0679134 4.6830709 -0.31003937,1.0912661 4.6784257 -0.31003937,
  1.1110636 4.6651975 -0.31003937,1.1242919 4.6454 -0.31003937,
  4.0177165 8.5551181 -0.31003937,4.0283554 8.6086034 -0.31003937,
  4.0586524 8.653946 -0.31003937,4.103995 8.684243 -0.31003937,
  4.1574803 8.6948819 -0.31003937,4.2109656 8.684243 -0.31003937,
  4.2563082 8.653946 -0.31003937,4.2866052 8.6086034 -0.31003937,
  4.2972441 8.5551181 -0.31003937,4.2866052 8.5016328 -0.31003937,
  4.2563082 8.4562902 -0.31003937,4.2109656 8.4259932 -0.31003937,
  4.1574803 8.4153543 -0.31003937,4.103995 8.4259932 -0.31003937,
  4.0586524 8.4562902 -0.31003937,4.0283554 8.5016328 -0.31003937,
  12.933071 0.59055118 -0.31003937,12.936632 0.61074922 -0.31003937,
  12.946887 0.62851108 -0.31003937,12.962598 0.64169441 -0.31003937,
  12.981871 0.64870912 -0.31003937,13.002381 0.64870912 -0.31003937,
  13.021654 0.64169441 -0.31003937,13.037365 0.62851108 -0.31003937,
  13.04762 0.61074922 -0.31003937,13.051181 0.59055118 -0.31003937,
  13.04762 0.57035314 -0.31003937,13.037365 0.55259128 -0.31003937,
  13.021654 0.53940795 -0.31003937,13.002381 0.53239324 -0.31003937,
  12.981871 0.53239324 -0.31003937,12.962598 0.53940795 -0.31003937,
  12.946887 0.55259128 -0.31003937,12.936632 0.57035314 -0.31003937,
  0.53149606 0.59055118 -0.31003937,0.53505752 0.61074922 -0.31003937,
  0.54531234 0.62851108 -0.31003937,0.56102362 0.64169441 -0.31003937,
  0.58029637 0.64870912 -0.31003937,0.60080599 0.64870912 -0.31003937,
  0.62007874 0.64169441 -0.31003937,0.63579003 0.62851108 -0.31003937,
  0.64604484 0.61074922 -0.31003937,0.6496063 0.59055118 -0.31003937,
  0.64604484 0.57035314 -0.31003937,0.63579003 0.55259128 -0.31003937,
  0.62007874 0.53940795 -0.31003937,0.60080599 0.53239324 -0.31003937,
  0.58029637 0.53239324 -0.31003937,0.56102362 0.53940795 -0.31003937,
  0.54531234 0.55259128 -0.31003937,0.53505752 0.57035314 -0.31003937] }
 coordIndex [
  406,407,96,-1,96,407,343,-1,96,343,359,-1,359,343,344,-1,359,344,374,-1,374,344,345,-1,374,345,373,-1,373,345,346,-1,
  373,346,372,-1,372,346,347,-1,372,347,371,-1,371,347,348,-1,371,348,370,-1,370,348,349,-1,370,349,369,-1,369,349,350,-1,
  369,350,368,-1,368,350,351,-1,368,351,367,-1,367,351,418,-1,367,418,366,-1,366,418,365,-1,357,358,232,-1,232,358,343,-1,
  232,343,231,-1,231,343,327,-1,231,327,311,-1,311,327,328,-1,311,328,326,-1,326,328,329,-1,326,329,325,-1,325,329,330,-1,
  325,330,324,-1,324,330,331,-1,324,331,323,-1,323,331,332,-1,323,332,322,-1,322,332,333,-1,322,333,321,-1,321,333,334,-1,
  321,334,320,-1,320,334,335,-1,320,335,319,-1,319,335,390,-1,319,390,375,-1,231,311,295,-1,295,311,312,-1,295,312,310,-1,
  310,312,313,-1,310,313,309,-1,309,313,314,-1,309,314,308,-1,308,314,315,-1,308,315,307,-1,307,315,316,-1,307,316,306,-1,
  306,316,317,-1,306,317,305,-1,305,317,318,-1,305,318,304,-1,304,318,319,-1,304,319,303,-1,303,319,375,-1,303,375,287,-1,
  287,375,271,-1,287,271,272,-1,231,295,279,-1,279,295,296,-1,279,296,294,-1,294,296,297,-1,294,297,293,-1,293,297,298,-1,
  293,298,292,-1,292,298,299,-1,292,299,291,-1,291,299,300,-1,291,300,290,-1,290,300,301,-1,290,301,289,-1,289,301,302,-1,
  289,302,288,-1,288,302,303,-1,288,303,287,-1,231,279,263,-1,263,279,280,-1,263,280,278,-1,278,280,281,-1,278,281,277,-1,
  277,281,282,-1,277,282,276,-1,276,282,283,-1,276,283,275,-1,275,283,284,-1,275,284,274,-1,274,284,285,-1,274,285,273,-1,
  273,285,286,-1,273,286,272,-1,272,286,287,-1,231,263,247,-1,247,263,264,-1,247,264,262,-1,262,264,265,-1,262,265,261,-1,
  261,265,266,-1,261,266,260,-1,260,266,267,-1,260,267,259,-1,259,267,268,-1,259,268,258,-1,258,268,269,-1,258,269,257,-1,
  257,269,270,-1,257,270,256,-1,256,270,271,-1,256,271,255,-1,255,271,375,-1,255,375,239,-1,239,375,215,-1,239,215,216,-1,
  231,248,246,-1,246,248,249,-1,246,249,245,-1,245,249,250,-1,245,250,244,-1,244,250,251,-1,244,251,243,-1,243,251,252,-1,
  243,252,242,-1,242,252,253,-1,242,253,241,-1,241,253,254,-1,241,254,240,-1,240,254,255,-1,240,255,239,-1,0,64,24,-1,
  24,64,80,-1,24,80,48,-1,48,80,81,-1,48,81,63,-1,63,81,82,-1,63,82,62,-1,62,82,83,-1,62,83,61,-1,
  61,83,84,-1,61,84,60,-1,60,84,85,-1,60,85,59,-1,59,85,86,-1,59,86,58,-1,58,86,87,-1,58,87,57,-1,
  57,87,88,-1,57,88,56,-1,56,88,407,-1,56,407,32,-1,32,407,16,-1,32,16,17,-1,24,48,40,-1,40,48,49,-1,
  40,49,39,-1,39,49,50,-1,39,50,38,-1,38,50,51,-1,38,51,37,-1,37,51,52,-1,37,52,36,-1,36,52,53,-1,
  36,53,35,-1,35,53,54,-1,35,54,34,-1,34,54,55,-1,34,55,33,-1,33,55,56,-1,33,56,32,-1,32,17,47,-1,
  47,17,18,-1,47,18,46,-1,46,18,19,-1,46,19,45,-1,45,19,20,-1,45,20,44,-1,44,20,21,-1,44,21,43,-1,
  43,21,22,-1,43,22,42,-1,42,22,23,-1,42,23,41,-1,41,23,24,-1,41,24,40,-1,184,214,183,-1,183,214,199,-1,
  183,199,175,-1,175,199,200,-1,175,200,174,-1,174,200,201,-1,174,201,173,-1,173,201,202,-1,173,202,172,-1,172,202,203,-1,
  172,203,171,-1,171,203,204,-1,171,204,170,-1,170,204,205,-1,170,205,169,-1,169,205,206,-1,169,206,168,-1,168,206,207,-1,
  168,207,167,-1,167,207,407,-1,167,407,408,-1,121,97,120,-1,120,97,167,-1,120,167,119,-1,119,167,151,-1,119,151,135,-1,
  135,151,152,-1,135,152,150,-1,150,152,153,-1,150,153,149,-1,149,153,154,-1,149,154,148,-1,148,154,155,-1,148,155,147,-1,
  147,155,156,-1,147,156,146,-1,146,156,157,-1,146,157,145,-1,145,157,158,-1,145,158,144,-1,144,158,159,-1,144,159,143,-1,
  143,159,391,-1,143,391,127,-1,127,391,110,-1,127,110,97,-1,97,110,111,-1,97,111,112,-1,119,136,134,-1,134,136,137,-1,
  134,137,133,-1,133,137,138,-1,133,138,132,-1,132,138,139,-1,132,139,131,-1,131,139,140,-1,131,140,130,-1,130,140,141,-1,
  130,141,129,-1,129,141,142,-1,129,142,128,-1,128,142,143,-1,128,143,127,-1,117,118,97,-1,97,118,100,-1,97,100,96,-1,
  96,101,400,-1,400,101,102,-1,400,102,399,-1,399,102,103,-1,399,103,398,-1,398,103,104,-1,398,104,397,-1,397,104,105,-1,
  397,105,396,-1,396,105,106,-1,396,106,395,-1,395,106,107,-1,395,107,394,-1,394,107,108,-1,394,108,393,-1,393,108,109,-1,
  393,109,392,-1,392,109,110,-1,392,110,391,-1,97,112,113,-1,97,113,114,-1,97,114,115,-1,97,115,116,-1,97,116,117,-1,
  97,121,122,-1,97,122,123,-1,97,123,124,-1,97,124,125,-1,97,125,126,-1,97,126,127,-1,97,98,235,-1,97,235,236,-1,
  97,236,237,-1,97,237,238,-1,97,238,219,-1,97,219,220,-1,97,220,221,-1,97,221,222,-1,97,222,223,-1,97,223,3,-1,
  97,3,4,-1,97,4,5,-1,97,5,6,-1,97,6,7,-1,97,7,8,-1,97,8,193,-1,97,193,194,-1,97,194,195,-1,
  97,195,196,-1,97,196,197,-1,97,197,198,-1,97,198,183,-1,97,183,177,-1,97,177,178,-1,97,178,179,-1,97,179,180,-1,
  97,180,181,-1,97,181,182,-1,97,182,167,-1,176,177,183,-1,176,183,175,-1,191,192,8,-1,191,8,9,-1,191,9,10,-1,
  191,10,11,-1,191,11,12,-1,191,12,190,-1,0,24,25,-1,0,25,26,-1,0,26,27,-1,0,27,28,-1,0,28,29,-1,
  0,29,30,-1,0,30,31,-1,0,31,16,-1,0,16,15,-1,1,2,383,-1,1,383,73,-1,1,73,74,-1,1,74,75,-1,
  1,75,76,-1,1,76,77,-1,1,77,78,-1,1,78,79,-1,1,79,64,-1,1,64,0,-1,383,384,94,-1,383,94,70,-1,
  383,70,71,-1,383,71,72,-1,383,72,73,-1,2,3,223,-1,2,223,377,-1,2,377,378,-1,2,378,379,-1,2,379,380,-1,
  2,380,381,-1,2,381,382,-1,2,382,383,-1,375,376,223,-1,375,223,224,-1,375,224,225,-1,375,225,226,-1,375,226,227,-1,
  375,227,228,-1,375,228,229,-1,375,229,230,-1,375,230,215,-1,219,238,218,-1,218,238,239,-1,218,239,217,-1,217,239,216,-1,
  232,233,98,-1,232,98,352,-1,232,352,353,-1,232,353,354,-1,232,354,355,-1,232,355,356,-1,232,356,357,-1,351,352,98,-1,
  351,98,409,-1,351,409,410,-1,351,410,411,-1,351,411,412,-1,351,412,413,-1,351,413,414,-1,351,414,415,-1,351,415,416,-1,
  351,416,417,-1,351,417,418,-1,234,235,98,-1,234,98,233,-1,96,400,401,-1,96,401,402,-1,96,402,403,-1,96,403,404,-1,
  96,404,405,-1,96,405,406,-1,391,159,160,-1,391,160,161,-1,391,161,162,-1,391,162,163,-1,391,163,164,-1,391,164,165,-1,
  391,165,166,-1,391,166,151,-1,391,151,167,-1,391,167,408,-1,407,207,208,-1,407,208,209,-1,407,209,210,-1,407,210,211,-1,
  407,211,212,-1,407,212,213,-1,407,213,16,-1,214,184,185,-1,214,185,186,-1,214,186,187,-1,214,187,188,-1,214,188,189,-1,
  214,189,190,-1,214,190,16,-1,214,16,213,-1,190,12,13,-1,190,13,14,-1,190,14,15,-1,190,15,16,-1,407,88,89,-1,
  407,89,90,-1,407,90,91,-1,407,91,92,-1,407,92,93,-1,407,93,94,-1,407,94,343,-1,64,65,94,-1,64,94,95,-1,
  64,95,80,-1,94,65,66,-1,94,66,67,-1,94,67,68,-1,94,68,69,-1,94,69,70,-1,94,384,385,-1,94,385,386,-1,
  94,386,387,-1,94,387,388,-1,94,388,389,-1,94,389,343,-1,390,335,336,-1,390,336,337,-1,390,337,338,-1,390,338,339,-1,
  390,339,340,-1,390,340,341,-1,390,341,342,-1,390,342,343,-1,390,343,389,-1,96,359,360,-1,96,360,361,-1,96,361,362,-1,
  96,362,363,-1,96,363,364,-1,96,364,418,-1,96,418,419,-1,96,419,420,-1,96,420,421,-1,96,421,422,-1,96,422,423,-1,
  96,423,99,-1,99,423,424,-1,99,424,425,-1,99,425,426,-1,99,426,409,-1,99,409,98,-1,418,364,365,-1,343,342,327,-1,
  377,223,376,-1,193,8,192,-1,136,119,135,-1,248,231,247,-1,834,833,523,-1,834,523,770,-1,770,523,786,-1,770,786,771,-1,
  771,786,801,-1,771,801,772,-1,772,801,800,-1,772,800,773,-1,773,800,799,-1,773,799,774,-1,774,799,798,-1,774,798,775,-1,
  775,798,797,-1,775,797,776,-1,776,797,796,-1,776,796,777,-1,777,796,795,-1,777,795,778,-1,778,795,794,-1,778,794,845,-1,
  845,794,793,-1,845,793,792,-1,785,784,659,-1,785,659,770,-1,770,659,658,-1,770,658,754,-1,754,658,738,-1,754,738,755,-1,
  755,738,753,-1,755,753,756,-1,756,753,752,-1,756,752,757,-1,757,752,751,-1,757,751,758,-1,758,751,750,-1,758,750,759,-1,
  759,750,749,-1,759,749,760,-1,760,749,748,-1,760,748,761,-1,761,748,747,-1,761,747,762,-1,762,747,746,-1,762,746,817,-1,
  817,746,802,-1,738,658,722,-1,738,722,739,-1,739,722,737,-1,739,737,740,-1,740,737,736,-1,740,736,741,-1,741,736,735,-1,
  741,735,742,-1,742,735,734,-1,742,734,743,-1,743,734,733,-1,743,733,744,-1,744,733,732,-1,744,732,745,-1,745,732,731,-1,
  745,731,746,-1,746,731,730,-1,746,730,802,-1,802,730,714,-1,802,714,698,-1,698,714,699,-1,722,658,706,-1,722,706,723,-1,
  723,706,721,-1,723,721,724,-1,724,721,720,-1,724,720,725,-1,725,720,719,-1,725,719,726,-1,726,719,718,-1,726,718,727,-1,
  727,718,717,-1,727,717,728,-1,728,717,716,-1,728,716,729,-1,729,716,715,-1,729,715,730,-1,730,715,714,-1,706,658,690,-1,
  706,690,707,-1,707,690,705,-1,707,705,708,-1,708,705,704,-1,708,704,709,-1,709,704,703,-1,709,703,710,-1,710,703,702,-1,
  710,702,711,-1,711,702,701,-1,711,701,712,-1,712,701,700,-1,712,700,713,-1,713,700,699,-1,713,699,714,-1,690,658,674,-1,
  690,674,691,-1,691,674,689,-1,691,689,692,-1,692,689,688,-1,692,688,693,-1,693,688,687,-1,693,687,694,-1,694,687,686,-1,
  694,686,695,-1,695,686,685,-1,695,685,696,-1,696,685,684,-1,696,684,697,-1,697,684,683,-1,697,683,698,-1,698,683,682,-1,
  698,682,802,-1,802,682,666,-1,802,666,642,-1,642,666,643,-1,675,658,673,-1,675,673,676,-1,676,673,672,-1,676,672,677,-1,
  677,672,671,-1,677,671,678,-1,678,671,670,-1,678,670,679,-1,679,670,669,-1,679,669,680,-1,680,669,668,-1,680,668,681,-1,
  681,668,667,-1,681,667,682,-1,682,667,666,-1,491,427,451,-1,491,451,507,-1,507,451,475,-1,507,475,508,-1,508,475,490,-1,
  508,490,509,-1,509,490,489,-1,509,489,510,-1,510,489,488,-1,510,488,511,-1,511,488,487,-1,511,487,512,-1,512,487,486,-1,
  512,486,513,-1,513,486,485,-1,513,485,514,-1,514,485,484,-1,514,484,515,-1,515,484,483,-1,515,483,834,-1,834,483,459,-1,
  834,459,443,-1,443,459,444,-1,475,451,467,-1,475,467,476,-1,476,467,466,-1,476,466,477,-1,477,466,465,-1,477,465,478,-1,
  478,465,464,-1,478,464,479,-1,479,464,463,-1,479,463,480,-1,480,463,462,-1,480,462,481,-1,481,462,461,-1,481,461,482,-1,
  482,461,460,-1,482,460,483,-1,483,460,459,-1,444,459,474,-1,444,474,445,-1,445,474,473,-1,445,473,446,-1,446,473,472,-1,
  446,472,447,-1,447,472,471,-1,447,471,448,-1,448,471,470,-1,448,470,449,-1,449,470,469,-1,449,469,450,-1,450,469,468,-1,
  450,468,451,-1,451,468,467,-1,641,611,610,-1,641,610,626,-1,626,610,602,-1,626,602,627,-1,627,602,601,-1,627,601,628,-1,
  628,601,600,-1,628,600,629,-1,629,600,599,-1,629,599,630,-1,630,599,598,-1,630,598,631,-1,631,598,597,-1,631,597,632,-1,
  632,597,596,-1,632,596,633,-1,633,596,595,-1,633,595,634,-1,634,595,594,-1,634,594,834,-1,834,594,835,-1,524,548,547,-1,
  524,547,594,-1,594,547,546,-1,594,546,578,-1,578,546,562,-1,578,562,579,-1,579,562,577,-1,579,577,580,-1,580,577,576,-1,
  580,576,581,-1,581,576,575,-1,581,575,582,-1,582,575,574,-1,582,574,583,-1,583,574,573,-1,583,573,584,-1,584,573,572,-1,
  584,572,585,-1,585,572,571,-1,585,571,586,-1,586,571,570,-1,586,570,818,-1,818,570,554,-1,818,554,537,-1,537,554,524,-1,
  537,524,538,-1,538,524,539,-1,563,546,561,-1,563,561,564,-1,564,561,560,-1,564,560,565,-1,565,560,559,-1,565,559,566,-1,
  566,559,558,-1,566,558,567,-1,567,558,557,-1,567,557,568,-1,568,557,556,-1,568,556,569,-1,569,556,555,-1,569,555,570,-1,
  570,555,554,-1,545,544,524,-1,545,524,527,-1,527,524,523,-1,528,523,827,-1,528,827,529,-1,529,827,826,-1,529,826,530,-1,
  530,826,825,-1,530,825,531,-1,531,825,824,-1,531,824,532,-1,532,824,823,-1,532,823,533,-1,533,823,822,-1,533,822,534,-1,
  534,822,821,-1,534,821,535,-1,535,821,820,-1,535,820,536,-1,536,820,819,-1,536,819,537,-1,537,819,818,-1,539,524,540,-1,
  540,524,541,-1,541,524,542,-1,542,524,543,-1,543,524,544,-1,548,524,549,-1,549,524,550,-1,550,524,551,-1,551,524,552,-1,
  552,524,553,-1,553,524,554,-1,525,524,662,-1,662,524,663,-1,663,524,664,-1,664,524,665,-1,665,524,646,-1,646,524,647,-1,
  647,524,648,-1,648,524,649,-1,649,524,650,-1,650,524,430,-1,430,524,431,-1,431,524,432,-1,432,524,433,-1,433,524,434,-1,
  434,524,435,-1,435,524,620,-1,620,524,621,-1,621,524,622,-1,622,524,623,-1,623,524,624,-1,624,524,625,-1,625,524,610,-1,
  610,524,604,-1,604,524,605,-1,605,524,606,-1,606,524,607,-1,607,524,608,-1,608,524,609,-1,609,524,594,-1,604,603,610,-1,
  610,603,602,-1,619,618,435,-1,435,618,436,-1,436,618,437,-1,437,618,438,-1,438,618,439,-1,439,618,617,-1,451,427,452,-1,
  452,427,453,-1,453,427,454,-1,454,427,455,-1,455,427,456,-1,456,427,457,-1,457,427,458,-1,458,427,443,-1,443,427,442,-1,
  429,428,810,-1,810,428,500,-1,500,428,501,-1,501,428,502,-1,502,428,503,-1,503,428,504,-1,504,428,505,-1,505,428,506,-1,
  506,428,491,-1,491,428,427,-1,811,810,521,-1,521,810,497,-1,497,810,498,-1,498,810,499,-1,499,810,500,-1,430,429,650,-1,
  650,429,804,-1,804,429,805,-1,805,429,806,-1,806,429,807,-1,807,429,808,-1,808,429,809,-1,809,429,810,-1,803,802,650,-1,
  650,802,651,-1,651,802,652,-1,652,802,653,-1,653,802,654,-1,654,802,655,-1,655,802,656,-1,656,802,657,-1,657,802,642,-1,
  665,646,645,-1,665,645,666,-1,666,645,644,-1,666,644,643,-1,660,659,525,-1,525,659,779,-1,779,659,780,-1,780,659,781,-1,
  781,659,782,-1,782,659,783,-1,783,659,784,-1,779,778,525,-1,525,778,836,-1,836,778,837,-1,837,778,838,-1,838,778,839,-1,
  839,778,840,-1,840,778,841,-1,841,778,842,-1,842,778,843,-1,843,778,844,-1,844,778,845,-1,662,661,525,-1,525,661,660,-1,
  827,523,828,-1,828,523,829,-1,829,523,830,-1,830,523,831,-1,831,523,832,-1,832,523,833,-1,586,818,587,-1,587,818,588,-1,
  588,818,589,-1,589,818,590,-1,590,818,591,-1,591,818,592,-1,592,818,593,-1,593,818,578,-1,578,818,594,-1,594,818,835,-1,
  634,834,635,-1,635,834,636,-1,636,834,637,-1,637,834,638,-1,638,834,639,-1,639,834,640,-1,640,834,443,-1,611,641,612,-1,
  612,641,613,-1,613,641,614,-1,614,641,615,-1,615,641,616,-1,616,641,617,-1,617,641,443,-1,443,641,640,-1,439,617,440,-1,
  440,617,441,-1,441,617,442,-1,442,617,443,-1,515,834,516,-1,516,834,517,-1,517,834,518,-1,518,834,519,-1,519,834,520,-1,
  520,834,521,-1,521,834,770,-1,492,491,521,-1,521,491,522,-1,522,491,507,-1,492,521,493,-1,493,521,494,-1,494,521,495,-1,
  495,521,496,-1,496,521,497,-1,811,521,812,-1,812,521,813,-1,813,521,814,-1,814,521,815,-1,815,521,816,-1,816,521,770,-1,
  762,817,763,-1,763,817,764,-1,764,817,765,-1,765,817,766,-1,766,817,767,-1,767,817,768,-1,768,817,769,-1,769,817,770,-1,
  770,817,816,-1,786,523,787,-1,787,523,788,-1,788,523,789,-1,789,523,790,-1,790,523,791,-1,791,523,845,-1,845,523,846,-1,
  846,523,847,-1,847,523,848,-1,848,523,849,-1,849,523,850,-1,850,523,526,-1,850,526,851,-1,851,526,852,-1,852,526,853,-1,
  853,526,836,-1,836,526,525,-1,791,845,792,-1,769,770,754,-1,650,804,803,-1,435,620,619,-1,546,563,562,-1,658,675,674,-1]
  normalPerVertex TRUE
  normal DEF NORM_1 Normal { vector [
  0 0 1,0 0 1,
  0 0 1,0 0 1,
  0 0 1,0 0 1,
  0 0 1,0 0 1,
  0 0 1,0 0 1,
  0 0 1,0 0 1,
  0 0 1,0 0 1,
  0 0 1,0 0 1,
  0 0 1,0 0 1,
  0 0 1,0 0 1,
  0 0 1,0 0 1,
  0 0 1,0 0 1,
  0 0 1,0 0 1,
  0 0 1,0 0 1,
  0 0 1,0 0 1,
  0 0 1,0 0 1,
  0 0 1,0 0 1,
  0 0 1,0 0 1,
  0 0 1,0 0 1,
  0 0 1,0 0 1,
  0 0 1,0 0 1,
  0 0 1,0 0 1,
  0 0 1,0 0 1,
  0 0 1,0 0 1,
  0 0 1,0 0 1,
  0 0 1,0 0 1,
  0 0 1,0 0 1,
  0 0 1,0 0 1,
  0 0 1,0 0 1,
  0 0 1,0 0 1,
  0 0 1,0 0 1,
  0 0 1,0 0 1,
  0 0 1,0 0 1,
  0 0 1,0 0 1,
  0 0 1,0 0 1,
  0 0 1,0 0 1,
  0 0 1,0 0 1,
  0 0 1,0 0 1,
  0 0 1,0 0 1,
  0 0 1,0 0 1,
  0 0 1,0 0 1,
  0 0 1,0 0 1,
  0 0 1,0 0 1,
  0 0 1,0 0 1,
  0 0 1,0 0 1,
  0 0 1,0 0 1,
  0 0 1,0 0 1,
  0 0 1,0 0 1,
  0 0 1,0 0 1,
  0 0 1,0 0 1,
  0 0 1,0 0 1,
  0 0 1,0 0 1,
  0 0 1,0 0 1,
  0 0 1,0 0 1,
  0 0 1,0 0 1,
  0 0 1,0 0 1,
  0 0 1,0 0 1,
  0 0 1,0 0 1,
  0 0 1,0 0 1,
  0 0 1,0 0 1,
  0 0 1,0 0 1,
  0 0 1,0 0 1,
  0 0 1,0 0 1,
  0 0 1,0 0 1,
  0 0 1,0 0 1,
  0 0 1,0 0 1,
  0 0 1,0 0 1,
  0 0 1,0 0 1,
  0 0 1,0 0 1,
  0 0 1,0 0 1,
  0 0 1,0 0 1,
  0 0 1,0 0 1,
  0 0 1,0 0 1,
  0 0 1,0 0 1,
  0 0 1,0 0 1,
  0 0 1,0 0 1,
  0 0 1,0 0 1,
  0 0 1,0 0 1,
  0 0 1,0 0 1,
  0 0 1,0 0 1,
  0 0 1,0 0 1,
  0 0 1,0 0 1,
  0 0 1,0 0 1,
  0 0 1,0 0 1,
  0 0 1,0 0 1,
  0 0 1,0 0 1,
  0 0 1,0 0 1,
  0 0 1,0 0 1,
  0 0 1,0 0 1,
  0 0 1,0 0 1,
  0 0 1,0 0 1,
  0 0 1,0 0 1,
  0 0 1,0 0 1,
  0 0 1,0 0 1,
  0 0 1,0 0 1,
  0 0 1,0 0 1,
  0 0 1,0 0 1,
  0 0 1,0 0 1,
  0 0 1,0 0 1,
  0 0 1,0 0 1,
  0 0 1,0 0 1,
  0 0 1,0 0 1,
  0 0 1,0 0 1,
  0 0 1,0 0 1,
  0 0 1,0 0 1,
  0 0 1,0 0 1,
  0 0 1,0 0 1,
  0 0 1,0 0 1,
  0 0 1,0 0 1,
  0 0 1,0 0 1,
  0 0 1,0 0 1,
  0 0 1,0 0 1,
  0 0 1,0 0 1,
  0 0 1,0 0 1,
  0 0 1,0 0 1,
  0 0 1,0 0 1,
  0 0 1,0 0 1,
  0 0 1,0 0 1,
  0 0 1,0 0 1,
  0 0 1,0 0 1,
  0 0 1,0 0 1,
  0 0 1,0 0 1,
  0 0 1,0 0 1,
  0 0 1,0 0 1,
  0 0 1,0 0 1,
  0 0 1,0 0 1,
  0 0 1,0 0 1,
  0 0 1,0 0 1,
  0 0 1,0 0 1,
  0 0 1,0 0 1,
  0 0 1,0 0 1,
  0 0 1,0 0 1,
  0 0 1,0 0 1,
  0 0 1,0 0 1,
  0 0 1,0 0 1,
  0 0 1,0 0 1,
  0 0 1,0 0 1,
  0 0 1,0 0 1,
  0 0 1,0 0 1,
  0 0 1,0 0 1,
  0 0 1,0 0 1,
  0 0 1,0 0 1,
  0 0 1,0 0 1,
  0 0 1,0 0 1,
  0 0 1,0 0 1,
  0 0 1,0 0 1,
  0 0 1,0 0 1,
  0 0 1,0 0 1,
  0 0 1,0 0 1,
  0 0 1,0 0 1,
  0 0 1,0 0 1,
  0 0 1,0 0 1,
  0 0 1,0 0 1,
  0 0 1,0 0 1,
  0 0 1,0 0 1,
  0 0 1,0 0 1,
  0 0 1,0 0 1,
  0 0 1,0 0 1,
  0 0 1,0 0 1,
  0 0 1,0 0 1,
  0 0 1,0 0 1,
  0 0 1,0 0 1,
  0 0 1,0 0 1,
  0 0 1,0 0 1,
  0 0 1,0 0 1,
  0 0 1,0 0 1,
  0 0 1,0 0 1,
  0 0 1,0 0 1,
  0 0 1,0 0 1,
  0 0 1,0 0 1,
  0 0 1,0 0 1,
  0 0 1,0 0 1,
  0 0 1,0 0 1,
  0 0 1,0 0 1,
  0 0 1,0 0 1,
  0 0 1,0 0 1,
  0 0 1,0 0 1,
  0 0 1,0 0 1,
  0 0 1,0 0 1,
  0 0 1,0 0 1,
  0 0 1,0 0 1,
  0 0 1,0 0 1,
  0 0 1,0 0 1,
  0 0 1,0 0 1,
  0 0 1,0 0 1,
  0 0 1,0 0 1,
  0 0 1,0 0 1,
  0 0 1,0 0 1,
  0 0 1,0 0 1,
  0 0 1,0 0 1,
  0 0 1,0 0 1,
  0 0 1,0 0 1,
  0 0 1,0 0 1,
  0 0 1,0 0 1,
  0 0 1,0 0 1,
  0 0 1,0 0 1,
  0 0 1,0 0 1,
  0 0 1,0 0 1,
  0 0 1,0 0 1,
  0 0 1,0 0 1,
  0 0 1,0 0 1,
  0 0 1,0 0 1,
  0 0 1,0 0 1,
  0 0 1,0 0 1,
  0 0 1,0 0 1,
  0 0 1,0 0 1,
  0 0 1,0 0 1,
  0 0 1,0 0 1,
  0 0 1,0 0 1,
  0 0 1,0 0 1,
  0 0 1,0 0 1,
  0 0 1,0 0 1,
  0 0 1,0 0 1,
  0 0 1,0 0 -1,
  0 0 -1,0 0 -1,
  0 0 -1,0 0 -1,
  0 0 -1,0 0 -1,
  0 0 -1,0 0 -1,
  0 0 -1,0 0 -1,
  0 0 -1,0 0 -1,
  0 0 -1,0 0 -1,
  0 0 -1,0 0 -1,
  0 0 -1,0 0 -1,
  0 0 -1,0 0 -1,
  0 0 -1,0 0 -1,
  0 0 -1,0 0 -1,
  0 0 -1,0 0 -1,
  0 0 -1,0 0 -1,
  0 0 -1,0 0 -1,
  0 0 -1,0 0 -1,
  0 0 -1,0 0 -1,
  0 0 -1,0 0 -1,
  0 0 -1,0 0 -1,
  0 0 -1,0 0 -1,
  0 0 -1,0 0 -1,
  0 0 -1,0 0 -1,
  0 0 -1,0 0 -1,
  0 0 -1,0 0 -1,
  0 0 -1,0 0 -1,
  0 0 -1,0 0 -1,
  0 0 -1,0 0 -1,
  0 0 -1,0 0 -1,
  0 0 -1,0 0 -1,
  0 0 -1,0 0 -1,
  0 0 -1,0 0 -1,
  0 0 -1,0 0 -1,
  0 0 -1,0 0 -1,
  0 0 -1,0 0 -1,
  0 0 -1,0 0 -1,
  0 0 -1,0 0 -1,
  0 0 -1,0 0 -1,
  0 0 -1,0 0 -1,
  0 0 -1,0 0 -1,
  0 0 -1,0 0 -1,
  0 0 -1,0 0 -1,
  0 0 -1,0 0 -1,
  0 0 -1,0 0 -1,
  0 0 -1,0 0 -1,
  0 0 -1,0 0 -1,
  0 0 -1,0 0 -1,
  0 0 -1,0 0 -1,
  0 0 -1,0 0 -1,
  0 0 -1,0 0 -1,
  0 0 -1,0 0 -1,
  0 0 -1,0 0 -1,
  0 0 -1,0 0 -1,
  0 0 -1,0 0 -1,
  0 0 -1,0 0 -1,
  0 0 -1,0 0 -1,
  0 0 -1,0 0 -1,
  0 0 -1,0 0 -1,
  0 0 -1,0 0 -1,
  0 0 -1,0 0 -1,
  0 0 -1,0 0 -1,
  0 0 -1,0 0 -1,
  0 0 -1,0 0 -1,
  0 0 -1,0 0 -1,
  0 0 -1,0 0 -1,
  0 0 -1,0 0 -1,
  0 0 -1,0 0 -1,
  0 0 -1,0 0 -1,
  0 0 -1,0 0 -1,
  0 0 -1,0 0 -1,
  0 0 -1,0 0 -1,
  0 0 -1,0 0 -1,
  0 0 -1,0 0 -1,
  0 0 -1,0 0 -1,
  0 0 -1,0 0 -1,
  0 0 -1,0 0 -1,
  0 0 -1,0 0 -1,
  0 0 -1,0 0 -1,
  0 0 -1,0 0 -1,
  0 0 -1,0 0 -1,
  0 0 -1,0 0 -1,
  0 0 -1,0 0 -1,
  0 0 -1,0 0 -1,
  0 0 -1,0 0 -1,
  0 0 -1,0 0 -1,
  0 0 -1,0 0 -1,
  0 0 -1,0 0 -1,
  0 0 -1,0 0 -1,
  0 0 -1,0 0 -1,
  0 0 -1,0 0 -1,
  0 0 -1,0 0 -1,
  0 0 -1,0 0 -1,
  0 0 -1,0 0 -1,
  0 0 -1,0 0 -1,
  0 0 -1,0 0 -1,
  0 0 -1,0 0 -1,
  0 0 -1,0 0 -1,
  0 0 -1,0 0 -1,
  0 0 -1,0 0 -1,
  0 0 -1,0 0 -1,
  0 0 -1,0 0 -1,
  0 0 -1,0 0 -1,
  0 0 -1,0 0 -1,
  0 0 -1,0 0 -1,
  0 0 -1,0 0 -1,
  0 0 -1,0 0 -1,
  0 0 -1,0 0 -1,
  0 0 -1,0 0 -1,
  0 0 -1,0 0 -1,
  0 0 -1,0 0 -1,
  0 0 -1,0 0 -1,
  0 0 -1,0 0 -1,
  0 0 -1,0 0 -1,
  0 0 -1,0 0 -1,
  0 0 -1,0 0 -1,
  0 0 -1,0 0 -1,
  0 0 -1,0 0 -1,
  0 0 -1,0 0 -1,
  0 0 -1,0 0 -1,
  0 0 -1,0 0 -1,
  0 0 -1,0 0 -1,
  0 0 -1,0 0 -1,
  0 0 -1,0 0 -1,
  0 0 -1,0 0 -1,
  0 0 -1,0 0 -1,
  0 0 -1,0 0 -1,
  0 0 -1,0 0 -1,
  0 0 -1,0 0 -1,
  0 0 -1,0 0 -1,
  0 0 -1,0 0 -1,
  0 0 -1,0 0 -1,
  0 0 -1,0 0 -1,
  0 0 -1,0 0 -1,
  0 0 -1,0 0 -1,
  0 0 -1,0 0 -1,
  0 0 -1,0 0 -1,
  0 0 -1,0 0 -1,
  0 0 -1,0 0 -1,
  0 0 -1,0 0 -1,
  0 0 -1,0 0 -1,
  0 0 -1,0 0 -1,
  0 0 -1,0 0 -1,
  0 0 -1,0 0 -1,
  0 0 -1,0 0 -1,
  0 0 -1,0 0 -1,
  0 0 -1,0 0 -1,
  0 0 -1,0 0 -1,
  0 0 -1,0 0 -1,
  0 0 -1,0 0 -1,
  0 0 -1,0 0 -1,
  0 0 -1,0 0 -1,
  0 0 -1,0 0 -1,
  0 0 -1,0 0 -1,
  0 0 -1,0 0 -1,
  0 0 -1,0 0 -1,
  0 0 -1,0 0 -1,
  0 0 -1,0 0 -1,
  0 0 -1,0 0 -1,
  0 0 -1,0 0 -1,
  0 0 -1,0 0 -1,
  0 0 -1,0 0 -1,
  0 0 -1,0 0 -1,
  0 0 -1,0 0 -1,
  0 0 -1,0 0 -1,
  0 0 -1,0 0 -1,
  0 0 -1,0 0 -1,
  0 0 -1,0 0 -1,
  0 0 -1,0 0 -1,
  0 0 -1,0 0 -1,
  0 0 -1,0 0 -1,
  0 0 -1,0 0 -1,
  0 0 -1,0 0 -1,
  0 0 -1,0 0 -1,
  0 0 -1,0 0 -1,
  0 0 -1,0 0 -1,
  0 0 -1,0 0 -1,
  0 0 -1,0 0 -1,
  0 0 -1,0 0 -1,
  0 0 -1,0 0 -1,
  0 0 -1,0 0 -1,
  0 0 -1,0 0 -1,
  0 0 -1,0 0 -1,
  0 0 -1,0 0 -1,
  0 0 -1,0 0 -1,
  0 0 -1,0 0 -1,
  0 0 -1,0 0 -1,
  0 0 -1,0 0 -1,
  0 0 -1,0 0 -1,
  0 0 -1,0 0 -1,
  0 0 -1,0 0 -1,
  0 0 -1,0 0 -1,
  0 0 -1,0 0 -1,
  0 0 -1,0 0 -1,
  0 0 -1,0 0 -1,
  0 0 -1,0 0 -1,
  0 0 -1,0 0 -1,
  0 0 -1,0 0 -1,
  0 0 -1,0 0 -1,
  0 0 -1,0 0 -1,
  0 0 -1,0 0 -1,
  0 0 -1,0 0 -1,
  0 0 -1,0 0 -1,
  0 0 -1,0 0 -1,
  0 0 -1,0 0 -1,
  0 0 -1,0 0 -1,
  0 0 -1,0 0 -1,
  0 0 -1,0 0 -1,
  0 0 -1,0 0 -1,
  0 0 -1,0 0 -1,
  0 0 -1,0 0 -1,
  0 0 -1,0 0 -1,
  0 0 -1,0 0 -1,
  0 0 -1,0 0 -1,
  0 0 -1,0 0 -1] }
}
}
DEF SHAPE_2 Shape {
 appearance USE APP_1
 geometry DEF FACE_2 IndexedFaceSet {
  coord DEF COORD_2 Coordinate { point [
  6.8630011 12.15191 0.31003937,6.8523622 12.098425 0.31003937,
  6.8630011 12.15191 -0.31003937,6.8630011 12.15191 -0.31003937,
  6.8523622 12.098425 0.31003937,6.8523622 12.098425 -0.31003937,
  6.8932981 12.197253 0.31003937,6.8630011 12.15191 0.31003937,
  6.8932981 12.197253 -0.31003937,6.8932981 12.197253 -0.31003937,
  6.8630011 12.15191 0.31003937,6.8630011 12.15191 -0.31003937,
  6.9386407 12.22755 0.31003937,6.8932981 12.197253 0.31003937,
  6.9386407 12.22755 -0.31003937,6.9386407 12.22755 -0.31003937,
  6.8932981 12.197253 0.31003937,6.8932981 12.197253 -0.31003937,
  6.992126 12.238189 0.31003937,6.9386407 12.22755 0.31003937,
  6.992126 12.238189 -0.31003937,6.992126 12.238189 -0.31003937,
  6.9386407 12.22755 0.31003937,6.9386407 12.22755 -0.31003937,
  7.0456113 12.22755 0.31003937,6.992126 12.238189 0.31003937,
  7.0456113 12.22755 -0.31003937,7.0456113 12.22755 -0.31003937,
  6.992126 12.238189 0.31003937,6.992126 12.238189 -0.31003937,
  7.0909539 12.197253 0.31003937,7.0456113 12.22755 0.31003937,
  7.0909539 12.197253 -0.31003937,7.0909539 12.197253 -0.31003937,
  7.0456113 12.22755 0.31003937,7.0456113 12.22755 -0.31003937,
  7.1212509 12.15191 0.31003937,7.0909539 12.197253 0.31003937,
  7.1212509 12.15191 -0.31003937,7.1212509 12.15191 -0.31003937,
  7.0909539 12.197253 0.31003937,7.0909539 12.197253 -0.31003937,
  7.1318898 12.098425 0.31003937,7.1212509 12.15191 0.31003937,
  7.1318898 12.098425 -0.31003937,7.1318898 12.098425 -0.31003937,
  7.1212509 12.15191 0.31003937,7.1212509 12.15191 -0.31003937,
  7.1212509 12.04494 0.31003937,7.1318898 12.098425 0.31003937,
  7.1212509 12.04494 -0.31003937,7.1212509 12.04494 -0.31003937,
  7.1318898 12.098425 0.31003937,7.1318898 12.098425 -0.31003937,
  7.0909539 11.999597 0.31003937,7.1212509 12.04494 0.31003937,
  7.0909539 11.999597 -0.31003937,7.0909539 11.999597 -0.31003937,
  7.1212509 12.04494 0.31003937,7.1212509 12.04494 -0.31003937,
  7.0456113 11.9693 0.31003937,7.0909539 11.999597 0.31003937,
  7.0456113 11.9693 -0.31003937,7.0456113 11.9693 -0.31003937,
  7.0909539 11.999597 0.31003937,7.0909539 11.999597 -0.31003937,
  6.992126 11.958661 0.31003937,7.0456113 11.9693 0.31003937,
  6.992126 11.958661 -0.31003937,6.992126 11.958661 -0.31003937,
  7.0456113 11.9693 0.31003937,7.0456113 11.9693 -0.31003937,
  6.9386407 11.9693 0.31003937,6.992126 11.958661 0.31003937,
  6.9386407 11.9693 -0.31003937,6.9386407 11.9693 -0.31003937,
  6.992126 11.958661 0.31003937,6.992126 11.958661 -0.31003937,
  6.8932981 11.999597 0.31003937,6.9386407 11.9693 0.31003937,
  6.8932981 11.999597 -0.31003937,6.8932981 11.999597 -0.31003937,
  6.9386407 11.9693 0.31003937,6.9386407 11.9693 -0.31003937,
  6.8630011 12.04494 0.31003937,6.8932981 11.999597 0.31003937,
  6.8630011 12.04494 -0.31003937,6.8630011 12.04494 -0.31003937,
  6.8932981 11.999597 0.31003937,6.8932981 11.999597 -0.31003937,
  6.8523622 12.098425 0.31003937,6.8630011 12.04494 0.31003937,
  6.8523622 12.098425 -0.31003937,6.8523622 12.098425 -0.31003937,
  6.8630011 12.04494 0.31003937,6.8630011 12.04494 -0.31003937,
  6.8034257 7.5357024 0.31003937,6.8080709 7.5590551 0.31003937,
  6.8034257 7.5357024 -0.31003937,6.8034257 7.5357024 -0.31003937,
  6.8080709 7.5590551 0.31003937,6.8080709 7.5590551 -0.31003937,
  6.7901975 7.5159049 0.31003937,6.8034257 7.5357024 0.31003937,
  6.7901975 7.5159049 -0.31003937,6.7901975 7.5159049 -0.31003937,
  6.8034257 7.5357024 0.31003937,6.8034257 7.5357024 -0.31003937,
  6.7704 7.5026766 0.31003937,6.7901975 7.5159049 0.31003937,
  6.7704 7.5026766 -0.31003937,6.7704 7.5026766 -0.31003937,
  6.7901975 7.5159049 0.31003937,6.7901975 7.5159049 -0.31003937,
  6.7470472 7.4980315 0.31003937,6.7704 7.5026766 0.31003937,
  6.7470472 7.4980315 -0.31003937,6.7470472 7.4980315 -0.31003937,
  6.7704 7.5026766 0.31003937,6.7704 7.5026766 -0.31003937,
  6.7236945 7.5026766 0.31003937,6.7470472 7.4980315 0.31003937,
  6.7236945 7.5026766 -0.31003937,6.7236945 7.5026766 -0.31003937,
  6.7470472 7.4980315 0.31003937,6.7470472 7.4980315 -0.31003937,
  6.703897 7.5159049 0.31003937,6.7236945 7.5026766 0.31003937,
  6.703897 7.5159049 -0.31003937,6.703897 7.5159049 -0.31003937,
  6.7236945 7.5026766 0.31003937,6.7236945 7.5026766 -0.31003937,
  6.6906688 7.5357024 0.31003937,6.703897 7.5159049 0.31003937,
  6.6906688 7.5357024 -0.31003937,6.6906688 7.5357024 -0.31003937,
  6.703897 7.5159049 0.31003937,6.703897 7.5159049 -0.31003937,
  6.6860236 7.5590551 0.31003937,6.6906688 7.5357024 0.31003937,
  6.6860236 7.5590551 -0.31003937,6.6860236 7.5590551 -0.31003937,
  6.6906688 7.5357024 0.31003937,6.6906688 7.5357024 -0.31003937,
  6.6906688 7.5824078 0.31003937,6.6860236 7.5590551 0.31003937,
  6.6906688 7.5824078 -0.31003937,6.6906688 7.5824078 -0.31003937,
  6.6860236 7.5590551 0.31003937,6.6860236 7.5590551 -0.31003937,
  6.703897 7.6022053 0.31003937,6.6906688 7.5824078 0.31003937,
  6.703897 7.6022053 -0.31003937,6.703897 7.6022053 -0.31003937,
  6.6906688 7.5824078 0.31003937,6.6906688 7.5824078 -0.31003937,
  6.7236945 7.6154336 0.31003937,6.703897 7.6022053 0.31003937,
  6.7236945 7.6154336 -0.31003937,6.7236945 7.6154336 -0.31003937,
  6.703897 7.6022053 0.31003937,6.703897 7.6022053 -0.31003937,
  6.7470472 7.6200787 0.31003937,6.7236945 7.6154336 0.31003937,
  6.7470472 7.6200787 -0.31003937,6.7470472 7.6200787 -0.31003937,
  6.7236945 7.6154336 0.31003937,6.7236945 7.6154336 -0.31003937,
  6.7704 7.6154336 0.31003937,6.7470472 7.6200787 0.31003937,
  6.7704 7.6154336 -0.31003937,6.7704 7.6154336 -0.31003937,
  6.7470472 7.6200787 0.31003937,6.7470472 7.6200787 -0.31003937,
  6.7901975 7.6022053 0.31003937,6.7704 7.6154336 0.31003937,
  6.7901975 7.6022053 -0.31003937,6.7901975 7.6022053 -0.31003937,
  6.7704 7.6154336 0.31003937,6.7704 7.6154336 -0.31003937,
  6.8034257 7.5824078 0.31003937,6.7901975 7.6022053 0.31003937,
  6.8034257 7.5824078 -0.31003937,6.8034257 7.5824078 -0.31003937,
  6.7901975 7.6022053 0.31003937,6.7901975 7.6022053 -0.31003937,
  6.8080709 7.5590551 0.31003937,6.8034257 7.5824078 0.31003937,
  6.8080709 7.5590551 -0.31003937,6.8080709 7.5590551 -0.31003937,
  6.8034257 7.5824078 0.31003937,6.8034257 7.5824078 -0.31003937,
  6.8034257 7.0632614 0.31003937,6.8080709 7.0866142 0.31003937,
  6.8034257 7.0632614 -0.31003937,6.8034257 7.0632614 -0.31003937,
  6.8080709 7.0866142 0.31003937,6.8080709 7.0866142 -0.31003937,
  6.7901975 7.043464 0.31003937,6.8034257 7.0632614 0.31003937,
  6.7901975 7.043464 -0.31003937,6.7901975 7.043464 -0.31003937,
  6.8034257 7.0632614 0.31003937,6.8034257 7.0632614 -0.31003937,
  6.7704 7.0302357 0.31003937,6.7901975 7.043464 0.31003937,
  6.7704 7.0302357 -0.31003937,6.7704 7.0302357 -0.31003937,
  6.7901975 7.043464 0.31003937,6.7901975 7.043464 -0.31003937,
  6.7470472 7.0255906 0.31003937,6.7704 7.0302357 0.31003937,
  6.7470472 7.0255906 -0.31003937,6.7470472 7.0255906 -0.31003937,
  6.7704 7.0302357 0.31003937,6.7704 7.0302357 -0.31003937,
  6.7236945 7.0302357 0.31003937,6.7470472 7.0255906 0.31003937,
  6.7236945 7.0302357 -0.31003937,6.7236945 7.0302357 -0.31003937,
  6.7470472 7.0255906 0.31003937,6.7470472 7.0255906 -0.31003937,
  6.703897 7.043464 0.31003937,6.7236945 7.0302357 0.31003937,
  6.703897 7.043464 -0.31003937,6.703897 7.043464 -0.31003937,
  6.7236945 7.0302357 0.31003937,6.7236945 7.0302357 -0.31003937,
  6.6906688 7.0632614 0.31003937,6.703897 7.043464 0.31003937,
  6.6906688 7.0632614 -0.31003937,6.6906688 7.0632614 -0.31003937,
  6.703897 7.043464 0.31003937,6.703897 7.043464 -0.31003937,
  6.6860236 7.0866142 0.31003937,6.6906688 7.0632614 0.31003937,
  6.6860236 7.0866142 -0.31003937,6.6860236 7.0866142 -0.31003937,
  6.6906688 7.0632614 0.31003937,6.6906688 7.0632614 -0.31003937,
  6.6906688 7.1099669 0.31003937,6.6860236 7.0866142 0.31003937,
  6.6906688 7.1099669 -0.31003937,6.6906688 7.1099669 -0.31003937,
  6.6860236 7.0866142 0.31003937,6.6860236 7.0866142 -0.31003937,
  6.703897 7.1297644 0.31003937,6.6906688 7.1099669 0.31003937,
  6.703897 7.1297644 -0.31003937,6.703897 7.1297644 -0.31003937,
  6.6906688 7.1099669 0.31003937,6.6906688 7.1099669 -0.31003937,
  6.7236945 7.1429926 0.31003937,6.703897 7.1297644 0.31003937,
  6.7236945 7.1429926 -0.31003937,6.7236945 7.1429926 -0.31003937,
  6.703897 7.1297644 0.31003937,6.703897 7.1297644 -0.31003937,
  6.7470472 7.1476378 0.31003937,6.7236945 7.1429926 0.31003937,
  6.7470472 7.1476378 -0.31003937,6.7470472 7.1476378 -0.31003937,
  6.7236945 7.1429926 0.31003937,6.7236945 7.1429926 -0.31003937,
  6.7704 7.1429926 0.31003937,6.7470472 7.1476378 0.31003937,
  6.7704 7.1429926 -0.31003937,6.7704 7.1429926 -0.31003937,
  6.7470472 7.1476378 0.31003937,6.7470472 7.1476378 -0.31003937,
  6.7901975 7.1297644 0.31003937,6.7704 7.1429926 0.31003937,
  6.7901975 7.1297644 -0.31003937,6.7901975 7.1297644 -0.31003937,
  6.7704 7.1429926 0.31003937,6.7704 7.1429926 -0.31003937,
  6.8034257 7.1099669 0.31003937,6.7901975 7.1297644 0.31003937,
  6.8034257 7.1099669 -0.31003937,6.8034257 7.1099669 -0.31003937,
  6.7901975 7.1297644 0.31003937,6.7901975 7.1297644 -0.31003937,
  6.8080709 7.0866142 0.31003937,6.8034257 7.1099669 0.31003937,
  6.8080709 7.0866142 -0.31003937,6.8080709 7.0866142 -0.31003937,
  6.8034257 7.1099669 0.31003937,6.8034257 7.1099669 -0.31003937,
  6.6906688 6.637526 0.31003937,6.6860236 6.6141732 0.31003937,
  6.6906688 6.637526 -0.31003937,6.6906688 6.637526 -0.31003937,
  6.6860236 6.6141732 0.31003937,6.6860236 6.6141732 -0.31003937,
  6.703897 6.6573234 0.31003937,6.6906688 6.637526 0.31003937,
  6.703897 6.6573234 -0.31003937,6.703897 6.6573234 -0.31003937,
  6.6906688 6.637526 0.31003937,6.6906688 6.637526 -0.31003937,
  6.7236945 6.6705517 0.31003937,6.703897 6.6573234 0.31003937,
  6.7236945 6.6705517 -0.31003937,6.7236945 6.6705517 -0.31003937,
  6.703897 6.6573234 0.31003937,6.703897 6.6573234 -0.31003937,
  6.7470472 6.6751969 0.31003937,6.7236945 6.6705517 0.31003937,
  6.7470472 6.6751969 -0.31003937,6.7470472 6.6751969 -0.31003937,
  6.7236945 6.6705517 0.31003937,6.7236945 6.6705517 -0.31003937,
  6.7704 6.6705517 0.31003937,6.7470472 6.6751969 0.31003937,
  6.7704 6.6705517 -0.31003937,6.7704 6.6705517 -0.31003937,
  6.7470472 6.6751969 0.31003937,6.7470472 6.6751969 -0.31003937,
  6.7901975 6.6573234 0.31003937,6.7704 6.6705517 0.31003937,
  6.7901975 6.6573234 -0.31003937,6.7901975 6.6573234 -0.31003937,
  6.7704 6.6705517 0.31003937,6.7704 6.6705517 -0.31003937,
  6.8034257 6.637526 0.31003937,6.7901975 6.6573234 0.31003937,
  6.8034257 6.637526 -0.31003937,6.8034257 6.637526 -0.31003937,
  6.7901975 6.6573234 0.31003937,6.7901975 6.6573234 -0.31003937,
  6.8080709 6.6141732 0.31003937,6.8034257 6.637526 0.31003937,
  6.8080709 6.6141732 -0.31003937,6.8080709 6.6141732 -0.31003937,
  6.8034257 6.637526 0.31003937,6.8034257 6.637526 -0.31003937,
  6.8034257 6.5908205 0.31003937,6.8080709 6.6141732 0.31003937,
  6.8034257 6.5908205 -0.31003937,6.8034257 6.5908205 -0.31003937,
  6.8080709 6.6141732 0.31003937,6.8080709 6.6141732 -0.31003937,
  6.7901975 6.571023 0.31003937,6.8034257 6.5908205 0.31003937,
  6.7901975 6.571023 -0.31003937,6.7901975 6.571023 -0.31003937,
  6.8034257 6.5908205 0.31003937,6.8034257 6.5908205 -0.31003937,
  6.7704 6.5577948 0.31003937,6.7901975 6.571023 0.31003937,
  6.7704 6.5577948 -0.31003937,6.7704 6.5577948 -0.31003937,
  6.7901975 6.571023 0.31003937,6.7901975 6.571023 -0.31003937,
  6.7470472 6.5531496 0.31003937,6.7704 6.5577948 0.31003937,
  6.7470472 6.5531496 -0.31003937,6.7470472 6.5531496 -0.31003937,
  6.7704 6.5577948 0.31003937,6.7704 6.5577948 -0.31003937,
  6.7236945 6.5577948 0.31003937,6.7470472 6.5531496 0.31003937,
  6.7236945 6.5577948 -0.31003937,6.7236945 6.5577948 -0.31003937,
  6.7470472 6.5531496 0.31003937,6.7470472 6.5531496 -0.31003937,
  6.703897 6.571023 0.31003937,6.7236945 6.5577948 0.31003937,
  6.703897 6.571023 -0.31003937,6.703897 6.571023 -0.31003937,
  6.7236945 6.5577948 0.31003937,6.7236945 6.5577948 -0.31003937,
  6.6906688 6.5908205 0.31003937,6.703897 6.571023 0.31003937,
  6.6906688 6.5908205 -0.31003937,6.6906688 6.5908205 -0.31003937,
  6.703897 6.571023 0.31003937,6.703897 6.571023 -0.31003937,
  6.6860236 6.6141732 0.31003937,6.6906688 6.5908205 0.31003937,
  6.6860236 6.6141732 -0.31003937,6.6860236 6.6141732 -0.31003937,
  6.6906688 6.5908205 0.31003937,6.6906688 6.5908205 -0.31003937,
  4.7590462 8.5016328 0.31003937,4.769685 8.5551181 0.31003937,
  4.7590462 8.5016328 -0.31003937,4.7590462 8.5016328 -0.31003937,
  4.769685 8.5551181 0.31003937,4.769685 8.5551181 -0.31003937,
  4.7287492 8.4562902 0.31003937,4.7590462 8.5016328 0.31003937,
  4.7287492 8.4562902 -0.31003937,4.7287492 8.4562902 -0.31003937,
  4.7590462 8.5016328 0.31003937,4.7590462 8.5016328 -0.31003937,
  4.6834065 8.4259932 0.31003937,4.7287492 8.4562902 0.31003937,
  4.6834065 8.4259932 -0.31003937,4.6834065 8.4259932 -0.31003937,
  4.7287492 8.4562902 0.31003937,4.7287492 8.4562902 -0.31003937,
  4.6299213 8.4153543 0.31003937,4.6834065 8.4259932 0.31003937,
  4.6299213 8.4153543 -0.31003937,4.6299213 8.4153543 -0.31003937,
  4.6834065 8.4259932 0.31003937,4.6834065 8.4259932 -0.31003937,
  4.576436 8.4259932 0.31003937,4.6299213 8.4153543 0.31003937,
  4.576436 8.4259932 -0.31003937,4.576436 8.4259932 -0.31003937,
  4.6299213 8.4153543 0.31003937,4.6299213 8.4153543 -0.31003937,
  4.5310933 8.4562902 0.31003937,4.576436 8.4259932 0.31003937,
  4.5310933 8.4562902 -0.31003937,4.5310933 8.4562902 -0.31003937,
  4.576436 8.4259932 0.31003937,4.576436 8.4259932 -0.31003937,
  4.5007964 8.5016328 0.31003937,4.5310933 8.4562902 0.31003937,
  4.5007964 8.5016328 -0.31003937,4.5007964 8.5016328 -0.31003937,
  4.5310933 8.4562902 0.31003937,4.5310933 8.4562902 -0.31003937,
  4.4901575 8.5551181 0.31003937,4.5007964 8.5016328 0.31003937,
  4.4901575 8.5551181 -0.31003937,4.4901575 8.5551181 -0.31003937,
  4.5007964 8.5016328 0.31003937,4.5007964 8.5016328 -0.31003937,
  4.5007964 8.6086034 0.31003937,4.4901575 8.5551181 0.31003937,
  4.5007964 8.6086034 -0.31003937,4.5007964 8.6086034 -0.31003937,
  4.4901575 8.5551181 0.31003937,4.4901575 8.5551181 -0.31003937,
  4.5310933 8.653946 0.31003937,4.5007964 8.6086034 0.31003937,
  4.5310933 8.653946 -0.31003937,4.5310933 8.653946 -0.31003937,
  4.5007964 8.6086034 0.31003937,4.5007964 8.6086034 -0.31003937,
  4.576436 8.684243 0.31003937,4.5310933 8.653946 0.31003937,
  4.576436 8.684243 -0.31003937,4.576436 8.684243 -0.31003937,
  4.5310933 8.653946 0.31003937,4.5310933 8.653946 -0.31003937,
  4.6299213 8.6948819 0.31003937,4.576436 8.684243 0.31003937,
  4.6299213 8.6948819 -0.31003937,4.6299213 8.6948819 -0.31003937,
  4.576436 8.684243 0.31003937,4.576436 8.684243 -0.31003937,
  4.6834065 8.684243 0.31003937,4.6299213 8.6948819 0.31003937,
  4.6834065 8.684243 -0.31003937,4.6834065 8.684243 -0.31003937,
  4.6299213 8.6948819 0.31003937,4.6299213 8.6948819 -0.31003937,
  4.7287492 8.653946 0.31003937,4.6834065 8.684243 0.31003937,
  4.7287492 8.653946 -0.31003937,4.7287492 8.653946 -0.31003937,
  4.6834065 8.684243 0.31003937,4.6834065 8.684243 -0.31003937,
  4.7590462 8.6086034 0.31003937,4.7287492 8.653946 0.31003937,
  4.7590462 8.6086034 -0.31003937,4.7590462 8.6086034 -0.31003937,
  4.7287492 8.653946 0.31003937,4.7287492 8.653946 -0.31003937,
  4.769685 8.5551181 0.31003937,4.7590462 8.6086034 0.31003937,
  4.769685 8.5551181 -0.31003937,4.769685 8.5551181 -0.31003937,
  4.7590462 8.6086034 0.31003937,4.7590462 8.6086034 -0.31003937,
  6.6906688 6.165085 0.31003937,6.6860236 6.1417323 0.31003937,
  6.6906688 6.165085 -0.31003937,6.6906688 6.165085 -0.31003937,
  6.6860236 6.1417323 0.31003937,6.6860236 6.1417323 -0.31003937,
  6.703897 6.1848825 0.31003937,6.6906688 6.165085 0.31003937,
  6.703897 6.1848825 -0.31003937,6.703897 6.1848825 -0.31003937,
  6.6906688 6.165085 0.31003937,6.6906688 6.165085 -0.31003937,
  6.7236945 6.1981108 0.31003937,6.703897 6.1848825 0.31003937,
  6.7236945 6.1981108 -0.31003937,6.7236945 6.1981108 -0.31003937,
  6.703897 6.1848825 0.31003937,6.703897 6.1848825 -0.31003937,
  6.7470472 6.2027559 0.31003937,6.7236945 6.1981108 0.31003937,
  6.7470472 6.2027559 -0.31003937,6.7470472 6.2027559 -0.31003937,
  6.7236945 6.1981108 0.31003937,6.7236945 6.1981108 -0.31003937,
  6.7704 6.1981108 0.31003937,6.7470472 6.2027559 0.31003937,
  6.7704 6.1981108 -0.31003937,6.7704 6.1981108 -0.31003937,
  6.7470472 6.2027559 0.31003937,6.7470472 6.2027559 -0.31003937,
  6.7901975 6.1848825 0.31003937,6.7704 6.1981108 0.31003937,
  6.7901975 6.1848825 -0.31003937,6.7901975 6.1848825 -0.31003937,
  6.7704 6.1981108 0.31003937,6.7704 6.1981108 -0.31003937,
  6.8034257 6.165085 0.31003937,6.7901975 6.1848825 0.31003937,
  6.8034257 6.165085 -0.31003937,6.8034257 6.165085 -0.31003937,
  6.7901975 6.1848825 0.31003937,6.7901975 6.1848825 -0.31003937,
  6.8080709 6.1417323 0.31003937,6.8034257 6.165085 0.31003937,
  6.8080709 6.1417323 -0.31003937,6.8080709 6.1417323 -0.31003937,
  6.8034257 6.165085 0.31003937,6.8034257 6.165085 -0.31003937,
  6.8034257 6.1183796 0.31003937,6.8080709 6.1417323 0.31003937,
  6.8034257 6.1183796 -0.31003937,6.8034257 6.1183796 -0.31003937,
  6.8080709 6.1417323 0.31003937,6.8080709 6.1417323 -0.31003937,
  6.7901975 6.0985821 0.31003937,6.8034257 6.1183796 0.31003937,
  6.7901975 6.0985821 -0.31003937,6.7901975 6.0985821 -0.31003937,
  6.8034257 6.1183796 0.31003937,6.8034257 6.1183796 -0.31003937,
  6.7704 6.0853538 0.31003937,6.7901975 6.0985821 0.31003937,
  6.7704 6.0853538 -0.31003937,6.7704 6.0853538 -0.31003937,
  6.7901975 6.0985821 0.31003937,6.7901975 6.0985821 -0.31003937,
  6.7470472 6.0807087 0.31003937,6.7704 6.0853538 0.31003937,
  6.7470472 6.0807087 -0.31003937,6.7470472 6.0807087 -0.31003937,
  6.7704 6.0853538 0.31003937,6.7704 6.0853538 -0.31003937,
  6.7236945 6.0853538 0.31003937,6.7470472 6.0807087 0.31003937,
  6.7236945 6.0853538 -0.31003937,6.7236945 6.0853538 -0.31003937,
  6.7470472 6.0807087 0.31003937,6.7470472 6.0807087 -0.31003937,
  6.703897 6.0985821 0.31003937,6.7236945 6.0853538 0.31003937,
  6.703897 6.0985821 -0.31003937,6.703897 6.0985821 -0.31003937,
  6.7236945 6.0853538 0.31003937,6.7236945 6.0853538 -0.31003937,
  6.6906688 6.1183796 0.31003937,6.703897 6.0985821 0.31003937,
  6.6906688 6.1183796 -0.31003937,6.6906688 6.1183796 -0.31003937,
  6.703897 6.0985821 0.31003937,6.703897 6.0985821 -0.31003937,
  6.6860236 6.1417323 0.31003937,6.6906688 6.1183796 0.31003937,
  6.6860236 6.1417323 -0.31003937,6.6860236 6.1417323 -0.31003937,
  6.6906688 6.1183796 0.31003937,6.6906688 6.1183796 -0.31003937,
  13.582677 13.877953 0.31003937,13.582677 0 0.31003937,
  13.582677 13.877953 -0.31003937,13.582677 13.877953 -0.31003937,
  13.582677 0 0.31003937,13.582677 0 -0.31003937,
  0 13.877953 0.31003937,13.582677 13.877953 0.31003937,
  0 13.877953 -0.31003937,0 13.877953 -0.31003937,
  13.582677 13.877953 0.31003937,13.582677 13.877953 -0.31003937,
  0 0 0.31003937,0 13.877953 0.31003937,
  0 0 -0.31003937,0 0 -0.31003937,
  0 13.877953 0.31003937,0 13.877953 -0.31003937,
  13.582677 0 0.31003937,0 0 0.31003937,
  13.582677 0 -0.31003937,13.582677 0 -0.31003937,
  0 0 0.31003937,0 0 -0.31003937,
  13.051181 7.480315 0.31003937,13.051181 7.480315 0.31003937,
  13.051181 7.480315 -0.31003937,13.051181 7.480315 -0.31003937,
  13.051181 7.480315 0.31003937,13.051181 7.480315 -0.31003937,
  13.04762 7.4601169 0.31003937,13.051181 7.480315 0.31003937,
  13.04762 7.4601169 -0.31003937,13.04762 7.4601169 -0.31003937,
  13.051181 7.480315 0.31003937,13.051181 7.480315 -0.31003937,
  13.037365 7.4423551 0.31003937,13.04762 7.4601169 0.31003937,
  13.037365 7.4423551 -0.31003937,13.037365 7.4423551 -0.31003937,
  13.04762 7.4601169 0.31003937,13.04762 7.4601169 -0.31003937,
  13.021654 7.4291717 0.31003937,13.037365 7.4423551 0.31003937,
  13.021654 7.4291717 -0.31003937,13.021654 7.4291717 -0.31003937,
  13.037365 7.4423551 0.31003937,13.037365 7.4423551 -0.31003937,
  13.002381 7.422157 0.31003937,13.021654 7.4291717 0.31003937,
  13.002381 7.422157 -0.31003937,13.002381 7.422157 -0.31003937,
  13.021654 7.4291717 0.31003937,13.021654 7.4291717 -0.31003937,
  12.981871 7.422157 0.31003937,13.002381 7.422157 0.31003937,
  12.981871 7.422157 -0.31003937,12.981871 7.422157 -0.31003937,
  13.002381 7.422157 0.31003937,13.002381 7.422157 -0.31003937,
  12.962598 7.4291717 0.31003937,12.981871 7.422157 0.31003937,
  12.962598 7.4291717 -0.31003937,12.962598 7.4291717 -0.31003937,
  12.981871 7.422157 0.31003937,12.981871 7.422157 -0.31003937,
  12.946887 7.4423551 0.31003937,12.962598 7.4291717 0.31003937,
  12.946887 7.4423551 -0.31003937,12.946887 7.4423551 -0.31003937,
  12.962598 7.4291717 0.31003937,12.962598 7.4291717 -0.31003937,
  12.936632 7.4601169 0.31003937,12.946887 7.4423551 0.31003937,
  12.936632 7.4601169 -0.31003937,12.936632 7.4601169 -0.31003937,
  12.946887 7.4423551 0.31003937,12.946887 7.4423551 -0.31003937,
  12.933071 7.480315 0.31003937,12.936632 7.4601169 0.31003937,
  12.933071 7.480315 -0.31003937,12.933071 7.480315 -0.31003937,
  12.936632 7.4601169 0.31003937,12.936632 7.4601169 -0.31003937,
  12.936632 7.500513 0.31003937,12.933071 7.480315 0.31003937,
  12.936632 7.500513 -0.31003937,12.936632 7.500513 -0.31003937,
  12.933071 7.480315 0.31003937,12.933071 7.480315 -0.31003937,
  12.946887 7.5182749 0.31003937,12.936632 7.500513 0.31003937,
  12.946887 7.5182749 -0.31003937,12.946887 7.5182749 -0.31003937,
  12.936632 7.500513 0.31003937,12.936632 7.500513 -0.31003937,
  12.962598 7.5314582 0.31003937,12.946887 7.5182749 0.31003937,
  12.962598 7.5314582 -0.31003937,12.962598 7.5314582 -0.31003937,
  12.946887 7.5182749 0.31003937,12.946887 7.5182749 -0.31003937,
  12.981871 7.5384729 0.31003937,12.962598 7.5314582 0.31003937,
  12.981871 7.5384729 -0.31003937,12.981871 7.5384729 -0.31003937,
  12.962598 7.5314582 0.31003937,12.962598 7.5314582 -0.31003937,
  13.002381 7.5384729 0.31003937,12.981871 7.5384729 0.31003937,
  13.002381 7.5384729 -0.31003937,13.002381 7.5384729 -0.31003937,
  12.981871 7.5384729 0.31003937,12.981871 7.5384729 -0.31003937,
  13.021654 7.5314582 0.31003937,13.002381 7.5384729 0.31003937,
  13.021654 7.5314582 -0.31003937,13.021654 7.5314582 -0.31003937,
  13.002381 7.5384729 0.31003937,13.002381 7.5384729 -0.31003937,
  13.037365 7.5182749 0.31003937,13.021654 7.5314582 0.31003937,
  13.037365 7.5182749 -0.31003937,13.037365 7.5182749 -0.31003937,
  13.021654 7.5314582 0.31003937,13.021654 7.5314582 -0.31003937,
  13.04762 7.500513 0.31003937,13.037365 7.5182749 0.31003937,
  13.04762 7.500513 -0.31003937,13.04762 7.500513 -0.31003937,
  13.037365 7.5182749 0.31003937,13.037365 7.5182749 -0.31003937,
  13.051181 7.480315 0.31003937,13.04762 7.500513 0.31003937,
  13.051181 7.480315 -0.31003937,13.051181 7.480315 -0.31003937,
  13.04762 7.500513 0.31003937,13.04762 7.500513 -0.31003937,
  12.089291 6.8737464 0.31003937,12.084646 6.8503937 0.31003937,
  12.089291 6.8737464 -0.31003937,12.089291 6.8737464 -0.31003937,
  12.084646 6.8503937 0.31003937,12.084646 6.8503937 -0.31003937,
  12.102519 6.8935439 0.31003937,12.089291 6.8737464 0.31003937,
  12.102519 6.8935439 -0.31003937,12.102519 6.8935439 -0.31003937,
  12.089291 6.8737464 0.31003937,12.089291 6.8737464 -0.31003937,
  12.122317 6.9067722 0.31003937,12.102519 6.8935439 0.31003937,
  12.122317 6.9067722 -0.31003937,12.122317 6.9067722 -0.31003937,
  12.102519 6.8935439 0.31003937,12.102519 6.8935439 -0.31003937,
  12.145669 6.9114173 0.31003937,12.122317 6.9067722 0.31003937,
  12.145669 6.9114173 -0.31003937,12.145669 6.9114173 -0.31003937,
  12.122317 6.9067722 0.31003937,12.122317 6.9067722 -0.31003937,
  12.169022 6.9067722 0.31003937,12.145669 6.9114173 0.31003937,
  12.169022 6.9067722 -0.31003937,12.169022 6.9067722 -0.31003937,
  12.145669 6.9114173 0.31003937,12.145669 6.9114173 -0.31003937,
  12.18882 6.8935439 0.31003937,12.169022 6.9067722 0.31003937,
  12.18882 6.8935439 -0.31003937,12.18882 6.8935439 -0.31003937,
  12.169022 6.9067722 0.31003937,12.169022 6.9067722 -0.31003937,
  12.202048 6.8737464 0.31003937,12.18882 6.8935439 0.31003937,
  12.202048 6.8737464 -0.31003937,12.202048 6.8737464 -0.31003937,
  12.18882 6.8935439 0.31003937,12.18882 6.8935439 -0.31003937,
  12.206693 6.8503937 0.31003937,12.202048 6.8737464 0.31003937,
  12.206693 6.8503937 -0.31003937,12.206693 6.8503937 -0.31003937,
  12.202048 6.8737464 0.31003937,12.202048 6.8737464 -0.31003937,
  12.202048 6.827041 0.31003937,12.206693 6.8503937 0.31003937,
  12.202048 6.827041 -0.31003937,12.202048 6.827041 -0.31003937,
  12.206693 6.8503937 0.31003937,12.206693 6.8503937 -0.31003937,
  12.18882 6.8072435 0.31003937,12.202048 6.827041 0.31003937,
  12.18882 6.8072435 -0.31003937,12.18882 6.8072435 -0.31003937,
  12.202048 6.827041 0.31003937,12.202048 6.827041 -0.31003937,
  12.169022 6.7940152 0.31003937,12.18882 6.8072435 0.31003937,
  12.169022 6.7940152 -0.31003937,12.169022 6.7940152 -0.31003937,
  12.18882 6.8072435 0.31003937,12.18882 6.8072435 -0.31003937,
  12.145669 6.7893701 0.31003937,12.169022 6.7940152 0.31003937,
  12.145669 6.7893701 -0.31003937,12.145669 6.7893701 -0.31003937,
  12.169022 6.7940152 0.31003937,12.169022 6.7940152 -0.31003937,
  12.122317 6.7940152 0.31003937,12.145669 6.7893701 0.31003937,
  12.122317 6.7940152 -0.31003937,12.122317 6.7940152 -0.31003937,
  12.145669 6.7893701 0.31003937,12.145669 6.7893701 -0.31003937,
  12.102519 6.8072435 0.31003937,12.122317 6.7940152 0.31003937,
  12.102519 6.8072435 -0.31003937,12.102519 6.8072435 -0.31003937,
  12.122317 6.7940152 0.31003937,12.122317 6.7940152 -0.31003937,
  12.089291 6.827041 0.31003937,12.102519 6.8072435 0.31003937,
  12.089291 6.827041 -0.31003937,12.089291 6.827041 -0.31003937,
  12.102519 6.8072435 0.31003937,12.102519 6.8072435 -0.31003937,
  12.084646 6.8503937 0.31003937,12.089291 6.827041 0.31003937,
  12.084646 6.8503937 -0.31003937,12.084646 6.8503937 -0.31003937,
  12.089291 6.827041 0.31003937,12.089291 6.827041 -0.31003937,
  12.089291 6.4997307 0.31003937,12.084646 6.476378 0.31003937,
  12.089291 6.4997307 -0.31003937,12.089291 6.4997307 -0.31003937,
  12.084646 6.476378 0.31003937,12.084646 6.476378 -0.31003937,
  12.102519 6.5195282 0.31003937,12.089291 6.4997307 0.31003937,
  12.102519 6.5195282 -0.31003937,12.102519 6.5195282 -0.31003937,
  12.089291 6.4997307 0.31003937,12.089291 6.4997307 -0.31003937,
  12.122317 6.5327564 0.31003937,12.102519 6.5195282 0.31003937,
  12.122317 6.5327564 -0.31003937,12.122317 6.5327564 -0.31003937,
  12.102519 6.5195282 0.31003937,12.102519 6.5195282 -0.31003937,
  12.145669 6.5374016 0.31003937,12.122317 6.5327564 0.31003937,
  12.145669 6.5374016 -0.31003937,12.145669 6.5374016 -0.31003937,
  12.122317 6.5327564 0.31003937,12.122317 6.5327564 -0.31003937,
  12.169022 6.5327564 0.31003937,12.145669 6.5374016 0.31003937,
  12.169022 6.5327564 -0.31003937,12.169022 6.5327564 -0.31003937,
  12.145669 6.5374016 0.31003937,12.145669 6.5374016 -0.31003937,
  12.18882 6.5195282 0.31003937,12.169022 6.5327564 0.31003937,
  12.18882 6.5195282 -0.31003937,12.18882 6.5195282 -0.31003937,
  12.169022 6.5327564 0.31003937,12.169022 6.5327564 -0.31003937,
  12.202048 6.4997307 0.31003937,12.18882 6.5195282 0.31003937,
  12.202048 6.4997307 -0.31003937,12.202048 6.4997307 -0.31003937,
  12.18882 6.5195282 0.31003937,12.18882 6.5195282 -0.31003937,
  12.206693 6.476378 0.31003937,12.202048 6.4997307 0.31003937,
  12.206693 6.476378 -0.31003937,12.206693 6.476378 -0.31003937,
  12.202048 6.4997307 0.31003937,12.202048 6.4997307 -0.31003937,
  12.202048 6.4530252 0.31003937,12.206693 6.476378 0.31003937,
  12.202048 6.4530252 -0.31003937,12.202048 6.4530252 -0.31003937,
  12.206693 6.476378 0.31003937,12.206693 6.476378 -0.31003937,
  12.18882 6.4332277 0.31003937,12.202048 6.4530252 0.31003937,
  12.18882 6.4332277 -0.31003937,12.18882 6.4332277 -0.31003937,
  12.202048 6.4530252 0.31003937,12.202048 6.4530252 -0.31003937,
  12.169022 6.4199995 0.31003937,12.18882 6.4332277 0.31003937,
  12.169022 6.4199995 -0.31003937,12.169022 6.4199995 -0.31003937,
  12.18882 6.4332277 0.31003937,12.18882 6.4332277 -0.31003937,
  12.145669 6.4153543 0.31003937,12.169022 6.4199995 0.31003937,
  12.145669 6.4153543 -0.31003937,12.145669 6.4153543 -0.31003937,
  12.169022 6.4199995 0.31003937,12.169022 6.4199995 -0.31003937,
  12.122317 6.4199995 0.31003937,12.145669 6.4153543 0.31003937,
  12.122317 6.4199995 -0.31003937,12.122317 6.4199995 -0.31003937,
  12.145669 6.4153543 0.31003937,12.145669 6.4153543 -0.31003937,
  12.102519 6.4332277 0.31003937,12.122317 6.4199995 0.31003937,
  12.102519 6.4332277 -0.31003937,12.102519 6.4332277 -0.31003937,
  12.122317 6.4199995 0.31003937,12.122317 6.4199995 -0.31003937,
  12.089291 6.4530252 0.31003937,12.102519 6.4332277 0.31003937,
  12.089291 6.4530252 -0.31003937,12.089291 6.4530252 -0.31003937,
  12.102519 6.4332277 0.31003937,12.102519 6.4332277 -0.31003937,
  12.084646 6.476378 0.31003937,12.089291 6.4530252 0.31003937,
  12.084646 6.476378 -0.31003937,12.084646 6.476378 -0.31003937,
  12.089291 6.4530252 0.31003937,12.089291 6.4530252 -0.31003937,
  12.089291 6.1257157 0.31003937,12.084646 6.102363 0.31003937,
  12.089291 6.1257157 -0.31003937,12.089291 6.1257157 -0.31003937,
  12.084646 6.102363 0.31003937,12.084646 6.102363 -0.31003937,
  12.102519 6.1455132 0.31003937,12.089291 6.1257157 0.31003937,
  12.102519 6.1455132 -0.31003937,12.102519 6.1455132 -0.31003937,
  12.089291 6.1257157 0.31003937,12.089291 6.1257157 -0.31003937,
  12.122317 6.1587415 0.31003937,12.102519 6.1455132 0.31003937,
  12.122317 6.1587415 -0.31003937,12.122317 6.1587415 -0.31003937,
  12.102519 6.1455132 0.31003937,12.102519 6.1455132 -0.31003937,
  12.145669 6.1633866 0.31003937,12.122317 6.1587415 0.31003937,
  12.145669 6.1633866 -0.31003937,12.145669 6.1633866 -0.31003937,
  12.122317 6.1587415 0.31003937,12.122317 6.1587415 -0.31003937,
  12.169022 6.1587415 0.31003937,12.145669 6.1633866 0.31003937,
  12.169022 6.1587415 -0.31003937,12.169022 6.1587415 -0.31003937,
  12.145669 6.1633866 0.31003937,12.145669 6.1633866 -0.31003937,
  12.18882 6.1455132 0.31003937,12.169022 6.1587415 0.31003937,
  12.18882 6.1455132 -0.31003937,12.18882 6.1455132 -0.31003937,
  12.169022 6.1587415 0.31003937,12.169022 6.1587415 -0.31003937,
  12.202048 6.1257157 0.31003937,12.18882 6.1455132 0.31003937,
  12.202048 6.1257157 -0.31003937,12.202048 6.1257157 -0.31003937,
  12.18882 6.1455132 0.31003937,12.18882 6.1455132 -0.31003937,
  12.206693 6.102363 0.31003937,12.202048 6.1257157 0.31003937,
  12.206693 6.102363 -0.31003937,12.206693 6.102363 -0.31003937,
  12.202048 6.1257157 0.31003937,12.202048 6.1257157 -0.31003937,
  12.202048 6.0790103 0.31003937,12.206693 6.102363 0.31003937,
  12.202048 6.0790103 -0.31003937,12.202048 6.0790103 -0.31003937,
  12.206693 6.102363 0.31003937,12.206693 6.102363 -0.31003937,
  12.18882 6.0592128 0.31003937,12.202048 6.0790103 0.31003937,
  12.18882 6.0592128 -0.31003937,12.18882 6.0592128 -0.31003937,
  12.202048 6.0790103 0.31003937,12.202048 6.0790103 -0.31003937,
  12.169022 6.0459845 0.31003937,12.18882 6.0592128 0.31003937,
  12.169022 6.0459845 -0.31003937,12.169022 6.0459845 -0.31003937,
  12.18882 6.0592128 0.31003937,12.18882 6.0592128 -0.31003937,
  12.145669 6.0413394 0.31003937,12.169022 6.0459845 0.31003937,
  12.145669 6.0413394 -0.31003937,12.145669 6.0413394 -0.31003937,
  12.169022 6.0459845 0.31003937,12.169022 6.0459845 -0.31003937,
  12.122317 6.0459845 0.31003937,12.145669 6.0413394 0.31003937,
  12.122317 6.0459845 -0.31003937,12.122317 6.0459845 -0.31003937,
  12.145669 6.0413394 0.31003937,12.145669 6.0413394 -0.31003937,
  12.102519 6.0592128 0.31003937,12.122317 6.0459845 0.31003937,
  12.102519 6.0592128 -0.31003937,12.102519 6.0592128 -0.31003937,
  12.122317 6.0459845 0.31003937,12.122317 6.0459845 -0.31003937,
  12.089291 6.0790103 0.31003937,12.102519 6.0592128 0.31003937,
  12.089291 6.0790103 -0.31003937,12.089291 6.0790103 -0.31003937,
  12.102519 6.0592128 0.31003937,12.102519 6.0592128 -0.31003937,
  12.084646 6.102363 0.31003937,12.089291 6.0790103 0.31003937,
  12.084646 6.102363 -0.31003937,12.084646 6.102363 -0.31003937,
  12.089291 6.0790103 0.31003937,12.089291 6.0790103 -0.31003937,
  8.7768509 6.827041 0.31003937,8.7814961 6.8503937 0.31003937,
  8.7768509 6.827041 -0.31003937,8.7768509 6.827041 -0.31003937,
  8.7814961 6.8503937 0.31003937,8.7814961 6.8503937 -0.31003937,
  8.7636227 6.8072435 0.31003937,8.7768509 6.827041 0.31003937,
  8.7636227 6.8072435 -0.31003937,8.7636227 6.8072435 -0.31003937,
  8.7768509 6.827041 0.31003937,8.7768509 6.827041 -0.31003937,
  8.7438252 6.7940152 0.31003937,8.7636227 6.8072435 0.31003937,
  8.7438252 6.7940152 -0.31003937,8.7438252 6.7940152 -0.31003937,
  8.7636227 6.8072435 0.31003937,8.7636227 6.8072435 -0.31003937,
  8.7204724 6.7893701 0.31003937,8.7438252 6.7940152 0.31003937,
  8.7204724 6.7893701 -0.31003937,8.7204724 6.7893701 -0.31003937,
  8.7438252 6.7940152 0.31003937,8.7438252 6.7940152 -0.31003937,
  8.6971197 6.7940152 0.31003937,8.7204724 6.7893701 0.31003937,
  8.6971197 6.7940152 -0.31003937,8.6971197 6.7940152 -0.31003937,
  8.7204724 6.7893701 0.31003937,8.7204724 6.7893701 -0.31003937,
  8.6773222 6.8072435 0.31003937,8.6971197 6.7940152 0.31003937,
  8.6773222 6.8072435 -0.31003937,8.6773222 6.8072435 -0.31003937,
  8.6971197 6.7940152 0.31003937,8.6971197 6.7940152 -0.31003937,
  8.664094 6.827041 0.31003937,8.6773222 6.8072435 0.31003937,
  8.664094 6.827041 -0.31003937,8.664094 6.827041 -0.31003937,
  8.6773222 6.8072435 0.31003937,8.6773222 6.8072435 -0.31003937,
  8.6594488 6.8503937 0.31003937,8.664094 6.827041 0.31003937,
  8.6594488 6.8503937 -0.31003937,8.6594488 6.8503937 -0.31003937,
  8.664094 6.827041 0.31003937,8.664094 6.827041 -0.31003937,
  8.664094 6.8737464 0.31003937,8.6594488 6.8503937 0.31003937,
  8.664094 6.8737464 -0.31003937,8.664094 6.8737464 -0.31003937,
  8.6594488 6.8503937 0.31003937,8.6594488 6.8503937 -0.31003937,
  8.6773222 6.8935439 0.31003937,8.664094 6.8737464 0.31003937,
  8.6773222 6.8935439 -0.31003937,8.6773222 6.8935439 -0.31003937,
  8.664094 6.8737464 0.31003937,8.664094 6.8737464 -0.31003937,
  8.6971197 6.9067722 0.31003937,8.6773222 6.8935439 0.31003937,
  8.6971197 6.9067722 -0.31003937,8.6971197 6.9067722 -0.31003937,
  8.6773222 6.8935439 0.31003937,8.6773222 6.8935439 -0.31003937,
  8.7204724 6.9114173 0.31003937,8.6971197 6.9067722 0.31003937,
  8.7204724 6.9114173 -0.31003937,8.7204724 6.9114173 -0.31003937,
  8.6971197 6.9067722 0.31003937,8.6971197 6.9067722 -0.31003937,
  8.7438252 6.9067722 0.31003937,8.7204724 6.9114173 0.31003937,
  8.7438252 6.9067722 -0.31003937,8.7438252 6.9067722 -0.31003937,
  8.7204724 6.9114173 0.31003937,8.7204724 6.9114173 -0.31003937,
  8.7636227 6.8935439 0.31003937,8.7438252 6.9067722 0.31003937,
  8.7636227 6.8935439 -0.31003937,8.7636227 6.8935439 -0.31003937,
  8.7438252 6.9067722 0.31003937,8.7438252 6.9067722 -0.31003937,
  8.7768509 6.8737464 0.31003937,8.7636227 6.8935439 0.31003937,
  8.7768509 6.8737464 -0.31003937,8.7768509 6.8737464 -0.31003937,
  8.7636227 6.8935439 0.31003937,8.7636227 6.8935439 -0.31003937,
  8.7814961 6.8503937 0.31003937,8.7768509 6.8737464 0.31003937,
  8.7814961 6.8503937 -0.31003937,8.7814961 6.8503937 -0.31003937,
  8.7768509 6.8737464 0.31003937,8.7768509 6.8737464 -0.31003937,
  7.9873926 8.5016328 0.31003937,7.9980315 8.5551181 0.31003937,
  7.9873926 8.5016328 -0.31003937,7.9873926 8.5016328 -0.31003937,
  7.9980315 8.5551181 0.31003937,7.9980315 8.5551181 -0.31003937,
  7.9570956 8.4562902 0.31003937,7.9873926 8.5016328 0.31003937,
  7.9570956 8.4562902 -0.31003937,7.9570956 8.4562902 -0.31003937,
  7.9873926 8.5016328 0.31003937,7.9873926 8.5016328 -0.31003937,
  7.911753 8.4259932 0.31003937,7.9570956 8.4562902 0.31003937,
  7.911753 8.4259932 -0.31003937,7.911753 8.4259932 -0.31003937,
  7.9570956 8.4562902 0.31003937,7.9570956 8.4562902 -0.31003937,
  7.8582677 8.4153543 0.31003937,7.911753 8.4259932 0.31003937,
  7.8582677 8.4153543 -0.31003937,7.8582677 8.4153543 -0.31003937,
  7.911753 8.4259932 0.31003937,7.911753 8.4259932 -0.31003937,
  7.8047824 8.4259932 0.31003937,7.8582677 8.4153543 0.31003937,
  7.8047824 8.4259932 -0.31003937,7.8047824 8.4259932 -0.31003937,
  7.8582677 8.4153543 0.31003937,7.8582677 8.4153543 -0.31003937,
  7.7594398 8.4562902 0.31003937,7.8047824 8.4259932 0.31003937,
  7.7594398 8.4562902 -0.31003937,7.7594398 8.4562902 -0.31003937,
  7.8047824 8.4259932 0.31003937,7.8047824 8.4259932 -0.31003937,
  7.7291428 8.5016328 0.31003937,7.7594398 8.4562902 0.31003937,
  7.7291428 8.5016328 -0.31003937,7.7291428 8.5016328 -0.31003937,
  7.7594398 8.4562902 0.31003937,7.7594398 8.4562902 -0.31003937,
  7.7185039 8.5551181 0.31003937,7.7291428 8.5016328 0.31003937,
  7.7185039 8.5551181 -0.31003937,7.7185039 8.5551181 -0.31003937,
  7.7291428 8.5016328 0.31003937,7.7291428 8.5016328 -0.31003937,
  7.7291428 8.6086034 0.31003937,7.7185039 8.5551181 0.31003937,
  7.7291428 8.6086034 -0.31003937,7.7291428 8.6086034 -0.31003937,
  7.7185039 8.5551181 0.31003937,7.7185039 8.5551181 -0.31003937,
  7.7594398 8.653946 0.31003937,7.7291428 8.6086034 0.31003937,
  7.7594398 8.653946 -0.31003937,7.7594398 8.653946 -0.31003937,
  7.7291428 8.6086034 0.31003937,7.7291428 8.6086034 -0.31003937,
  7.8047824 8.684243 0.31003937,7.7594398 8.653946 0.31003937,
  7.8047824 8.684243 -0.31003937,7.8047824 8.684243 -0.31003937,
  7.7594398 8.653946 0.31003937,7.7594398 8.653946 -0.31003937,
  7.8582677 8.6948819 0.31003937,7.8047824 8.684243 0.31003937,
  7.8582677 8.6948819 -0.31003937,7.8582677 8.6948819 -0.31003937,
  7.8047824 8.684243 0.31003937,7.8047824 8.684243 -0.31003937,
  7.911753 8.684243 0.31003937,7.8582677 8.6948819 0.31003937,
  7.911753 8.684243 -0.31003937,7.911753 8.684243 -0.31003937,
  7.8582677 8.6948819 0.31003937,7.8582677 8.6948819 -0.31003937,
  7.9570956 8.653946 0.31003937,7.911753 8.684243 0.31003937,
  7.9570956 8.653946 -0.31003937,7.9570956 8.653946 -0.31003937,
  7.911753 8.684243 0.31003937,7.911753 8.684243 -0.31003937,
  7.9873926 8.6086034 0.31003937,7.9570956 8.653946 0.31003937,
  7.9873926 8.6086034 -0.31003937,7.9873926 8.6086034 -0.31003937,
  7.9570956 8.653946 0.31003937,7.9570956 8.653946 -0.31003937,
  7.9980315 8.5551181 0.31003937,7.9873926 8.6086034 0.31003937,
  7.9980315 8.5551181 -0.31003937,7.9980315 8.5551181 -0.31003937,
  7.9873926 8.6086034 0.31003937,7.9873926 8.6086034 -0.31003937,
  8.664094 6.5194157 0.31003937,8.6594488 6.496063 0.31003937,
  8.664094 6.5194157 -0.31003937,8.664094 6.5194157 -0.31003937,
  8.6594488 6.496063 0.31003937,8.6594488 6.496063 -0.31003937,
  8.6773222 6.5392132 0.31003937,8.664094 6.5194157 0.31003937,
  8.6773222 6.5392132 -0.31003937,8.6773222 6.5392132 -0.31003937,
  8.664094 6.5194157 0.31003937,8.664094 6.5194157 -0.31003937,
  8.6971197 6.5524415 0.31003937,8.6773222 6.5392132 0.31003937,
  8.6971197 6.5524415 -0.31003937,8.6971197 6.5524415 -0.31003937,
  8.6773222 6.5392132 0.31003937,8.6773222 6.5392132 -0.31003937,
  8.7204724 6.5570866 0.31003937,8.6971197 6.5524415 0.31003937,
  8.7204724 6.5570866 -0.31003937,8.7204724 6.5570866 -0.31003937,
  8.6971197 6.5524415 0.31003937,8.6971197 6.5524415 -0.31003937,
  8.7438252 6.5524415 0.31003937,8.7204724 6.5570866 0.31003937,
  8.7438252 6.5524415 -0.31003937,8.7438252 6.5524415 -0.31003937,
  8.7204724 6.5570866 0.31003937,8.7204724 6.5570866 -0.31003937,
  8.7636227 6.5392132 0.31003937,8.7438252 6.5524415 0.31003937,
  8.7636227 6.5392132 -0.31003937,8.7636227 6.5392132 -0.31003937,
  8.7438252 6.5524415 0.31003937,8.7438252 6.5524415 -0.31003937,
  8.7768509 6.5194157 0.31003937,8.7636227 6.5392132 0.31003937,
  8.7768509 6.5194157 -0.31003937,8.7768509 6.5194157 -0.31003937,
  8.7636227 6.5392132 0.31003937,8.7636227 6.5392132 -0.31003937,
  8.7814961 6.496063 0.31003937,8.7768509 6.5194157 0.31003937,
  8.7814961 6.496063 -0.31003937,8.7814961 6.496063 -0.31003937,
  8.7768509 6.5194157 0.31003937,8.7768509 6.5194157 -0.31003937,
  8.7768509 6.4727103 0.31003937,8.7814961 6.496063 0.31003937,
  8.7768509 6.4727103 -0.31003937,8.7768509 6.4727103 -0.31003937,
  8.7814961 6.496063 0.31003937,8.7814961 6.496063 -0.31003937,
  8.7636227 6.4529128 0.31003937,8.7768509 6.4727103 0.31003937,
  8.7636227 6.4529128 -0.31003937,8.7636227 6.4529128 -0.31003937,
  8.7768509 6.4727103 0.31003937,8.7768509 6.4727103 -0.31003937,
  8.7438252 6.4396845 0.31003937,8.7636227 6.4529128 0.31003937,
  8.7438252 6.4396845 -0.31003937,8.7438252 6.4396845 -0.31003937,
  8.7636227 6.4529128 0.31003937,8.7636227 6.4529128 -0.31003937,
  8.7204724 6.4350394 0.31003937,8.7438252 6.4396845 0.31003937,
  8.7204724 6.4350394 -0.31003937,8.7204724 6.4350394 -0.31003937,
  8.7438252 6.4396845 0.31003937,8.7438252 6.4396845 -0.31003937,
  8.6971197 6.4396845 0.31003937,8.7204724 6.4350394 0.31003937,
  8.6971197 6.4396845 -0.31003937,8.6971197 6.4396845 -0.31003937,
  8.7204724 6.4350394 0.31003937,8.7204724 6.4350394 -0.31003937,
  8.6773222 6.4529128 0.31003937,8.6971197 6.4396845 0.31003937,
  8.6773222 6.4529128 -0.31003937,8.6773222 6.4529128 -0.31003937,
  8.6971197 6.4396845 0.31003937,8.6971197 6.4396845 -0.31003937,
  8.664094 6.4727103 0.31003937,8.6773222 6.4529128 0.31003937,
  8.664094 6.4727103 -0.31003937,8.664094 6.4727103 -0.31003937,
  8.6773222 6.4529128 0.31003937,8.6773222 6.4529128 -0.31003937,
  8.6594488 6.496063 0.31003937,8.664094 6.4727103 0.31003937,
  8.6594488 6.496063 -0.31003937,8.6594488 6.496063 -0.31003937,
  8.664094 6.4727103 0.31003937,8.664094 6.4727103 -0.31003937,
  3.7861412 12.200518 0.31003937,3.7814961 12.177165 0.31003937,
  3.7861412 12.200518 -0.31003937,3.7861412 12.200518 -0.31003937,
  3.7814961 12.177165 0.31003937,3.7814961 12.177165 -0.31003937,
  3.7993695 12.220316 0.31003937,3.7861412 12.200518 0.31003937,
  3.7993695 12.220316 -0.31003937,3.7993695 12.220316 -0.31003937,
  3.7861412 12.200518 0.31003937,3.7861412 12.200518 -0.31003937,
  3.819167 12.233544 0.31003937,3.7993695 12.220316 0.31003937,
  3.819167 12.233544 -0.31003937,3.819167 12.233544 -0.31003937,
  3.7993695 12.220316 0.31003937,3.7993695 12.220316 -0.31003937,
  3.8425197 12.238189 0.31003937,3.819167 12.233544 0.31003937,
  3.8425197 12.238189 -0.31003937,3.8425197 12.238189 -0.31003937,
  3.819167 12.233544 0.31003937,3.819167 12.233544 -0.31003937,
  3.8658724 12.233544 0.31003937,3.8425197 12.238189 0.31003937,
  3.8658724 12.233544 -0.31003937,3.8658724 12.233544 -0.31003937,
  3.8425197 12.238189 0.31003937,3.8425197 12.238189 -0.31003937,
  3.8856699 12.220316 0.31003937,3.8658724 12.233544 0.31003937,
  3.8856699 12.220316 -0.31003937,3.8856699 12.220316 -0.31003937,
  3.8658724 12.233544 0.31003937,3.8658724 12.233544 -0.31003937,
  3.8988982 12.200518 0.31003937,3.8856699 12.220316 0.31003937,
  3.8988982 12.200518 -0.31003937,3.8988982 12.200518 -0.31003937,
  3.8856699 12.220316 0.31003937,3.8856699 12.220316 -0.31003937,
  3.9035433 12.177165 0.31003937,3.8988982 12.200518 0.31003937,
  3.9035433 12.177165 -0.31003937,3.9035433 12.177165 -0.31003937,
  3.8988982 12.200518 0.31003937,3.8988982 12.200518 -0.31003937,
  3.8988982 12.153813 0.31003937,3.9035433 12.177165 0.31003937,
  3.8988982 12.153813 -0.31003937,3.8988982 12.153813 -0.31003937,
  3.9035433 12.177165 0.31003937,3.9035433 12.177165 -0.31003937,
  3.8856699 12.134015 0.31003937,3.8988982 12.153813 0.31003937,
  3.8856699 12.134015 -0.31003937,3.8856699 12.134015 -0.31003937,
  3.8988982 12.153813 0.31003937,3.8988982 12.153813 -0.31003937,
  3.8658724 12.120787 0.31003937,3.8856699 12.134015 0.31003937,
  3.8658724 12.120787 -0.31003937,3.8658724 12.120787 -0.31003937,
  3.8856699 12.134015 0.31003937,3.8856699 12.134015 -0.31003937,
  3.8425197 12.116142 0.31003937,3.8658724 12.120787 0.31003937,
  3.8425197 12.116142 -0.31003937,3.8425197 12.116142 -0.31003937,
  3.8658724 12.120787 0.31003937,3.8658724 12.120787 -0.31003937,
  3.819167 12.120787 0.31003937,3.8425197 12.116142 0.31003937,
  3.819167 12.120787 -0.31003937,3.819167 12.120787 -0.31003937,
  3.8425197 12.116142 0.31003937,3.8425197 12.116142 -0.31003937,
  3.7993695 12.134015 0.31003937,3.819167 12.120787 0.31003937,
  3.7993695 12.134015 -0.31003937,3.7993695 12.134015 -0.31003937,
  3.819167 12.120787 0.31003937,3.819167 12.120787 -0.31003937,
  3.7861412 12.153813 0.31003937,3.7993695 12.134015 0.31003937,
  3.7861412 12.153813 -0.31003937,3.7861412 12.153813 -0.31003937,
  3.7993695 12.134015 0.31003937,3.7993695 12.134015 -0.31003937,
  3.7814961 12.177165 0.31003937,3.7861412 12.153813 0.31003937,
  3.7814961 12.177165 -0.31003937,3.7814961 12.177165 -0.31003937,
  3.7861412 12.153813 0.31003937,3.7861412 12.153813 -0.31003937,
  3.4711806 12.200518 0.31003937,3.4665354 12.177165 0.31003937,
  3.4711806 12.200518 -0.31003937,3.4711806 12.200518 -0.31003937,
  3.4665354 12.177165 0.31003937,3.4665354 12.177165 -0.31003937,
  3.4844088 12.220316 0.31003937,3.4711806 12.200518 0.31003937,
  3.4844088 12.220316 -0.31003937,3.4844088 12.220316 -0.31003937,
  3.4711806 12.200518 0.31003937,3.4711806 12.200518 -0.31003937,
  3.5042063 12.233544 0.31003937,3.4844088 12.220316 0.31003937,
  3.5042063 12.233544 -0.31003937,3.5042063 12.233544 -0.31003937,
  3.4844088 12.220316 0.31003937,3.4844088 12.220316 -0.31003937,
  3.5275591 12.238189 0.31003937,3.5042063 12.233544 0.31003937,
  3.5275591 12.238189 -0.31003937,3.5275591 12.238189 -0.31003937,
  3.5042063 12.233544 0.31003937,3.5042063 12.233544 -0.31003937,
  3.5509118 12.233544 0.31003937,3.5275591 12.238189 0.31003937,
  3.5509118 12.233544 -0.31003937,3.5509118 12.233544 -0.31003937,
  3.5275591 12.238189 0.31003937,3.5275591 12.238189 -0.31003937,
  3.5707093 12.220316 0.31003937,3.5509118 12.233544 0.31003937,
  3.5707093 12.220316 -0.31003937,3.5707093 12.220316 -0.31003937,
  3.5509118 12.233544 0.31003937,3.5509118 12.233544 -0.31003937,
  3.5839375 12.200518 0.31003937,3.5707093 12.220316 0.31003937,
  3.5839375 12.200518 -0.31003937,3.5839375 12.200518 -0.31003937,
  3.5707093 12.220316 0.31003937,3.5707093 12.220316 -0.31003937,
  3.5885827 12.177165 0.31003937,3.5839375 12.200518 0.31003937,
  3.5885827 12.177165 -0.31003937,3.5885827 12.177165 -0.31003937,
  3.5839375 12.200518 0.31003937,3.5839375 12.200518 -0.31003937,
  3.5839375 12.153813 0.31003937,3.5885827 12.177165 0.31003937,
  3.5839375 12.153813 -0.31003937,3.5839375 12.153813 -0.31003937,
  3.5885827 12.177165 0.31003937,3.5885827 12.177165 -0.31003937,
  3.5707093 12.134015 0.31003937,3.5839375 12.153813 0.31003937,
  3.5707093 12.134015 -0.31003937,3.5707093 12.134015 -0.31003937,
  3.5839375 12.153813 0.31003937,3.5839375 12.153813 -0.31003937,
  3.5509118 12.120787 0.31003937,3.5707093 12.134015 0.31003937,
  3.5509118 12.120787 -0.31003937,3.5509118 12.120787 -0.31003937,
  3.5707093 12.134015 0.31003937,3.5707093 12.134015 -0.31003937,
  3.5275591 12.116142 0.31003937,3.5509118 12.120787 0.31003937,
  3.5275591 12.116142 -0.31003937,3.5275591 12.116142 -0.31003937,
  3.5509118 12.120787 0.31003937,3.5509118 12.120787 -0.31003937,
  3.5042063 12.120787 0.31003937,3.5275591 12.116142 0.31003937,
  3.5042063 12.120787 -0.31003937,3.5042063 12.120787 -0.31003937,
  3.5275591 12.116142 0.31003937,3.5275591 12.116142 -0.31003937,
  3.4844088 12.134015 0.31003937,3.5042063 12.120787 0.31003937,
  3.4844088 12.134015 -0.31003937,3.4844088 12.134015 -0.31003937,
  3.5042063 12.120787 0.31003937,3.5042063 12.120787 -0.31003937,
  3.4711806 12.153813 0.31003937,3.4844088 12.134015 0.31003937,
  3.4711806 12.153813 -0.31003937,3.4711806 12.153813 -0.31003937,
  3.4844088 12.134015 0.31003937,3.4844088 12.134015 -0.31003937,
  3.4665354 12.177165 0.31003937,3.4711806 12.153813 0.31003937,
  3.4665354 12.177165 -0.31003937,3.4665354 12.177165 -0.31003937,
  3.4711806 12.153813 0.31003937,3.4711806 12.153813 -0.31003937,
  3.4711806 11.885557 0.31003937,3.4665354 11.862205 0.31003937,
  3.4711806 11.885557 -0.31003937,3.4711806 11.885557 -0.31003937,
  3.4665354 11.862205 0.31003937,3.4665354 11.862205 -0.31003937,
  3.4844088 11.905355 0.31003937,3.4711806 11.885557 0.31003937,
  3.4844088 11.905355 -0.31003937,3.4844088 11.905355 -0.31003937,
  3.4711806 11.885557 0.31003937,3.4711806 11.885557 -0.31003937,
  3.5042063 11.918583 0.31003937,3.4844088 11.905355 0.31003937,
  3.5042063 11.918583 -0.31003937,3.5042063 11.918583 -0.31003937,
  3.4844088 11.905355 0.31003937,3.4844088 11.905355 -0.31003937,
  3.5275591 11.923228 0.31003937,3.5042063 11.918583 0.31003937,
  3.5275591 11.923228 -0.31003937,3.5275591 11.923228 -0.31003937,
  3.5042063 11.918583 0.31003937,3.5042063 11.918583 -0.31003937,
  3.5509118 11.918583 0.31003937,3.5275591 11.923228 0.31003937,
  3.5509118 11.918583 -0.31003937,3.5509118 11.918583 -0.31003937,
  3.5275591 11.923228 0.31003937,3.5275591 11.923228 -0.31003937,
  3.5707093 11.905355 0.31003937,3.5509118 11.918583 0.31003937,
  3.5707093 11.905355 -0.31003937,3.5707093 11.905355 -0.31003937,
  3.5509118 11.918583 0.31003937,3.5509118 11.918583 -0.31003937,
  3.5839375 11.885557 0.31003937,3.5707093 11.905355 0.31003937,
  3.5839375 11.885557 -0.31003937,3.5839375 11.885557 -0.31003937,
  3.5707093 11.905355 0.31003937,3.5707093 11.905355 -0.31003937,
  3.5885827 11.862205 0.31003937,3.5839375 11.885557 0.31003937,
  3.5885827 11.862205 -0.31003937,3.5885827 11.862205 -0.31003937,
  3.5839375 11.885557 0.31003937,3.5839375 11.885557 -0.31003937,
  3.5839375 11.838852 0.31003937,3.5885827 11.862205 0.31003937,
  3.5839375 11.838852 -0.31003937,3.5839375 11.838852 -0.31003937,
  3.5885827 11.862205 0.31003937,3.5885827 11.862205 -0.31003937,
  3.5707093 11.819055 0.31003937,3.5839375 11.838852 0.31003937,
  3.5707093 11.819055 -0.31003937,3.5707093 11.819055 -0.31003937,
  3.5839375 11.838852 0.31003937,3.5839375 11.838852 -0.31003937,
  3.5509118 11.805826 0.31003937,3.5707093 11.819055 0.31003937,
  3.5509118 11.805826 -0.31003937,3.5509118 11.805826 -0.31003937,
  3.5707093 11.819055 0.31003937,3.5707093 11.819055 -0.31003937,
  3.5275591 11.801181 0.31003937,3.5509118 11.805826 0.31003937,
  3.5275591 11.801181 -0.31003937,3.5275591 11.801181 -0.31003937,
  3.5509118 11.805826 0.31003937,3.5509118 11.805826 -0.31003937,
  3.5042063 11.805826 0.31003937,3.5275591 11.801181 0.31003937,
  3.5042063 11.805826 -0.31003937,3.5042063 11.805826 -0.31003937,
  3.5275591 11.801181 0.31003937,3.5275591 11.801181 -0.31003937,
  3.4844088 11.819055 0.31003937,3.5042063 11.805826 0.31003937,
  3.4844088 11.819055 -0.31003937,3.4844088 11.819055 -0.31003937,
  3.5042063 11.805826 0.31003937,3.5042063 11.805826 -0.31003937,
  3.4711806 11.838852 0.31003937,3.4844088 11.819055 0.31003937,
  3.4711806 11.838852 -0.31003937,3.4711806 11.838852 -0.31003937,
  3.4844088 11.819055 0.31003937,3.4844088 11.819055 -0.31003937,
  3.4665354 11.862205 0.31003937,3.4711806 11.838852 0.31003937,
  3.4665354 11.862205 -0.31003937,3.4665354 11.862205 -0.31003937,
  3.4711806 11.838852 0.31003937,3.4711806 11.838852 -0.31003937,
  3.4711806 11.570597 0.31003937,3.4665354 11.547244 0.31003937,
  3.4711806 11.570597 -0.31003937,3.4711806 11.570597 -0.31003937,
  3.4665354 11.547244 0.31003937,3.4665354 11.547244 -0.31003937,
  3.4844088 11.590394 0.31003937,3.4711806 11.570597 0.31003937,
  3.4844088 11.590394 -0.31003937,3.4844088 11.590394 -0.31003937,
  3.4711806 11.570597 0.31003937,3.4711806 11.570597 -0.31003937,
  3.5042063 11.603623 0.31003937,3.4844088 11.590394 0.31003937,
  3.5042063 11.603623 -0.31003937,3.5042063 11.603623 -0.31003937,
  3.4844088 11.590394 0.31003937,3.4844088 11.590394 -0.31003937,
  3.5275591 11.608268 0.31003937,3.5042063 11.603623 0.31003937,
  3.5275591 11.608268 -0.31003937,3.5275591 11.608268 -0.31003937,
  3.5042063 11.603623 0.31003937,3.5042063 11.603623 -0.31003937,
  3.5509118 11.603623 0.31003937,3.5275591 11.608268 0.31003937,
  3.5509118 11.603623 -0.31003937,3.5509118 11.603623 -0.31003937,
  3.5275591 11.608268 0.31003937,3.5275591 11.608268 -0.31003937,
  3.5707093 11.590394 0.31003937,3.5509118 11.603623 0.31003937,
  3.5707093 11.590394 -0.31003937,3.5707093 11.590394 -0.31003937,
  3.5509118 11.603623 0.31003937,3.5509118 11.603623 -0.31003937,
  3.5839375 11.570597 0.31003937,3.5707093 11.590394 0.31003937,
  3.5839375 11.570597 -0.31003937,3.5839375 11.570597 -0.31003937,
  3.5707093 11.590394 0.31003937,3.5707093 11.590394 -0.31003937,
  3.5885827 11.547244 0.31003937,3.5839375 11.570597 0.31003937,
  3.5885827 11.547244 -0.31003937,3.5885827 11.547244 -0.31003937,
  3.5839375 11.570597 0.31003937,3.5839375 11.570597 -0.31003937,
  3.5839375 11.523891 0.31003937,3.5885827 11.547244 0.31003937,
  3.5839375 11.523891 -0.31003937,3.5839375 11.523891 -0.31003937,
  3.5885827 11.547244 0.31003937,3.5885827 11.547244 -0.31003937,
  3.5707093 11.504094 0.31003937,3.5839375 11.523891 0.31003937,
  3.5707093 11.504094 -0.31003937,3.5707093 11.504094 -0.31003937,
  3.5839375 11.523891 0.31003937,3.5839375 11.523891 -0.31003937,
  3.5509118 11.490866 0.31003937,3.5707093 11.504094 0.31003937,
  3.5509118 11.490866 -0.31003937,3.5509118 11.490866 -0.31003937,
  3.5707093 11.504094 0.31003937,3.5707093 11.504094 -0.31003937,
  3.5275591 11.48622 0.31003937,3.5509118 11.490866 0.31003937,
  3.5275591 11.48622 -0.31003937,3.5275591 11.48622 -0.31003937,
  3.5509118 11.490866 0.31003937,3.5509118 11.490866 -0.31003937,
  3.5042063 11.490866 0.31003937,3.5275591 11.48622 0.31003937,
  3.5042063 11.490866 -0.31003937,3.5042063 11.490866 -0.31003937,
  3.5275591 11.48622 0.31003937,3.5275591 11.48622 -0.31003937,
  3.4844088 11.504094 0.31003937,3.5042063 11.490866 0.31003937,
  3.4844088 11.504094 -0.31003937,3.4844088 11.504094 -0.31003937,
  3.5042063 11.490866 0.31003937,3.5042063 11.490866 -0.31003937,
  3.4711806 11.523891 0.31003937,3.4844088 11.504094 0.31003937,
  3.4711806 11.523891 -0.31003937,3.4711806 11.523891 -0.31003937,
  3.4844088 11.504094 0.31003937,3.4844088 11.504094 -0.31003937,
  3.4665354 11.547244 0.31003937,3.4711806 11.523891 0.31003937,
  3.4665354 11.547244 -0.31003937,3.4665354 11.547244 -0.31003937,
  3.4711806 11.523891 0.31003937,3.4711806 11.523891 -0.31003937,
  3.4711806 11.255636 0.31003937,3.4665354 11.232283 0.31003937,
  3.4711806 11.255636 -0.31003937,3.4711806 11.255636 -0.31003937,
  3.4665354 11.232283 0.31003937,3.4665354 11.232283 -0.31003937,
  3.4844088 11.275434 0.31003937,3.4711806 11.255636 0.31003937,
  3.4844088 11.275434 -0.31003937,3.4844088 11.275434 -0.31003937,
  3.4711806 11.255636 0.31003937,3.4711806 11.255636 -0.31003937,
  3.5042063 11.288662 0.31003937,3.4844088 11.275434 0.31003937,
  3.5042063 11.288662 -0.31003937,3.5042063 11.288662 -0.31003937,
  3.4844088 11.275434 0.31003937,3.4844088 11.275434 -0.31003937,
  3.5275591 11.293307 0.31003937,3.5042063 11.288662 0.31003937,
  3.5275591 11.293307 -0.31003937,3.5275591 11.293307 -0.31003937,
  3.5042063 11.288662 0.31003937,3.5042063 11.288662 -0.31003937,
  3.5509118 11.288662 0.31003937,3.5275591 11.293307 0.31003937,
  3.5509118 11.288662 -0.31003937,3.5509118 11.288662 -0.31003937,
  3.5275591 11.293307 0.31003937,3.5275591 11.293307 -0.31003937,
  3.5707093 11.275434 0.31003937,3.5509118 11.288662 0.31003937,
  3.5707093 11.275434 -0.31003937,3.5707093 11.275434 -0.31003937,
  3.5509118 11.288662 0.31003937,3.5509118 11.288662 -0.31003937,
  3.5839375 11.255636 0.31003937,3.5707093 11.275434 0.31003937,
  3.5839375 11.255636 -0.31003937,3.5839375 11.255636 -0.31003937,
  3.5707093 11.275434 0.31003937,3.5707093 11.275434 -0.31003937,
  3.5885827 11.232283 0.31003937,3.5839375 11.255636 0.31003937,
  3.5885827 11.232283 -0.31003937,3.5885827 11.232283 -0.31003937,
  3.5839375 11.255636 0.31003937,3.5839375 11.255636 -0.31003937,
  3.5839375 11.208931 0.31003937,3.5885827 11.232283 0.31003937,
  3.5839375 11.208931 -0.31003937,3.5839375 11.208931 -0.31003937,
  3.5885827 11.232283 0.31003937,3.5885827 11.232283 -0.31003937,
  3.5707093 11.189133 0.31003937,3.5839375 11.208931 0.31003937,
  3.5707093 11.189133 -0.31003937,3.5707093 11.189133 -0.31003937,
  3.5839375 11.208931 0.31003937,3.5839375 11.208931 -0.31003937,
  3.5509118 11.175905 0.31003937,3.5707093 11.189133 0.31003937,
  3.5509118 11.175905 -0.31003937,3.5509118 11.175905 -0.31003937,
  3.5707093 11.189133 0.31003937,3.5707093 11.189133 -0.31003937,
  3.5275591 11.17126 0.31003937,3.5509118 11.175905 0.31003937,
  3.5275591 11.17126 -0.31003937,3.5275591 11.17126 -0.31003937,
  3.5509118 11.175905 0.31003937,3.5509118 11.175905 -0.31003937,
  3.5042063 11.175905 0.31003937,3.5275591 11.17126 0.31003937,
  3.5042063 11.175905 -0.31003937,3.5042063 11.175905 -0.31003937,
  3.5275591 11.17126 0.31003937,3.5275591 11.17126 -0.31003937,
  3.4844088 11.189133 0.31003937,3.5042063 11.175905 0.31003937,
  3.4844088 11.189133 -0.31003937,3.4844088 11.189133 -0.31003937,
  3.5042063 11.175905 0.31003937,3.5042063 11.175905 -0.31003937,
  3.4711806 11.208931 0.31003937,3.4844088 11.189133 0.31003937,
  3.4711806 11.208931 -0.31003937,3.4711806 11.208931 -0.31003937,
  3.4844088 11.189133 0.31003937,3.4844088 11.189133 -0.31003937,
  3.4665354 11.232283 0.31003937,3.4711806 11.208931 0.31003937,
  3.4665354 11.232283 -0.31003937,3.4665354 11.232283 -0.31003937,
  3.4711806 11.208931 0.31003937,3.4711806 11.208931 -0.31003937,
  3.4711806 10.940676 0.31003937,3.4665354 10.917323 0.31003937,
  3.4711806 10.940676 -0.31003937,3.4711806 10.940676 -0.31003937,
  3.4665354 10.917323 0.31003937,3.4665354 10.917323 -0.31003937,
  3.4844088 10.960473 0.31003937,3.4711806 10.940676 0.31003937,
  3.4844088 10.960473 -0.31003937,3.4844088 10.960473 -0.31003937,
  3.4711806 10.940676 0.31003937,3.4711806 10.940676 -0.31003937,
  3.5042063 10.973701 0.31003937,3.4844088 10.960473 0.31003937,
  3.5042063 10.973701 -0.31003937,3.5042063 10.973701 -0.31003937,
  3.4844088 10.960473 0.31003937,3.4844088 10.960473 -0.31003937,
  3.5275591 10.978346 0.31003937,3.5042063 10.973701 0.31003937,
  3.5275591 10.978346 -0.31003937,3.5275591 10.978346 -0.31003937,
  3.5042063 10.973701 0.31003937,3.5042063 10.973701 -0.31003937,
  3.5509118 10.973701 0.31003937,3.5275591 10.978346 0.31003937,
  3.5509118 10.973701 -0.31003937,3.5509118 10.973701 -0.31003937,
  3.5275591 10.978346 0.31003937,3.5275591 10.978346 -0.31003937,
  3.5707093 10.960473 0.31003937,3.5509118 10.973701 0.31003937,
  3.5707093 10.960473 -0.31003937,3.5707093 10.960473 -0.31003937,
  3.5509118 10.973701 0.31003937,3.5509118 10.973701 -0.31003937,
  3.5839375 10.940676 0.31003937,3.5707093 10.960473 0.31003937,
  3.5839375 10.940676 -0.31003937,3.5839375 10.940676 -0.31003937,
  3.5707093 10.960473 0.31003937,3.5707093 10.960473 -0.31003937,
  3.5885827 10.917323 0.31003937,3.5839375 10.940676 0.31003937,
  3.5885827 10.917323 -0.31003937,3.5885827 10.917323 -0.31003937,
  3.5839375 10.940676 0.31003937,3.5839375 10.940676 -0.31003937,
  3.5839375 10.89397 0.31003937,3.5885827 10.917323 0.31003937,
  3.5839375 10.89397 -0.31003937,3.5839375 10.89397 -0.31003937,
  3.5885827 10.917323 0.31003937,3.5885827 10.917323 -0.31003937,
  3.5707093 10.874173 0.31003937,3.5839375 10.89397 0.31003937,
  3.5707093 10.874173 -0.31003937,3.5707093 10.874173 -0.31003937,
  3.5839375 10.89397 0.31003937,3.5839375 10.89397 -0.31003937,
  3.5509118 10.860944 0.31003937,3.5707093 10.874173 0.31003937,
  3.5509118 10.860944 -0.31003937,3.5509118 10.860944 -0.31003937,
  3.5707093 10.874173 0.31003937,3.5707093 10.874173 -0.31003937,
  3.5275591 10.856299 0.31003937,3.5509118 10.860944 0.31003937,
  3.5275591 10.856299 -0.31003937,3.5275591 10.856299 -0.31003937,
  3.5509118 10.860944 0.31003937,3.5509118 10.860944 -0.31003937,
  3.5042063 10.860944 0.31003937,3.5275591 10.856299 0.31003937,
  3.5042063 10.860944 -0.31003937,3.5042063 10.860944 -0.31003937,
  3.5275591 10.856299 0.31003937,3.5275591 10.856299 -0.31003937,
  3.4844088 10.874173 0.31003937,3.5042063 10.860944 0.31003937,
  3.4844088 10.874173 -0.31003937,3.4844088 10.874173 -0.31003937,
  3.5042063 10.860944 0.31003937,3.5042063 10.860944 -0.31003937,
  3.4711806 10.89397 0.31003937,3.4844088 10.874173 0.31003937,
  3.4711806 10.89397 -0.31003937,3.4711806 10.89397 -0.31003937,
  3.4844088 10.874173 0.31003937,3.4844088 10.874173 -0.31003937,
  3.4665354 10.917323 0.31003937,3.4711806 10.89397 0.31003937,
  3.4665354 10.917323 -0.31003937,3.4665354 10.917323 -0.31003937,
  3.4711806 10.89397 0.31003937,3.4711806 10.89397 -0.31003937,
  3.4711806 10.625715 0.31003937,3.4665354 10.602362 0.31003937,
  3.4711806 10.625715 -0.31003937,3.4711806 10.625715 -0.31003937,
  3.4665354 10.602362 0.31003937,3.4665354 10.602362 -0.31003937,
  3.4844088 10.645512 0.31003937,3.4711806 10.625715 0.31003937,
  3.4844088 10.645512 -0.31003937,3.4844088 10.645512 -0.31003937,
  3.4711806 10.625715 0.31003937,3.4711806 10.625715 -0.31003937,
  3.5042063 10.658741 0.31003937,3.4844088 10.645512 0.31003937,
  3.5042063 10.658741 -0.31003937,3.5042063 10.658741 -0.31003937,
  3.4844088 10.645512 0.31003937,3.4844088 10.645512 -0.31003937,
  3.5275591 10.663386 0.31003937,3.5042063 10.658741 0.31003937,
  3.5275591 10.663386 -0.31003937,3.5275591 10.663386 -0.31003937,
  3.5042063 10.658741 0.31003937,3.5042063 10.658741 -0.31003937,
  3.5509118 10.658741 0.31003937,3.5275591 10.663386 0.31003937,
  3.5509118 10.658741 -0.31003937,3.5509118 10.658741 -0.31003937,
  3.5275591 10.663386 0.31003937,3.5275591 10.663386 -0.31003937,
  3.5707093 10.645512 0.31003937,3.5509118 10.658741 0.31003937,
  3.5707093 10.645512 -0.31003937,3.5707093 10.645512 -0.31003937,
  3.5509118 10.658741 0.31003937,3.5509118 10.658741 -0.31003937,
  3.5839375 10.625715 0.31003937,3.5707093 10.645512 0.31003937,
  3.5839375 10.625715 -0.31003937,3.5839375 10.625715 -0.31003937,
  3.5707093 10.645512 0.31003937,3.5707093 10.645512 -0.31003937,
  3.5885827 10.602362 0.31003937,3.5839375 10.625715 0.31003937,
  3.5885827 10.602362 -0.31003937,3.5885827 10.602362 -0.31003937,
  3.5839375 10.625715 0.31003937,3.5839375 10.625715 -0.31003937,
  3.5839375 10.579009 0.31003937,3.5885827 10.602362 0.31003937,
  3.5839375 10.579009 -0.31003937,3.5839375 10.579009 -0.31003937,
  3.5885827 10.602362 0.31003937,3.5885827 10.602362 -0.31003937,
  3.5707093 10.559212 0.31003937,3.5839375 10.579009 0.31003937,
  3.5707093 10.559212 -0.31003937,3.5707093 10.559212 -0.31003937,
  3.5839375 10.579009 0.31003937,3.5839375 10.579009 -0.31003937,
  3.5509118 10.545984 0.31003937,3.5707093 10.559212 0.31003937,
  3.5509118 10.545984 -0.31003937,3.5509118 10.545984 -0.31003937,
  3.5707093 10.559212 0.31003937,3.5707093 10.559212 -0.31003937,
  3.5275591 10.541339 0.31003937,3.5509118 10.545984 0.31003937,
  3.5275591 10.541339 -0.31003937,3.5275591 10.541339 -0.31003937,
  3.5509118 10.545984 0.31003937,3.5509118 10.545984 -0.31003937,
  3.5042063 10.545984 0.31003937,3.5275591 10.541339 0.31003937,
  3.5042063 10.545984 -0.31003937,3.5042063 10.545984 -0.31003937,
  3.5275591 10.541339 0.31003937,3.5275591 10.541339 -0.31003937,
  3.4844088 10.559212 0.31003937,3.5042063 10.545984 0.31003937,
  3.4844088 10.559212 -0.31003937,3.4844088 10.559212 -0.31003937,
  3.5042063 10.545984 0.31003937,3.5042063 10.545984 -0.31003937,
  3.4711806 10.579009 0.31003937,3.4844088 10.559212 0.31003937,
  3.4711806 10.579009 -0.31003937,3.4711806 10.579009 -0.31003937,
  3.4844088 10.559212 0.31003937,3.4844088 10.559212 -0.31003937,
  3.4665354 10.602362 0.31003937,3.4711806 10.579009 0.31003937,
  3.4665354 10.602362 -0.31003937,3.4665354 10.602362 -0.31003937,
  3.4711806 10.579009 0.31003937,3.4711806 10.579009 -0.31003937,
  3.4711806 10.310754 0.31003937,3.4665354 10.287402 0.31003937,
  3.4711806 10.310754 -0.31003937,3.4711806 10.310754 -0.31003937,
  3.4665354 10.287402 0.31003937,3.4665354 10.287402 -0.31003937,
  3.4844088 10.330552 0.31003937,3.4711806 10.310754 0.31003937,
  3.4844088 10.330552 -0.31003937,3.4844088 10.330552 -0.31003937,
  3.4711806 10.310754 0.31003937,3.4711806 10.310754 -0.31003937,
  3.5042063 10.34378 0.31003937,3.4844088 10.330552 0.31003937,
  3.5042063 10.34378 -0.31003937,3.5042063 10.34378 -0.31003937,
  3.4844088 10.330552 0.31003937,3.4844088 10.330552 -0.31003937,
  3.5275591 10.348425 0.31003937,3.5042063 10.34378 0.31003937,
  3.5275591 10.348425 -0.31003937,3.5275591 10.348425 -0.31003937,
  3.5042063 10.34378 0.31003937,3.5042063 10.34378 -0.31003937,
  3.5509118 10.34378 0.31003937,3.5275591 10.348425 0.31003937,
  3.5509118 10.34378 -0.31003937,3.5509118 10.34378 -0.31003937,
  3.5275591 10.348425 0.31003937,3.5275591 10.348425 -0.31003937,
  3.5707093 10.330552 0.31003937,3.5509118 10.34378 0.31003937,
  3.5707093 10.330552 -0.31003937,3.5707093 10.330552 -0.31003937,
  3.5509118 10.34378 0.31003937,3.5509118 10.34378 -0.31003937,
  3.5839375 10.310754 0.31003937,3.5707093 10.330552 0.31003937,
  3.5839375 10.310754 -0.31003937,3.5839375 10.310754 -0.31003937,
  3.5707093 10.330552 0.31003937,3.5707093 10.330552 -0.31003937,
  3.5885827 10.287402 0.31003937,3.5839375 10.310754 0.31003937,
  3.5885827 10.287402 -0.31003937,3.5885827 10.287402 -0.31003937,
  3.5839375 10.310754 0.31003937,3.5839375 10.310754 -0.31003937,
  3.5839375 10.264049 0.31003937,3.5885827 10.287402 0.31003937,
  3.5839375 10.264049 -0.31003937,3.5839375 10.264049 -0.31003937,
  3.5885827 10.287402 0.31003937,3.5885827 10.287402 -0.31003937,
  3.5707093 10.244251 0.31003937,3.5839375 10.264049 0.31003937,
  3.5707093 10.244251 -0.31003937,3.5707093 10.244251 -0.31003937,
  3.5839375 10.264049 0.31003937,3.5839375 10.264049 -0.31003937,
  3.5509118 10.231023 0.31003937,3.5707093 10.244251 0.31003937,
  3.5509118 10.231023 -0.31003937,3.5509118 10.231023 -0.31003937,
  3.5707093 10.244251 0.31003937,3.5707093 10.244251 -0.31003937,
  3.5275591 10.226378 0.31003937,3.5509118 10.231023 0.31003937,
  3.5275591 10.226378 -0.31003937,3.5275591 10.226378 -0.31003937,
  3.5509118 10.231023 0.31003937,3.5509118 10.231023 -0.31003937,
  3.5042063 10.231023 0.31003937,3.5275591 10.226378 0.31003937,
  3.5042063 10.231023 -0.31003937,3.5042063 10.231023 -0.31003937,
  3.5275591 10.226378 0.31003937,3.5275591 10.226378 -0.31003937,
  3.4844088 10.244251 0.31003937,3.5042063 10.231023 0.31003937,
  3.4844088 10.244251 -0.31003937,3.4844088 10.244251 -0.31003937,
  3.5042063 10.231023 0.31003937,3.5042063 10.231023 -0.31003937,
  3.4711806 10.264049 0.31003937,3.4844088 10.244251 0.31003937,
  3.4711806 10.264049 -0.31003937,3.4711806 10.264049 -0.31003937,
  3.4844088 10.244251 0.31003937,3.4844088 10.244251 -0.31003937,
  3.4665354 10.287402 0.31003937,3.4711806 10.264049 0.31003937,
  3.4665354 10.287402 -0.31003937,3.4665354 10.287402 -0.31003937,
  3.4711806 10.264049 0.31003937,3.4711806 10.264049 -0.31003937,
  1.1242919 4.9923953 0.31003937,1.128937 5.015748 0.31003937,
  1.1242919 4.9923953 -0.31003937,1.1242919 4.9923953 -0.31003937,
  1.128937 5.015748 0.31003937,1.128937 5.015748 -0.31003937,
  1.1110636 4.9725978 0.31003937,1.1242919 4.9923953 0.31003937,
  1.1110636 4.9725978 -0.31003937,1.1110636 4.9725978 -0.31003937,
  1.1242919 4.9923953 0.31003937,1.1242919 4.9923953 -0.31003937,
  1.0912661 4.9593696 0.31003937,1.1110636 4.9725978 0.31003937,
  1.0912661 4.9593696 -0.31003937,1.0912661 4.9593696 -0.31003937,
  1.1110636 4.9725978 0.31003937,1.1110636 4.9725978 -0.31003937,
  1.0679134 4.9547244 0.31003937,1.0912661 4.9593696 0.31003937,
  1.0679134 4.9547244 -0.31003937,1.0679134 4.9547244 -0.31003937,
  1.0912661 4.9593696 0.31003937,1.0912661 4.9593696 -0.31003937,
  1.0445607 4.9593696 0.31003937,1.0679134 4.9547244 0.31003937,
  1.0445607 4.9593696 -0.31003937,1.0445607 4.9593696 -0.31003937,
  1.0679134 4.9547244 0.31003937,1.0679134 4.9547244 -0.31003937,
  1.0247632 4.9725978 0.31003937,1.0445607 4.9593696 0.31003937,
  1.0247632 4.9725978 -0.31003937,1.0247632 4.9725978 -0.31003937,
  1.0445607 4.9593696 0.31003937,1.0445607 4.9593696 -0.31003937,
  1.0115349 4.9923953 0.31003937,1.0247632 4.9725978 0.31003937,
  1.0115349 4.9923953 -0.31003937,1.0115349 4.9923953 -0.31003937,
  1.0247632 4.9725978 0.31003937,1.0247632 4.9725978 -0.31003937,
  1.0068898 5.015748 0.31003937,1.0115349 4.9923953 0.31003937,
  1.0068898 5.015748 -0.31003937,1.0068898 5.015748 -0.31003937,
  1.0115349 4.9923953 0.31003937,1.0115349 4.9923953 -0.31003937,
  1.0115349 5.0391008 0.31003937,1.0068898 5.015748 0.31003937,
  1.0115349 5.0391008 -0.31003937,1.0115349 5.0391008 -0.31003937,
  1.0068898 5.015748 0.31003937,1.0068898 5.015748 -0.31003937,
  1.0247632 5.0588982 0.31003937,1.0115349 5.0391008 0.31003937,
  1.0247632 5.0588982 -0.31003937,1.0247632 5.0588982 -0.31003937,
  1.0115349 5.0391008 0.31003937,1.0115349 5.0391008 -0.31003937,
  1.0445607 5.0721265 0.31003937,1.0247632 5.0588982 0.31003937,
  1.0445607 5.0721265 -0.31003937,1.0445607 5.0721265 -0.31003937,
  1.0247632 5.0588982 0.31003937,1.0247632 5.0588982 -0.31003937,
  1.0679134 5.0767717 0.31003937,1.0445607 5.0721265 0.31003937,
  1.0679134 5.0767717 -0.31003937,1.0679134 5.0767717 -0.31003937,
  1.0445607 5.0721265 0.31003937,1.0445607 5.0721265 -0.31003937,
  1.0912661 5.0721265 0.31003937,1.0679134 5.0767717 0.31003937,
  1.0912661 5.0721265 -0.31003937,1.0912661 5.0721265 -0.31003937,
  1.0679134 5.0767717 0.31003937,1.0679134 5.0767717 -0.31003937,
  1.1110636 5.0588982 0.31003937,1.0912661 5.0721265 0.31003937,
  1.1110636 5.0588982 -0.31003937,1.1110636 5.0588982 -0.31003937,
  1.0912661 5.0721265 0.31003937,1.0912661 5.0721265 -0.31003937,
  1.1242919 5.0391008 0.31003937,1.1110636 5.0588982 0.31003937,
  1.1242919 5.0391008 -0.31003937,1.1242919 5.0391008 -0.31003937,
  1.1110636 5.0588982 0.31003937,1.1110636 5.0588982 -0.31003937,
  1.128937 5.015748 0.31003937,1.1242919 5.0391008 0.31003937,
  1.128937 5.015748 -0.31003937,1.128937 5.015748 -0.31003937,
  1.1242919 5.0391008 0.31003937,1.1242919 5.0391008 -0.31003937,
  1.1242919 4.5986945 0.31003937,1.128937 4.6220472 0.31003937,
  1.1242919 4.5986945 -0.31003937,1.1242919 4.5986945 -0.31003937,
  1.128937 4.6220472 0.31003937,1.128937 4.6220472 -0.31003937,
  1.1110636 4.578897 0.31003937,1.1242919 4.5986945 0.31003937,
  1.1110636 4.578897 -0.31003937,1.1110636 4.578897 -0.31003937,
  1.1242919 4.5986945 0.31003937,1.1242919 4.5986945 -0.31003937,
  1.0912661 4.5656688 0.31003937,1.1110636 4.578897 0.31003937,
  1.0912661 4.5656688 -0.31003937,1.0912661 4.5656688 -0.31003937,
  1.1110636 4.578897 0.31003937,1.1110636 4.578897 -0.31003937,
  1.0679134 4.5610236 0.31003937,1.0912661 4.5656688 0.31003937,
  1.0679134 4.5610236 -0.31003937,1.0679134 4.5610236 -0.31003937,
  1.0912661 4.5656688 0.31003937,1.0912661 4.5656688 -0.31003937,
  1.0445607 4.5656688 0.31003937,1.0679134 4.5610236 0.31003937,
  1.0445607 4.5656688 -0.31003937,1.0445607 4.5656688 -0.31003937,
  1.0679134 4.5610236 0.31003937,1.0679134 4.5610236 -0.31003937,
  1.0247632 4.578897 0.31003937,1.0445607 4.5656688 0.31003937,
  1.0247632 4.578897 -0.31003937,1.0247632 4.578897 -0.31003937,
  1.0445607 4.5656688 0.31003937,1.0445607 4.5656688 -0.31003937,
  1.0115349 4.5986945 0.31003937,1.0247632 4.578897 0.31003937,
  1.0115349 4.5986945 -0.31003937,1.0115349 4.5986945 -0.31003937,
  1.0247632 4.578897 0.31003937,1.0247632 4.578897 -0.31003937,
  1.0068898 4.6220472 0.31003937,1.0115349 4.5986945 0.31003937,
  1.0068898 4.6220472 -0.31003937,1.0068898 4.6220472 -0.31003937,
  1.0115349 4.5986945 0.31003937,1.0115349 4.5986945 -0.31003937,
  1.0115349 4.6454 0.31003937,1.0068898 4.6220472 0.31003937,
  1.0115349 4.6454 -0.31003937,1.0115349 4.6454 -0.31003937,
  1.0068898 4.6220472 0.31003937,1.0068898 4.6220472 -0.31003937,
  1.0247632 4.6651975 0.31003937,1.0115349 4.6454 0.31003937,
  1.0247632 4.6651975 -0.31003937,1.0247632 4.6651975 -0.31003937,
  1.0115349 4.6454 0.31003937,1.0115349 4.6454 -0.31003937,
  1.0445607 4.6784257 0.31003937,1.0247632 4.6651975 0.31003937,
  1.0445607 4.6784257 -0.31003937,1.0445607 4.6784257 -0.31003937,
  1.0247632 4.6651975 0.31003937,1.0247632 4.6651975 -0.31003937,
  1.0679134 4.6830709 0.31003937,1.0445607 4.6784257 0.31003937,
  1.0679134 4.6830709 -0.31003937,1.0679134 4.6830709 -0.31003937,
  1.0445607 4.6784257 0.31003937,1.0445607 4.6784257 -0.31003937,
  1.0912661 4.6784257 0.31003937,1.0679134 4.6830709 0.31003937,
  1.0912661 4.6784257 -0.31003937,1.0912661 4.6784257 -0.31003937,
  1.0679134 4.6830709 0.31003937,1.0679134 4.6830709 -0.31003937,
  1.1110636 4.6651975 0.31003937,1.0912661 4.6784257 0.31003937,
  1.1110636 4.6651975 -0.31003937,1.1110636 4.6651975 -0.31003937,
  1.0912661 4.6784257 0.31003937,1.0912661 4.6784257 -0.31003937,
  1.1242919 4.6454 0.31003937,1.1110636 4.6651975 0.31003937,
  1.1242919 4.6454 -0.31003937,1.1242919 4.6454 -0.31003937,
  1.1110636 4.6651975 0.31003937,1.1110636 4.6651975 -0.31003937,
  1.128937 4.6220472 0.31003937,1.1242919 4.6454 0.31003937,
  1.128937 4.6220472 -0.31003937,1.128937 4.6220472 -0.31003937,
  1.1242919 4.6454 0.31003937,1.1242919 4.6454 -0.31003937,
  4.0283554 8.6086034 0.31003937,4.0177165 8.5551181 0.31003937,
  4.0283554 8.6086034 -0.31003937,4.0283554 8.6086034 -0.31003937,
  4.0177165 8.5551181 0.31003937,4.0177165 8.5551181 -0.31003937,
  4.0586524 8.653946 0.31003937,4.0283554 8.6086034 0.31003937,
  4.0586524 8.653946 -0.31003937,4.0586524 8.653946 -0.31003937,
  4.0283554 8.6086034 0.31003937,4.0283554 8.6086034 -0.31003937,
  4.103995 8.684243 0.31003937,4.0586524 8.653946 0.31003937,
  4.103995 8.684243 -0.31003937,4.103995 8.684243 -0.31003937,
  4.0586524 8.653946 0.31003937,4.0586524 8.653946 -0.31003937,
  4.1574803 8.6948819 0.31003937,4.103995 8.684243 0.31003937,
  4.1574803 8.6948819 -0.31003937,4.1574803 8.6948819 -0.31003937,
  4.103995 8.684243 0.31003937,4.103995 8.684243 -0.31003937,
  4.2109656 8.684243 0.31003937,4.1574803 8.6948819 0.31003937,
  4.2109656 8.684243 -0.31003937,4.2109656 8.684243 -0.31003937,
  4.1574803 8.6948819 0.31003937,4.1574803 8.6948819 -0.31003937,
  4.2563082 8.653946 0.31003937,4.2109656 8.684243 0.31003937,
  4.2563082 8.653946 -0.31003937,4.2563082 8.653946 -0.31003937,
  4.2109656 8.684243 0.31003937,4.2109656 8.684243 -0.31003937,
  4.2866052 8.6086034 0.31003937,4.2563082 8.653946 0.31003937,
  4.2866052 8.6086034 -0.31003937,4.2866052 8.6086034 -0.31003937,
  4.2563082 8.653946 0.31003937,4.2563082 8.653946 -0.31003937,
  4.2972441 8.5551181 0.31003937,4.2866052 8.6086034 0.31003937,
  4.2972441 8.5551181 -0.31003937,4.2972441 8.5551181 -0.31003937,
  4.2866052 8.6086034 0.31003937,4.2866052 8.6086034 -0.31003937,
  4.2866052 8.5016328 0.31003937,4.2972441 8.5551181 0.31003937,
  4.2866052 8.5016328 -0.31003937,4.2866052 8.5016328 -0.31003937,
  4.2972441 8.5551181 0.31003937,4.2972441 8.5551181 -0.31003937,
  4.2563082 8.4562902 0.31003937,4.2866052 8.5016328 0.31003937,
  4.2563082 8.4562902 -0.31003937,4.2563082 8.4562902 -0.31003937,
  4.2866052 8.5016328 0.31003937,4.2866052 8.5016328 -0.31003937,
  4.2109656 8.4259932 0.31003937,4.2563082 8.4562902 0.31003937,
  4.2109656 8.4259932 -0.31003937,4.2109656 8.4259932 -0.31003937,
  4.2563082 8.4562902 0.31003937,4.2563082 8.4562902 -0.31003937,
  4.1574803 8.4153543 0.31003937,4.2109656 8.4259932 0.31003937,
  4.1574803 8.4153543 -0.31003937,4.1574803 8.4153543 -0.31003937,
  4.2109656 8.4259932 0.31003937,4.2109656 8.4259932 -0.31003937,
  4.103995 8.4259932 0.31003937,4.1574803 8.4153543 0.31003937,
  4.103995 8.4259932 -0.31003937,4.103995 8.4259932 -0.31003937,
  4.1574803 8.4153543 0.31003937,4.1574803 8.4153543 -0.31003937,
  4.0586524 8.4562902 0.31003937,4.103995 8.4259932 0.31003937,
  4.0586524 8.4562902 -0.31003937,4.0586524 8.4562902 -0.31003937,
  4.103995 8.4259932 0.31003937,4.103995 8.4259932 -0.31003937,
  4.0283554 8.5016328 0.31003937,4.0586524 8.4562902 0.31003937,
  4.0283554 8.5016328 -0.31003937,4.0283554 8.5016328 -0.31003937,
  4.0586524 8.4562902 0.31003937,4.0586524 8.4562902 -0.31003937,
  4.0177165 8.5551181 0.31003937,4.0283554 8.5016328 0.31003937,
  4.0177165 8.5551181 -0.31003937,4.0177165 8.5551181 -0.31003937,
  4.0283554 8.5016328 0.31003937,4.0283554 8.5016328 -0.31003937,
  12.936632 0.61074922 0.31003937,12.933071 0.59055118 0.31003937,
  12.936632 0.61074922 -0.31003937,12.936632 0.61074922 -0.31003937,
  12.933071 0.59055118 0.31003937,12.933071 0.59055118 -0.31003937,
  12.946887 0.62851108 0.31003937,12.936632 0.61074922 0.31003937,
  12.946887 0.62851108 -0.31003937,12.946887 0.62851108 -0.31003937,
  12.936632 0.61074922 0.31003937,12.936632 0.61074922 -0.31003937,
  12.962598 0.64169441 0.31003937,12.946887 0.62851108 0.31003937,
  12.962598 0.64169441 -0.31003937,12.962598 0.64169441 -0.31003937,
  12.946887 0.62851108 0.31003937,12.946887 0.62851108 -0.31003937,
  12.981871 0.64870912 0.31003937,12.962598 0.64169441 0.31003937,
  12.981871 0.64870912 -0.31003937,12.981871 0.64870912 -0.31003937,
  12.962598 0.64169441 0.31003937,12.962598 0.64169441 -0.31003937,
  13.002381 0.64870912 0.31003937,12.981871 0.64870912 0.31003937,
  13.002381 0.64870912 -0.31003937,13.002381 0.64870912 -0.31003937,
  12.981871 0.64870912 0.31003937,12.981871 0.64870912 -0.31003937,
  13.021654 0.64169441 0.31003937,13.002381 0.64870912 0.31003937,
  13.021654 0.64169441 -0.31003937,13.021654 0.64169441 -0.31003937,
  13.002381 0.64870912 0.31003937,13.002381 0.64870912 -0.31003937,
  13.037365 0.62851108 0.31003937,13.021654 0.64169441 0.31003937,
  13.037365 0.62851108 -0.31003937,13.037365 0.62851108 -0.31003937,
  13.021654 0.64169441 0.31003937,13.021654 0.64169441 -0.31003937,
  13.04762 0.61074922 0.31003937,13.037365 0.62851108 0.31003937,
  13.04762 0.61074922 -0.31003937,13.04762 0.61074922 -0.31003937,
  13.037365 0.62851108 0.31003937,13.037365 0.62851108 -0.31003937,
  13.051181 0.59055118 0.31003937,13.04762 0.61074922 0.31003937,
  13.051181 0.59055118 -0.31003937,13.051181 0.59055118 -0.31003937,
  13.04762 0.61074922 0.31003937,13.04762 0.61074922 -0.31003937,
  13.04762 0.57035314 0.31003937,13.051181 0.59055118 0.31003937,
  13.04762 0.57035314 -0.31003937,13.04762 0.57035314 -0.31003937,
  13.051181 0.59055118 0.31003937,13.051181 0.59055118 -0.31003937,
  13.037365 0.55259128 0.31003937,13.04762 0.57035314 0.31003937,
  13.037365 0.55259128 -0.31003937,13.037365 0.55259128 -0.31003937,
  13.04762 0.57035314 0.31003937,13.04762 0.57035314 -0.31003937,
  13.021654 0.53940795 0.31003937,13.037365 0.55259128 0.31003937,
  13.021654 0.53940795 -0.31003937,13.021654 0.53940795 -0.31003937,
  13.037365 0.55259128 0.31003937,13.037365 0.55259128 -0.31003937,
  13.002381 0.53239324 0.31003937,13.021654 0.53940795 0.31003937,
  13.002381 0.53239324 -0.31003937,13.002381 0.53239324 -0.31003937,
  13.021654 0.53940795 0.31003937,13.021654 0.53940795 -0.31003937,
  12.981871 0.53239324 0.31003937,13.002381 0.53239324 0.31003937,
  12.981871 0.53239324 -0.31003937,12.981871 0.53239324 -0.31003937,
  13.002381 0.53239324 0.31003937,13.002381 0.53239324 -0.31003937,
  12.962598 0.53940795 0.31003937,12.981871 0.53239324 0.31003937,
  12.962598 0.53940795 -0.31003937,12.962598 0.53940795 -0.31003937,
  12.981871 0.53239324 0.31003937,12.981871 0.53239324 -0.31003937,
  12.946887 0.55259128 0.31003937,12.962598 0.53940795 0.31003937,
  12.946887 0.55259128 -0.31003937,12.946887 0.55259128 -0.31003937,
  12.962598 0.53940795 0.31003937,12.962598 0.53940795 -0.31003937,
  12.936632 0.57035314 0.31003937,12.946887 0.55259128 0.31003937,
  12.936632 0.57035314 -0.31003937,12.936632 0.57035314 -0.31003937,
  12.946887 0.55259128 0.31003937,12.946887 0.55259128 -0.31003937,
  12.933071 0.59055118 0.31003937,12.936632 0.57035314 0.31003937,
  12.933071 0.59055118 -0.31003937,12.933071 0.59055118 -0.31003937,
  12.936632 0.57035314 0.31003937,12.936632 0.57035314 -0.31003937,
  0.53505752 0.61074922 0.31003937,0.53149606 0.59055118 0.31003937,
  0.53505752 0.61074922 -0.31003937,0.53505752 0.61074922 -0.31003937,
  0.53149606 0.59055118 0.31003937,0.53149606 0.59055118 -0.31003937,
  0.54531234 0.62851108 0.31003937,0.53505752 0.61074922 0.31003937,
  0.54531234 0.62851108 -0.31003937,0.54531234 0.62851108 -0.31003937,
  0.53505752 0.61074922 0.31003937,0.53505752 0.61074922 -0.31003937,
  0.56102362 0.64169441 0.31003937,0.54531234 0.62851108 0.31003937,
  0.56102362 0.64169441 -0.31003937,0.56102362 0.64169441 -0.31003937,
  0.54531234 0.62851108 0.31003937,0.54531234 0.62851108 -0.31003937,
  0.58029637 0.64870912 0.31003937,0.56102362 0.64169441 0.31003937,
  0.58029637 0.64870912 -0.31003937,0.58029637 0.64870912 -0.31003937,
  0.56102362 0.64169441 0.31003937,0.56102362 0.64169441 -0.31003937,
  0.60080599 0.64870912 0.31003937,0.58029637 0.64870912 0.31003937,
  0.60080599 0.64870912 -0.31003937,0.60080599 0.64870912 -0.31003937,
  0.58029637 0.64870912 0.31003937,0.58029637 0.64870912 -0.31003937,
  0.62007874 0.64169441 0.31003937,0.60080599 0.64870912 0.31003937,
  0.62007874 0.64169441 -0.31003937,0.62007874 0.64169441 -0.31003937,
  0.60080599 0.64870912 0.31003937,0.60080599 0.64870912 -0.31003937,
  0.63579003 0.62851108 0.31003937,0.62007874 0.64169441 0.31003937,
  0.63579003 0.62851108 -0.31003937,0.63579003 0.62851108 -0.31003937,
  0.62007874 0.64169441 0.31003937,0.62007874 0.64169441 -0.31003937,
  0.64604484 0.61074922 0.31003937,0.63579003 0.62851108 0.31003937,
  0.64604484 0.61074922 -0.31003937,0.64604484 0.61074922 -0.31003937,
  0.63579003 0.62851108 0.31003937,0.63579003 0.62851108 -0.31003937,
  0.6496063 0.59055118 0.31003937,0.64604484 0.61074922 0.31003937,
  0.6496063 0.59055118 -0.31003937,0.6496063 0.59055118 -0.31003937,
  0.64604484 0.61074922 0.31003937,0.64604484 0.61074922 -0.31003937,
  0.64604484 0.57035314 0.31003937,0.6496063 0.59055118 0.31003937,
  0.64604484 0.57035314 -0.31003937,0.64604484 0.57035314 -0.31003937,
  0.6496063 0.59055118 0.31003937,0.6496063 0.59055118 -0.31003937,
  0.63579003 0.55259128 0.31003937,0.64604484 0.57035314 0.31003937,
  0.63579003 0.55259128 -0.31003937,0.63579003 0.55259128 -0.31003937,
  0.64604484 0.57035314 0.31003937,0.64604484 0.57035314 -0.31003937,
  0.62007874 0.53940795 0.31003937,0.63579003 0.55259128 0.31003937,
  0.62007874 0.53940795 -0.31003937,0.62007874 0.53940795 -0.31003937,
  0.63579003 0.55259128 0.31003937,0.63579003 0.55259128 -0.31003937,
  0.60080599 0.53239324 0.31003937,0.62007874 0.53940795 0.31003937,
  0.60080599 0.53239324 -0.31003937,0.60080599 0.53239324 -0.31003937,
  0.62007874 0.53940795 0.31003937,0.62007874 0.53940795 -0.31003937,
  0.58029637 0.53239324 0.31003937,0.60080599 0.53239324 0.31003937,
  0.58029637 0.53239324 -0.31003937,0.58029637 0.53239324 -0.31003937,
  0.60080599 0.53239324 0.31003937,0.60080599 0.53239324 -0.31003937,
  0.56102362 0.53940795 0.31003937,0.58029637 0.53239324 0.31003937,
  0.56102362 0.53940795 -0.31003937,0.56102362 0.53940795 -0.31003937,
  0.58029637 0.53239324 0.31003937,0.58029637 0.53239324 -0.31003937,
  0.54531234 0.55259128 0.31003937,0.56102362 0.53940795 0.31003937,
  0.54531234 0.55259128 -0.31003937,0.54531234 0.55259128 -0.31003937,
  0.56102362 0.53940795 0.31003937,0.56102362 0.53940795 -0.31003937,
  0.53505752 0.57035314 0.31003937,0.54531234 0.55259128 0.31003937,
  0.53505752 0.57035314 -0.31003937,0.53505752 0.57035314 -0.31003937,
  0.54531234 0.55259128 0.31003937,0.54531234 0.55259128 -0.31003937,
  0.53149606 0.59055118 0.31003937,0.53505752 0.57035314 0.31003937,
  0.53149606 0.59055118 -0.31003937,0.53149606 0.59055118 -0.31003937,
  0.53505752 0.57035314 0.31003937,0.53505752 0.57035314 -0.31003937] }
 coordIndex [
  0,1,2,-1,3,4,5,-1,6,7,8,-1,9,10,11,-1,12,13,14,-1,15,16,17,-1,18,19,20,-1,21,22,23,-1,
  24,25,26,-1,27,28,29,-1,30,31,32,-1,33,34,35,-1,36,37,38,-1,39,40,41,-1,42,43,44,-1,45,46,47,-1,
  48,49,50,-1,51,52,53,-1,54,55,56,-1,57,58,59,-1,60,61,62,-1,63,64,65,-1,66,67,68,-1,69,70,71,-1,
  72,73,74,-1,75,76,77,-1,78,79,80,-1,81,82,83,-1,84,85,86,-1,87,88,89,-1,90,91,92,-1,93,94,95,-1,
  96,97,98,-1,99,100,101,-1,102,103,104,-1,105,106,107,-1,108,109,110,-1,111,112,113,-1,114,115,116,-1,117,118,119,-1,
  120,121,122,-1,123,124,125,-1,126,127,128,-1,129,130,131,-1,132,133,134,-1,135,136,137,-1,138,139,140,-1,141,142,143,-1,
  144,145,146,-1,147,148,149,-1,150,151,152,-1,153,154,155,-1,156,157,158,-1,159,160,161,-1,162,163,164,-1,165,166,167,-1,
  168,169,170,-1,171,172,173,-1,174,175,176,-1,177,178,179,-1,180,181,182,-1,183,184,185,-1,186,187,188,-1,189,190,191,-1,
  192,193,194,-1,195,196,197,-1,198,199,200,-1,201,202,203,-1,204,205,206,-1,207,208,209,-1,210,211,212,-1,213,214,215,-1,
  216,217,218,-1,219,220,221,-1,222,223,224,-1,225,226,227,-1,228,229,230,-1,231,232,233,-1,234,235,236,-1,237,238,239,-1,
  240,241,242,-1,243,244,245,-1,246,247,248,-1,249,250,251,-1,252,253,254,-1,255,256,257,-1,258,259,260,-1,261,262,263,-1,
  264,265,266,-1,267,268,269,-1,270,271,272,-1,273,274,275,-1,276,277,278,-1,279,280,281,-1,282,283,284,-1,285,286,287,-1,
  288,289,290,-1,291,292,293,-1,294,295,296,-1,297,298,299,-1,300,301,302,-1,303,304,305,-1,306,307,308,-1,309,310,311,-1,
  312,313,314,-1,315,316,317,-1,318,319,320,-1,321,322,323,-1,324,325,326,-1,327,328,329,-1,330,331,332,-1,333,334,335,-1,
  336,337,338,-1,339,340,341,-1,342,343,344,-1,345,346,347,-1,348,349,350,-1,351,352,353,-1,354,355,356,-1,357,358,359,-1,
  360,361,362,-1,363,364,365,-1,366,367,368,-1,369,370,371,-1,372,373,374,-1,375,376,377,-1,378,379,380,-1,381,382,383,-1,
  384,385,386,-1,387,388,389,-1,390,391,392,-1,393,394,395,-1,396,397,398,-1,399,400,401,-1,402,403,404,-1,405,406,407,-1,
  408,409,410,-1,411,412,413,-1,414,415,416,-1,417,418,419,-1,420,421,422,-1,423,424,425,-1,426,427,428,-1,429,430,431,-1,
  432,433,434,-1,435,436,437,-1,438,439,440,-1,441,442,443,-1,444,445,446,-1,447,448,449,-1,450,451,452,-1,453,454,455,-1,
  456,457,458,-1,459,460,461,-1,462,463,464,-1,465,466,467,-1,468,469,470,-1,471,472,473,-1,474,475,476,-1,477,478,479,-1,
  480,481,482,-1,483,484,485,-1,486,487,488,-1,489,490,491,-1,492,493,494,-1,495,496,497,-1,498,499,500,-1,501,502,503,-1,
  504,505,506,-1,507,508,509,-1,510,511,512,-1,513,514,515,-1,516,517,518,-1,519,520,521,-1,522,523,524,-1,525,526,527,-1,
  528,529,530,-1,531,532,533,-1,534,535,536,-1,537,538,539,-1,540,541,542,-1,543,544,545,-1,546,547,548,-1,549,550,551,-1,
  552,553,554,-1,555,556,557,-1,558,559,560,-1,561,562,563,-1,564,565,566,-1,567,568,569,-1,570,571,572,-1,573,574,575,-1,
  576,577,578,-1,579,580,581,-1,582,583,584,-1,585,586,587,-1,588,589,590,-1,591,592,593,-1,594,595,596,-1,597,598,599,-1,
  600,601,602,-1,603,604,605,-1,606,607,608,-1,609,610,611,-1,612,613,614,-1,615,616,617,-1,618,619,620,-1,621,622,623,-1,
  624,625,626,-1,627,628,629,-1,630,631,632,-1,633,634,635,-1,636,637,638,-1,639,640,641,-1,642,643,644,-1,645,646,647,-1,
  648,649,650,-1,651,652,653,-1,654,655,656,-1,657,658,659,-1,660,661,662,-1,663,664,665,-1,666,667,668,-1,669,670,671,-1,
  672,673,674,-1,675,676,677,-1,678,679,680,-1,681,682,683,-1,684,685,686,-1,687,688,689,-1,690,691,692,-1,693,694,695,-1,
  696,697,698,-1,699,700,701,-1,702,703,704,-1,705,706,707,-1,708,709,710,-1,711,712,713,-1,714,715,716,-1,717,718,719,-1,
  720,721,722,-1,723,724,725,-1,726,727,728,-1,729,730,731,-1,732,733,734,-1,735,736,737,-1,738,739,740,-1,741,742,743,-1,
  744,745,746,-1,747,748,749,-1,750,751,752,-1,753,754,755,-1,756,757,758,-1,759,760,761,-1,762,763,764,-1,765,766,767,-1,
  768,769,770,-1,771,772,773,-1,774,775,776,-1,777,778,779,-1,780,781,782,-1,783,784,785,-1,786,787,788,-1,789,790,791,-1,
  792,793,794,-1,795,796,797,-1,798,799,800,-1,801,802,803,-1,804,805,806,-1,807,808,809,-1,810,811,812,-1,813,814,815,-1,
  816,817,818,-1,819,820,821,-1,822,823,824,-1,825,826,827,-1,828,829,830,-1,831,832,833,-1,834,835,836,-1,837,838,839,-1,
  840,841,842,-1,843,844,845,-1,846,847,848,-1,849,850,851,-1,852,853,854,-1,855,856,857,-1,858,859,860,-1,861,862,863,-1,
  864,865,866,-1,867,868,869,-1,870,871,872,-1,873,874,875,-1,876,877,878,-1,879,880,881,-1,882,883,884,-1,885,886,887,-1,
  888,889,890,-1,891,892,893,-1,894,895,896,-1,897,898,899,-1,900,901,902,-1,903,904,905,-1,906,907,908,-1,909,910,911,-1,
  912,913,914,-1,915,916,917,-1,918,919,920,-1,921,922,923,-1,924,925,926,-1,927,928,929,-1,930,931,932,-1,933,934,935,-1,
  936,937,938,-1,939,940,941,-1,942,943,944,-1,945,946,947,-1,948,949,950,-1,951,952,953,-1,954,955,956,-1,957,958,959,-1,
  960,961,962,-1,963,964,965,-1,966,967,968,-1,969,970,971,-1,972,973,974,-1,975,976,977,-1,978,979,980,-1,981,982,983,-1,
  984,985,986,-1,987,988,989,-1,990,991,992,-1,993,994,995,-1,996,997,998,-1,999,1000,1001,-1,1002,1003,1004,-1,1005,1006,1007,-1,
  1008,1009,1010,-1,1011,1012,1013,-1,1014,1015,1016,-1,1017,1018,1019,-1,1020,1021,1022,-1,1023,1024,1025,-1,1026,1027,1028,-1,1029,1030,1031,-1,
  1032,1033,1034,-1,1035,1036,1037,-1,1038,1039,1040,-1,1041,1042,1043,-1,1044,1045,1046,-1,1047,1048,1049,-1,1050,1051,1052,-1,1053,1054,1055,-1,
  1056,1057,1058,-1,1059,1060,1061,-1,1062,1063,1064,-1,1065,1066,1067,-1,1068,1069,1070,-1,1071,1072,1073,-1,1074,1075,1076,-1,1077,1078,1079,-1,
  1080,1081,1082,-1,1083,1084,1085,-1,1086,1087,1088,-1,1089,1090,1091,-1,1092,1093,1094,-1,1095,1096,1097,-1,1098,1099,1100,-1,1101,1102,1103,-1,
  1104,1105,1106,-1,1107,1108,1109,-1,1110,1111,1112,-1,1113,1114,1115,-1,1116,1117,1118,-1,1119,1120,1121,-1,1122,1123,1124,-1,1125,1126,1127,-1,
  1128,1129,1130,-1,1131,1132,1133,-1,1134,1135,1136,-1,1137,1138,1139,-1,1140,1141,1142,-1,1143,1144,1145,-1,1146,1147,1148,-1,1149,1150,1151,-1,
  1152,1153,1154,-1,1155,1156,1157,-1,1158,1159,1160,-1,1161,1162,1163,-1,1164,1165,1166,-1,1167,1168,1169,-1,1170,1171,1172,-1,1173,1174,1175,-1,
  1176,1177,1178,-1,1179,1180,1181,-1,1182,1183,1184,-1,1185,1186,1187,-1,1188,1189,1190,-1,1191,1192,1193,-1,1194,1195,1196,-1,1197,1198,1199,-1,
  1200,1201,1202,-1,1203,1204,1205,-1,1206,1207,1208,-1,1209,1210,1211,-1,1212,1213,1214,-1,1215,1216,1217,-1,1218,1219,1220,-1,1221,1222,1223,-1,
  1224,1225,1226,-1,1227,1228,1229,-1,1230,1231,1232,-1,1233,1234,1235,-1,1236,1237,1238,-1,1239,1240,1241,-1,1242,1243,1244,-1,1245,1246,1247,-1,
  1248,1249,1250,-1,1251,1252,1253,-1,1254,1255,1256,-1,1257,1258,1259,-1,1260,1261,1262,-1,1263,1264,1265,-1,1266,1267,1268,-1,1269,1270,1271,-1,
  1272,1273,1274,-1,1275,1276,1277,-1,1278,1279,1280,-1,1281,1282,1283,-1,1284,1285,1286,-1,1287,1288,1289,-1,1290,1291,1292,-1,1293,1294,1295,-1,
  1296,1297,1298,-1,1299,1300,1301,-1,1302,1303,1304,-1,1305,1306,1307,-1,1308,1309,1310,-1,1311,1312,1313,-1,1314,1315,1316,-1,1317,1318,1319,-1,
  1320,1321,1322,-1,1323,1324,1325,-1,1326,1327,1328,-1,1329,1330,1331,-1,1332,1333,1334,-1,1335,1336,1337,-1,1338,1339,1340,-1,1341,1342,1343,-1,
  1344,1345,1346,-1,1347,1348,1349,-1,1350,1351,1352,-1,1353,1354,1355,-1,1356,1357,1358,-1,1359,1360,1361,-1,1362,1363,1364,-1,1365,1366,1367,-1,
  1368,1369,1370,-1,1371,1372,1373,-1,1374,1375,1376,-1,1377,1378,1379,-1,1380,1381,1382,-1,1383,1384,1385,-1,1386,1387,1388,-1,1389,1390,1391,-1,
  1392,1393,1394,-1,1395,1396,1397,-1,1398,1399,1400,-1,1401,1402,1403,-1,1404,1405,1406,-1,1407,1408,1409,-1,1410,1411,1412,-1,1413,1414,1415,-1,
  1416,1417,1418,-1,1419,1420,1421,-1,1422,1423,1424,-1,1425,1426,1427,-1,1428,1429,1430,-1,1431,1432,1433,-1,1434,1435,1436,-1,1437,1438,1439,-1,
  1440,1441,1442,-1,1443,1444,1445,-1,1446,1447,1448,-1,1449,1450,1451,-1,1452,1453,1454,-1,1455,1456,1457,-1,1458,1459,1460,-1,1461,1462,1463,-1,
  1464,1465,1466,-1,1467,1468,1469,-1,1470,1471,1472,-1,1473,1474,1475,-1,1476,1477,1478,-1,1479,1480,1481,-1,1482,1483,1484,-1,1485,1486,1487,-1,
  1488,1489,1490,-1,1491,1492,1493,-1,1494,1495,1496,-1,1497,1498,1499,-1,1500,1501,1502,-1,1503,1504,1505,-1,1506,1507,1508,-1,1509,1510,1511,-1,
  1512,1513,1514,-1,1515,1516,1517,-1,1518,1519,1520,-1,1521,1522,1523,-1,1524,1525,1526,-1,1527,1528,1529,-1,1530,1531,1532,-1,1533,1534,1535,-1,
  1536,1537,1538,-1,1539,1540,1541,-1,1542,1543,1544,-1,1545,1546,1547,-1,1548,1549,1550,-1,1551,1552,1553,-1,1554,1555,1556,-1,1557,1558,1559,-1,
  1560,1561,1562,-1,1563,1564,1565,-1,1566,1567,1568,-1,1569,1570,1571,-1,1572,1573,1574,-1,1575,1576,1577,-1,1578,1579,1580,-1,1581,1582,1583,-1,
  1584,1585,1586,-1,1587,1588,1589,-1,1590,1591,1592,-1,1593,1594,1595,-1,1596,1597,1598,-1,1599,1600,1601,-1,1602,1603,1604,-1,1605,1606,1607,-1,
  1608,1609,1610,-1,1611,1612,1613,-1,1614,1615,1616,-1,1617,1618,1619,-1,1620,1621,1622,-1,1623,1624,1625,-1,1626,1627,1628,-1,1629,1630,1631,-1,
  1632,1633,1634,-1,1635,1636,1637,-1,1638,1639,1640,-1,1641,1642,1643,-1,1644,1645,1646,-1,1647,1648,1649,-1,1650,1651,1652,-1,1653,1654,1655,-1,
  1656,1657,1658,-1,1659,1660,1661,-1,1662,1663,1664,-1,1665,1666,1667,-1,1668,1669,1670,-1,1671,1672,1673,-1,1674,1675,1676,-1,1677,1678,1679,-1,
  1680,1681,1682,-1,1683,1684,1685,-1,1686,1687,1688,-1,1689,1690,1691,-1,1692,1693,1694,-1,1695,1696,1697,-1,1698,1699,1700,-1,1701,1702,1703,-1,
  1704,1705,1706,-1,1707,1708,1709,-1,1710,1711,1712,-1,1713,1714,1715,-1,1716,1717,1718,-1,1719,1720,1721,-1,1722,1723,1724,-1,1725,1726,1727,-1,
  1728,1729,1730,-1,1731,1732,1733,-1,1734,1735,1736,-1,1737,1738,1739,-1,1740,1741,1742,-1,1743,1744,1745,-1,1746,1747,1748,-1,1749,1750,1751,-1,
  1752,1753,1754,-1,1755,1756,1757,-1,1758,1759,1760,-1,1761,1762,1763,-1,1764,1765,1766,-1,1767,1768,1769,-1,1770,1771,1772,-1,1773,1774,1775,-1,
  1776,1777,1778,-1,1779,1780,1781,-1,1782,1783,1784,-1,1785,1786,1787,-1,1788,1789,1790,-1,1791,1792,1793,-1,1794,1795,1796,-1,1797,1798,1799,-1,
  1800,1801,1802,-1,1803,1804,1805,-1,1806,1807,1808,-1,1809,1810,1811,-1,1812,1813,1814,-1,1815,1816,1817,-1,1818,1819,1820,-1,1821,1822,1823,-1,
  1824,1825,1826,-1,1827,1828,1829,-1,1830,1831,1832,-1,1833,1834,1835,-1,1836,1837,1838,-1,1839,1840,1841,-1,1842,1843,1844,-1,1845,1846,1847,-1,
  1848,1849,1850,-1,1851,1852,1853,-1,1854,1855,1856,-1,1857,1858,1859,-1,1860,1861,1862,-1,1863,1864,1865,-1,1866,1867,1868,-1,1869,1870,1871,-1,
  1872,1873,1874,-1,1875,1876,1877,-1,1878,1879,1880,-1,1881,1882,1883,-1,1884,1885,1886,-1,1887,1888,1889,-1,1890,1891,1892,-1,1893,1894,1895,-1,
  1896,1897,1898,-1,1899,1900,1901,-1,1902,1903,1904,-1,1905,1906,1907,-1,1908,1909,1910,-1,1911,1912,1913,-1,1914,1915,1916,-1,1917,1918,1919,-1,
  1920,1921,1922,-1,1923,1924,1925,-1,1926,1927,1928,-1,1929,1930,1931,-1,1932,1933,1934,-1,1935,1936,1937,-1,1938,1939,1940,-1,1941,1942,1943,-1,
  1944,1945,1946,-1,1947,1948,1949,-1,1950,1951,1952,-1,1953,1954,1955,-1,1956,1957,1958,-1,1959,1960,1961,-1,1962,1963,1964,-1,1965,1966,1967,-1,
  1968,1969,1970,-1,1971,1972,1973,-1,1974,1975,1976,-1,1977,1978,1979,-1,1980,1981,1982,-1,1983,1984,1985,-1,1986,1987,1988,-1,1989,1990,1991,-1,
  1992,1993,1994,-1,1995,1996,1997,-1,1998,1999,2000,-1,2001,2002,2003,-1,2004,2005,2006,-1,2007,2008,2009,-1,2010,2011,2012,-1,2013,2014,2015,-1,
  2016,2017,2018,-1,2019,2020,2021,-1,2022,2023,2024,-1,2025,2026,2027,-1,2028,2029,2030,-1,2031,2032,2033,-1,2034,2035,2036,-1,2037,2038,2039,-1,
  2040,2041,2042,-1,2043,2044,2045,-1,2046,2047,2048,-1,2049,2050,2051,-1,2052,2053,2054,-1,2055,2056,2057,-1,2058,2059,2060,-1,2061,2062,2063,-1,
  2064,2065,2066,-1,2067,2068,2069,-1,2070,2071,2072,-1,2073,2074,2075,-1,2076,2077,2078,-1,2079,2080,2081,-1,2082,2083,2084,-1,2085,2086,2087,-1,
  2088,2089,2090,-1,2091,2092,2093,-1,2094,2095,2096,-1,2097,2098,2099,-1,2100,2101,2102,-1,2103,2104,2105,-1,2106,2107,2108,-1,2109,2110,2111,-1,
  2112,2113,2114,-1,2115,2116,2117,-1,2118,2119,2120,-1,2121,2122,2123,-1,2124,2125,2126,-1,2127,2128,2129,-1,2130,2131,2132,-1,2133,2134,2135,-1,
  2136,2137,2138,-1,2139,2140,2141,-1,2142,2143,2144,-1,2145,2146,2147,-1,2148,2149,2150,-1,2151,2152,2153,-1,2154,2155,2156,-1,2157,2158,2159,-1,
  2160,2161,2162,-1,2163,2164,2165,-1,2166,2167,2168,-1,2169,2170,2171,-1,2172,2173,2174,-1,2175,2176,2177,-1,2178,2179,2180,-1,2181,2182,2183,-1,
  2184,2185,2186,-1,2187,2188,2189,-1,2190,2191,2192,-1,2193,2194,2195,-1,2196,2197,2198,-1,2199,2200,2201,-1,2202,2203,2204,-1,2205,2206,2207,-1,
  2208,2209,2210,-1,2211,2212,2213,-1,2214,2215,2216,-1,2217,2218,2219,-1,2220,2221,2222,-1,2223,2224,2225,-1,2226,2227,2228,-1,2229,2230,2231,-1,
  2232,2233,2234,-1,2235,2236,2237,-1,2238,2239,2240,-1,2241,2242,2243,-1,2244,2245,2246,-1,2247,2248,2249,-1,2250,2251,2252,-1,2253,2254,2255,-1,
  2256,2257,2258,-1,2259,2260,2261,-1,2262,2263,2264,-1,2265,2266,2267,-1,2268,2269,2270,-1,2271,2272,2273,-1,2274,2275,2276,-1,2277,2278,2279,-1,
  2280,2281,2282,-1,2283,2284,2285,-1,2286,2287,2288,-1,2289,2290,2291,-1,2292,2293,2294,-1,2295,2296,2297,-1,2298,2299,2300,-1,2301,2302,2303,-1,
  2304,2305,2306,-1,2307,2308,2309,-1,2310,2311,2312,-1,2313,2314,2315,-1,2316,2317,2318,-1,2319,2320,2321,-1,2322,2323,2324,-1,2325,2326,2327,-1,
  2328,2329,2330,-1,2331,2332,2333,-1,2334,2335,2336,-1,2337,2338,2339,-1,2340,2341,2342,-1,2343,2344,2345,-1,2346,2347,2348,-1,2349,2350,2351,-1,
  2352,2353,2354,-1,2355,2356,2357,-1,2358,2359,2360,-1,2361,2362,2363,-1,2364,2365,2366,-1,2367,2368,2369,-1,2370,2371,2372,-1,2373,2374,2375,-1,
  2376,2377,2378,-1,2379,2380,2381,-1,2382,2383,2384,-1,2385,2386,2387,-1,2388,2389,2390,-1,2391,2392,2393,-1,2394,2395,2396,-1,2397,2398,2399,-1,
  2400,2401,2402,-1,2403,2404,2405,-1,2406,2407,2408,-1,2409,2410,2411,-1,2412,2413,2414,-1,2415,2416,2417,-1,2418,2419,2420,-1,2421,2422,2423,-1,
  2424,2425,2426,-1,2427,2428,2429,-1,2430,2431,2432,-1,2433,2434,2435,-1,2436,2437,2438,-1,2439,2440,2441,-1,2442,2443,2444,-1,2445,2446,2447,-1,
  2448,2449,2450,-1,2451,2452,2453,-1,2454,2455,2456,-1,2457,2458,2459,-1,2460,2461,2462,-1,2463,2464,2465,-1,2466,2467,2468,-1,2469,2470,2471,-1,
  2472,2473,2474,-1,2475,2476,2477,-1,2478,2479,2480,-1,2481,2482,2483,-1,2484,2485,2486,-1,2487,2488,2489,-1,2490,2491,2492,-1,2493,2494,2495,-1,
  2496,2497,2498,-1,2499,2500,2501,-1,2502,2503,2504,-1,2505,2506,2507,-1,2508,2509,2510,-1,2511,2512,2513,-1,2514,2515,2516,-1,2517,2518,2519,-1,
  2520,2521,2522,-1,2523,2524,2525,-1,2526,2527,2528,-1,2529,2530,2531,-1,2532,2533,2534,-1,2535,2536,2537,-1,2538,2539,2540,-1,2541,2542,2543,-1,
  2544,2545,2546,-1,2547,2548,2549,-1,2550,2551,2552,-1,2553,2554,2555,-1,2556,2557,2558,-1,2559,2560,2561,-1]
  normalPerVertex TRUE
  normal DEF NORM_2 Normal { vector [
  0.98078528 -0.19509032 0,0.98078528 -0.19509032 0,
  0.98078528 -0.19509032 0,0.98078528 -0.19509032 0,
  0.98078528 -0.19509032 0,0.98078528 -0.19509032 0,
  0.83146961 -0.55557023 0,0.83146961 -0.55557023 0,
  0.83146961 -0.55557023 0,0.83146961 -0.55557023 0,
  0.83146961 -0.55557023 0,0.83146961 -0.55557023 0,
  0.55557023 -0.83146961 0,0.55557023 -0.83146961 0,
  0.55557023 -0.83146961 0,0.55557023 -0.83146961 0,
  0.55557023 -0.83146961 0,0.55557023 -0.83146961 0,
  0.19509032 -0.98078528 0,0.19509032 -0.98078528 0,
  0.19509032 -0.98078528 0,0.19509032 -0.98078528 0,
  0.19509032 -0.98078528 0,0.19509032 -0.98078528 0,
  -0.19509032 -0.98078528 0,-0.19509032 -0.98078528 0,
  -0.19509032 -0.98078528 0,-0.19509032 -0.98078528 0,
  -0.19509032 -0.98078528 0,-0.19509032 -0.98078528 0,
  -0.55557023 -0.83146961 0,-0.55557023 -0.83146961 0,
  -0.55557023 -0.83146961 0,-0.55557023 -0.83146961 0,
  -0.55557023 -0.83146961 0,-0.55557023 -0.83146961 0,
  -0.83146961 -0.55557023 0,-0.83146961 -0.55557023 0,
  -0.83146961 -0.55557023 0,-0.83146961 -0.55557023 0,
  -0.83146961 -0.55557023 0,-0.83146961 -0.55557023 0,
  -0.98078528 -0.19509032 0,-0.98078528 -0.19509032 0,
  -0.98078528 -0.19509032 0,-0.98078528 -0.19509032 0,
  -0.98078528 -0.19509032 0,-0.98078528 -0.19509032 0,
  -0.98078528 0.19509032 0,-0.98078528 0.19509032 0,
  -0.98078528 0.19509032 0,-0.98078528 0.19509032 0,
  -0.98078528 0.19509032 0,-0.98078528 0.19509032 0,
  -0.83146961 0.55557023 0,-0.83146961 0.55557023 0,
  -0.83146961 0.55557023 0,-0.83146961 0.55557023 0,
  -0.83146961 0.55557023 0,-0.83146961 0.55557023 0,
  -0.55557023 0.83146961 0,-0.55557023 0.83146961 0,
  -0.55557023 0.83146961 0,-0.55557023 0.83146961 0,
  -0.55557023 0.83146961 0,-0.55557023 0.83146961 0,
  -0.19509032 0.98078528 0,-0.19509032 0.98078528 0,
  -0.19509032 0.98078528 0,-0.19509032 0.98078528 0,
  -0.19509032 0.98078528 0,-0.19509032 0.98078528 0,
  0.19509032 0.98078528 0,0.19509032 0.98078528 0,
  0.19509032 0.98078528 0,0.19509032 0.98078528 0,
  0.19509032 0.98078528 0,0.19509032 0.98078528 0,
  0.55557023 0.83146961 0,0.55557023 0.83146961 0,
  0.55557023 0.83146961 0,0.55557023 0.83146961 0,
  0.55557023 0.83146961 0,0.55557023 0.83146961 0,
  0.83146961 0.55557023 0,0.83146961 0.55557023 0,
  0.83146961 0.55557023 0,0.83146961 0.55557023 0,
  0.83146961 0.55557023 0,0.83146961 0.55557023 0,
  0.98078528 0.19509032 0,0.98078528 0.19509032 0,
  0.98078528 0.19509032 0,0.98078528 0.19509032 0,
  0.98078528 0.19509032 0,0.98078528 0.19509032 0,
  -0.98078528 0.19509032 0,-0.98078528 0.19509032 0,
  -0.98078528 0.19509032 0,-0.98078528 0.19509032 0,
  -0.98078528 0.19509032 0,-0.98078528 0.19509032 0,
  -0.83146961 0.55557023 0,-0.83146961 0.55557023 0,
  -0.83146961 0.55557023 0,-0.83146961 0.55557023 0,
  -0.83146961 0.55557023 0,-0.83146961 0.55557023 0,
  -0.55557023 0.83146961 0,-0.55557023 0.83146961 0,
  -0.55557023 0.83146961 0,-0.55557023 0.83146961 0,
  -0.55557023 0.83146961 0,-0.55557023 0.83146961 0,
  -0.19509032 0.98078528 0,-0.19509032 0.98078528 0,
  -0.19509032 0.98078528 0,-0.19509032 0.98078528 0,
  -0.19509032 0.98078528 0,-0.19509032 0.98078528 0,
  0.19509032 0.98078528 0,0.19509032 0.98078528 0,
  0.19509032 0.98078528 0,0.19509032 0.98078528 0,
  0.19509032 0.98078528 0,0.19509032 0.98078528 0,
  0.55557023 0.83146961 0,0.55557023 0.83146961 0,
  0.55557023 0.83146961 0,0.55557023 0.83146961 0,
  0.55557023 0.83146961 0,0.55557023 0.83146961 0,
  0.83146961 0.55557023 0,0.83146961 0.55557023 0,
  0.83146961 0.55557023 0,0.83146961 0.55557023 0,
  0.83146961 0.55557023 0,0.83146961 0.55557023 0,
  0.98078528 0.19509032 0,0.98078528 0.19509032 0,
  0.98078528 0.19509032 0,0.98078528 0.19509032 0,
  0.98078528 0.19509032 0,0.98078528 0.19509032 0,
  0.98078528 -0.19509032 0,0.98078528 -0.19509032 0,
  0.98078528 -0.19509032 0,0.98078528 -0.19509032 0,
  0.98078528 -0.19509032 0,0.98078528 -0.19509032 0,
  0.83146961 -0.55557023 0,0.83146961 -0.55557023 0,
  0.83146961 -0.55557023 0,0.83146961 -0.55557023 0,
  0.83146961 -0.55557023 0,0.83146961 -0.55557023 0,
  0.55557023 -0.83146961 0,0.55557023 -0.83146961 0,
  0.55557023 -0.83146961 0,0.55557023 -0.83146961 0,
  0.55557023 -0.83146961 0,0.55557023 -0.83146961 0,
  0.19509032 -0.98078528 0,0.19509032 -0.98078528 0,
  0.19509032 -0.98078528 0,0.19509032 -0.98078528 0,
  0.19509032 -0.98078528 0,0.19509032 -0.98078528 0,
  -0.19509032 -0.98078528 0,-0.19509032 -0.98078528 0,
  -0.19509032 -0.98078528 0,-0.19509032 -0.98078528 0,
  -0.19509032 -0.98078528 0,-0.19509032 -0.98078528 0,
  -0.55557023 -0.83146961 0,-0.55557023 -0.83146961 0,
  -0.55557023 -0.83146961 0,-0.55557023 -0.83146961 0,
  -0.55557023 -0.83146961 0,-0.55557023 -0.83146961 0,
  -0.83146961 -0.55557023 0,-0.83146961 -0.55557023 0,
  -0.83146961 -0.55557023 0,-0.83146961 -0.55557023 0,
  -0.83146961 -0.55557023 0,-0.83146961 -0.55557023 0,
  -0.98078528 -0.19509032 0,-0.98078528 -0.19509032 0,
  -0.98078528 -0.19509032 0,-0.98078528 -0.19509032 0,
  -0.98078528 -0.19509032 0,-0.98078528 -0.19509032 0,
  -0.98078528 0.19509032 0,-0.98078528 0.19509032 0,
  -0.98078528 0.19509032 0,-0.98078528 0.19509032 0,
  -0.98078528 0.19509032 0,-0.98078528 0.19509032 0,
  -0.83146961 0.55557023 0,-0.83146961 0.55557023 0,
  -0.83146961 0.55557023 0,-0.83146961 0.55557023 0,
  -0.83146961 0.55557023 0,-0.83146961 0.55557023 0,
  -0.55557023 0.83146961 0,-0.55557023 0.83146961 0,
  -0.55557023 0.83146961 0,-0.55557023 0.83146961 0,
  -0.55557023 0.83146961 0,-0.55557023 0.83146961 0,
  -0.19509032 0.98078528 0,-0.19509032 0.98078528 0,
  -0.19509032 0.98078528 0,-0.19509032 0.98078528 0,
  -0.19509032 0.98078528 0,-0.19509032 0.98078528 0,
  0.19509032 0.98078528 0,0.19509032 0.98078528 0,
  0.19509032 0.98078528 0,0.19509032 0.98078528 0,
  0.19509032 0.98078528 0,0.19509032 0.98078528 0,
  0.55557023 0.83146961 0,0.55557023 0.83146961 0,
  0.55557023 0.83146961 0,0.55557023 0.83146961 0,
  0.55557023 0.83146961 0,0.55557023 0.83146961 0,
  0.83146961 0.55557023 0,0.83146961 0.55557023 0,
  0.83146961 0.55557023 0,0.83146961 0.55557023 0,
  0.83146961 0.55557023 0,0.83146961 0.55557023 0,
  0.98078528 0.19509032 0,0.98078528 0.19509032 0,
  0.98078528 0.19509032 0,0.98078528 0.19509032 0,
  0.98078528 0.19509032 0,0.98078528 0.19509032 0,
  0.98078528 -0.19509032 0,0.98078528 -0.19509032 0,
  0.98078528 -0.19509032 0,0.98078528 -0.19509032 0,
  0.98078528 -0.19509032 0,0.98078528 -0.19509032 0,
  0.83146961 -0.55557023 0,0.83146961 -0.55557023 0,
  0.83146961 -0.55557023 0,0.83146961 -0.55557023 0,
  0.83146961 -0.55557023 0,0.83146961 -0.55557023 0,
  0.55557023 -0.83146961 0,0.55557023 -0.83146961 0,
  0.55557023 -0.83146961 0,0.55557023 -0.83146961 0,
  0.55557023 -0.83146961 0,0.55557023 -0.83146961 0,
  0.19509032 -0.98078528 0,0.19509032 -0.98078528 0,
  0.19509032 -0.98078528 0,0.19509032 -0.98078528 0,
  0.19509032 -0.98078528 0,0.19509032 -0.98078528 0,
  -0.19509032 -0.98078528 0,-0.19509032 -0.98078528 0,
  -0.19509032 -0.98078528 0,-0.19509032 -0.98078528 0,
  -0.19509032 -0.98078528 0,-0.19509032 -0.98078528 0,
  -0.55557023 -0.83146961 0,-0.55557023 -0.83146961 0,
  -0.55557023 -0.83146961 0,-0.55557023 -0.83146961 0,
  -0.55557023 -0.83146961 0,-0.55557023 -0.83146961 0,
  -0.83146961 -0.55557023 0,-0.83146961 -0.55557023 0,
  -0.83146961 -0.55557023 0,-0.83146961 -0.55557023 0,
  -0.83146961 -0.55557023 0,-0.83146961 -0.55557023 0,
  -0.98078528 -0.19509032 0,-0.98078528 -0.19509032 0,
  -0.98078528 -0.19509032 0,-0.98078528 -0.19509032 0,
  -0.98078528 -0.19509032 0,-0.98078528 -0.19509032 0,
  0.98078528 -0.19509032 0,0.98078528 -0.19509032 0,
  0.98078528 -0.19509032 0,0.98078528 -0.19509032 0,
  0.98078528 -0.19509032 0,0.98078528 -0.19509032 0,
  0.83146961 -0.55557023 0,0.83146961 -0.55557023 0,
  0.83146961 -0.55557023 0,0.83146961 -0.55557023 0,
  0.83146961 -0.55557023 0,0.83146961 -0.55557023 0,
  0.55557023 -0.83146961 0,0.55557023 -0.83146961 0,
  0.55557023 -0.83146961 0,0.55557023 -0.83146961 0,
  0.55557023 -0.83146961 0,0.55557023 -0.83146961 0,
  0.19509032 -0.98078528 0,0.19509032 -0.98078528 0,
  0.19509032 -0.98078528 0,0.19509032 -0.98078528 0,
  0.19509032 -0.98078528 0,0.19509032 -0.98078528 0,
  -0.19509032 -0.98078528 0,-0.19509032 -0.98078528 0,
  -0.19509032 -0.98078528 0,-0.19509032 -0.98078528 0,
  -0.19509032 -0.98078528 0,-0.19509032 -0.98078528 0,
  -0.55557023 -0.83146961 0,-0.55557023 -0.83146961 0,
  -0.55557023 -0.83146961 0,-0.55557023 -0.83146961 0,
  -0.55557023 -0.83146961 0,-0.55557023 -0.83146961 0,
  -0.83146961 -0.55557023 0,-0.83146961 -0.55557023 0,
  -0.83146961 -0.55557023 0,-0.83146961 -0.55557023 0,
  -0.83146961 -0.55557023 0,-0.83146961 -0.55557023 0,
  -0.98078528 -0.19509032 0,-0.98078528 -0.19509032 0,
  -0.98078528 -0.19509032 0,-0.98078528 -0.19509032 0,
  -0.98078528 -0.19509032 0,-0.98078528 -0.19509032 0,
  -0.98078528 0.19509032 0,-0.98078528 0.19509032 0,
  -0.98078528 0.19509032 0,-0.98078528 0.19509032 0,
  -0.98078528 0.19509032 0,-0.98078528 0.19509032 0,
  -0.83146961 0.55557023 0,-0.83146961 0.55557023 0,
  -0.83146961 0.55557023 0,-0.83146961 0.55557023 0,
  -0.83146961 0.55557023 0,-0.83146961 0.55557023 0,
  -0.55557023 0.83146961 0,-0.55557023 0.83146961 0,
  -0.55557023 0.83146961 0,-0.55557023 0.83146961 0,
  -0.55557023 0.83146961 0,-0.55557023 0.83146961 0,
  -0.19509032 0.98078528 0,-0.19509032 0.98078528 0,
  -0.19509032 0.98078528 0,-0.19509032 0.98078528 0,
  -0.19509032 0.98078528 0,-0.19509032 0.98078528 0,
  0.19509032 0.98078528 0,0.19509032 0.98078528 0,
  0.19509032 0.98078528 0,0.19509032 0.98078528 0,
  0.19509032 0.98078528 0,0.19509032 0.98078528 0,
  0.55557023 0.83146961 0,0.55557023 0.83146961 0,
  0.55557023 0.83146961 0,0.55557023 0.83146961 0,
  0.55557023 0.83146961 0,0.55557023 0.83146961 0,
  0.83146961 0.55557023 0,0.83146961 0.55557023 0,
  0.83146961 0.55557023 0,0.83146961 0.55557023 0,
  0.83146961 0.55557023 0,0.83146961 0.55557023 0,
  0.98078528 0.19509032 0,0.98078528 0.19509032 0,
  0.98078528 0.19509032 0,0.98078528 0.19509032 0,
  0.98078528 0.19509032 0,0.98078528 0.19509032 0,
  -0.98078528 0.19509032 0,-0.98078528 0.19509032 0,
  -0.98078528 0.19509032 0,-0.98078528 0.19509032 0,
  -0.98078528 0.19509032 0,-0.98078528 0.19509032 0,
  -0.83146961 0.55557023 0,-0.83146961 0.55557023 0,
  -0.83146961 0.55557023 0,-0.83146961 0.55557023 0,
  -0.83146961 0.55557023 0,-0.83146961 0.55557023 0,
  -0.55557023 0.83146961 0,-0.55557023 0.83146961 0,
  -0.55557023 0.83146961 0,-0.55557023 0.83146961 0,
  -0.55557023 0.83146961 0,-0.55557023 0.83146961 0,
  -0.19509032 0.98078528 0,-0.19509032 0.98078528 0,
  -0.19509032 0.98078528 0,-0.19509032 0.98078528 0,
  -0.19509032 0.98078528 0,-0.19509032 0.98078528 0,
  0.19509032 0.98078528 0,0.19509032 0.98078528 0,
  0.19509032 0.98078528 0,0.19509032 0.98078528 0,
  0.19509032 0.98078528 0,0.19509032 0.98078528 0,
  0.55557023 0.83146961 0,0.55557023 0.83146961 0,
  0.55557023 0.83146961 0,0.55557023 0.83146961 0,
  0.55557023 0.83146961 0,0.55557023 0.83146961 0,
  0.83146961 0.55557023 0,0.83146961 0.55557023 0,
  0.83146961 0.55557023 0,0.83146961 0.55557023 0,
  0.83146961 0.55557023 0,0.83146961 0.55557023 0,
  0.98078528 0.19509032 0,0.98078528 0.19509032 0,
  0.98078528 0.19509032 0,0.98078528 0.19509032 0,
  0.98078528 0.19509032 0,0.98078528 0.19509032 0,
  0.98078528 -0.19509032 0,0.98078528 -0.19509032 0,
  0.98078528 -0.19509032 0,0.98078528 -0.19509032 0,
  0.98078528 -0.19509032 0,0.98078528 -0.19509032 0,
  0.83146961 -0.55557023 0,0.83146961 -0.55557023 0,
  0.83146961 -0.55557023 0,0.83146961 -0.55557023 0,
  0.83146961 -0.55557023 0,0.83146961 -0.55557023 0,
  0.55557023 -0.83146961 0,0.55557023 -0.83146961 0,
  0.55557023 -0.83146961 0,0.55557023 -0.83146961 0,
  0.55557023 -0.83146961 0,0.55557023 -0.83146961 0,
  0.19509032 -0.98078528 0,0.19509032 -0.98078528 0,
  0.19509032 -0.98078528 0,0.19509032 -0.98078528 0,
  0.19509032 -0.98078528 0,0.19509032 -0.98078528 0,
  -0.19509032 -0.98078528 0,-0.19509032 -0.98078528 0,
  -0.19509032 -0.98078528 0,-0.19509032 -0.98078528 0,
  -0.19509032 -0.98078528 0,-0.19509032 -0.98078528 0,
  -0.55557023 -0.83146961 0,-0.55557023 -0.83146961 0,
  -0.55557023 -0.83146961 0,-0.55557023 -0.83146961 0,
  -0.55557023 -0.83146961 0,-0.55557023 -0.83146961 0,
  -0.83146961 -0.55557023 0,-0.83146961 -0.55557023 0,
  -0.83146961 -0.55557023 0,-0.83146961 -0.55557023 0,
  -0.83146961 -0.55557023 0,-0.83146961 -0.55557023 0,
  -0.98078528 -0.19509032 0,-0.98078528 -0.19509032 0,
  -0.98078528 -0.19509032 0,-0.98078528 -0.19509032 0,
  -0.98078528 -0.19509032 0,-0.98078528 -0.19509032 0,
  0.98078528 -0.19509032 0,0.98078528 -0.19509032 0,
  0.98078528 -0.19509032 0,0.98078528 -0.19509032 0,
  0.98078528 -0.19509032 0,0.98078528 -0.19509032 0,
  0.83146961 -0.55557023 0,0.83146961 -0.55557023 0,
  0.83146961 -0.55557023 0,0.83146961 -0.55557023 0,
  0.83146961 -0.55557023 0,0.83146961 -0.55557023 0,
  0.55557023 -0.83146961 0,0.55557023 -0.83146961 0,
  0.55557023 -0.83146961 0,0.55557023 -0.83146961 0,
  0.55557023 -0.83146961 0,0.55557023 -0.83146961 0,
  0.19509032 -0.98078528 0,0.19509032 -0.98078528 0,
  0.19509032 -0.98078528 0,0.19509032 -0.98078528 0,
  0.19509032 -0.98078528 0,0.19509032 -0.98078528 0,
  -0.19509032 -0.98078528 0,-0.19509032 -0.98078528 0,
  -0.19509032 -0.98078528 0,-0.19509032 -0.98078528 0,
  -0.19509032 -0.98078528 0,-0.19509032 -0.98078528 0,
  -0.55557023 -0.83146961 0,-0.55557023 -0.83146961 0,
  -0.55557023 -0.83146961 0,-0.55557023 -0.83146961 0,
  -0.55557023 -0.83146961 0,-0.55557023 -0.83146961 0,
  -0.83146961 -0.55557023 0,-0.83146961 -0.55557023 0,
  -0.83146961 -0.55557023 0,-0.83146961 -0.55557023 0,
  -0.83146961 -0.55557023 0,-0.83146961 -0.55557023 0,
  -0.98078528 -0.19509032 0,-0.98078528 -0.19509032 0,
  -0.98078528 -0.19509032 0,-0.98078528 -0.19509032 0,
  -0.98078528 -0.19509032 0,-0.98078528 -0.19509032 0,
  -0.98078528 0.19509032 0,-0.98078528 0.19509032 0,
  -0.98078528 0.19509032 0,-0.98078528 0.19509032 0,
  -0.98078528 0.19509032 0,-0.98078528 0.19509032 0,
  -0.83146961 0.55557023 0,-0.83146961 0.55557023 0,
  -0.83146961 0.55557023 0,-0.83146961 0.55557023 0,
  -0.83146961 0.55557023 0,-0.83146961 0.55557023 0,
  -0.55557023 0.83146961 0,-0.55557023 0.83146961 0,
  -0.55557023 0.83146961 0,-0.55557023 0.83146961 0,
  -0.55557023 0.83146961 0,-0.55557023 0.83146961 0,
  -0.19509032 0.98078528 0,-0.19509032 0.98078528 0,
  -0.19509032 0.98078528 0,-0.19509032 0.98078528 0,
  -0.19509032 0.98078528 0,-0.19509032 0.98078528 0,
  0.19509032 0.98078528 0,0.19509032 0.98078528 0,
  0.19509032 0.98078528 0,0.19509032 0.98078528 0,
  0.19509032 0.98078528 0,0.19509032 0.98078528 0,
  0.55557023 0.83146961 0,0.55557023 0.83146961 0,
  0.55557023 0.83146961 0,0.55557023 0.83146961 0,
  0.55557023 0.83146961 0,0.55557023 0.83146961 0,
  0.83146961 0.55557023 0,0.83146961 0.55557023 0,
  0.83146961 0.55557023 0,0.83146961 0.55557023 0,
  0.83146961 0.55557023 0,0.83146961 0.55557023 0,
  0.98078528 0.19509032 0,0.98078528 0.19509032 0,
  0.98078528 0.19509032 0,0.98078528 0.19509032 0,
  0.98078528 0.19509032 0,0.98078528 0.19509032 0,
  1 0 0,1 0 0,
  1 0 0,1 0 0,
  1 0 0,1 0 0,
  0 1 0,0 1 0,
  0 1 0,0 1 0,
  0 1 0,0 1 0,
  -1 0 0,-1 0 0,
  -1 0 0,-1 0 0,
  -1 0 0,-1 0 0,
  0 -1 0,0 -1 0,
  0 -1 0,0 -1 0,
  0 -1 0,0 -1 0,
  0 0 1,0 0 1,
  0 0 1,0 0 1,
  0 0 1,0 0 1,
  -0.98480775 0.17364818 0,-0.98480775 0.17364818 0,
  -0.98480775 0.17364818 0,-0.98480775 0.17364818 0,
  -0.98480775 0.17364818 0,-0.98480775 0.17364818 0,
  -0.8660254 0.5 0,-0.8660254 0.5 0,
  -0.8660254 0.5 0,-0.8660254 0.5 0,
  -0.8660254 0.5 0,-0.8660254 0.5 0,
  -0.64278761 0.76604444 0,-0.64278761 0.76604444 0,
  -0.64278761 0.76604444 0,-0.64278761 0.76604444 0,
  -0.64278761 0.76604444 0,-0.64278761 0.76604444 0,
  -0.34202014 0.93969262 0,-0.34202014 0.93969262 0,
  -0.34202014 0.93969262 0,-0.34202014 0.93969262 0,
  -0.34202014 0.93969262 0,-0.34202014 0.93969262 0,
  0 1 0,0 1 0,
  0 1 0,0 1 0,
  0 1 0,0 1 0,
  0.34202014 0.93969262 0,0.34202014 0.93969262 0,
  0.34202014 0.93969262 0,0.34202014 0.93969262 0,
  0.34202014 0.93969262 0,0.34202014 0.93969262 0,
  0.64278761 0.76604444 0,0.64278761 0.76604444 0,
  0.64278761 0.76604444 0,0.64278761 0.76604444 0,
  0.64278761 0.76604444 0,0.64278761 0.76604444 0,
  0.8660254 0.5 0,0.8660254 0.5 0,
  0.8660254 0.5 0,0.8660254 0.5 0,
  0.8660254 0.5 0,0.8660254 0.5 0,
  0.98480775 0.17364818 0,0.98480775 0.17364818 0,
  0.98480775 0.17364818 0,0.98480775 0.17364818 0,
  0.98480775 0.17364818 0,0.98480775 0.17364818 0,
  0.98480775 -0.17364818 0,0.98480775 -0.17364818 0,
  0.98480775 -0.17364818 0,0.98480775 -0.17364818 0,
  0.98480775 -0.17364818 0,0.98480775 -0.17364818 0,
  0.8660254 -0.5 0,0.8660254 -0.5 0,
  0.8660254 -0.5 0,0.8660254 -0.5 0,
  0.8660254 -0.5 0,0.8660254 -0.5 0,
  0.64278761 -0.76604444 0,0.64278761 -0.76604444 0,
  0.64278761 -0.76604444 0,0.64278761 -0.76604444 0,
  0.64278761 -0.76604444 0,0.64278761 -0.76604444 0,
  0.34202014 -0.93969262 0,0.34202014 -0.93969262 0,
  0.34202014 -0.93969262 0,0.34202014 -0.93969262 0,
  0.34202014 -0.93969262 0,0.34202014 -0.93969262 0,
  0 -1 0,0 -1 0,
  0 -1 0,0 -1 0,
  0 -1 0,0 -1 0,
  -0.34202014 -0.93969262 0,-0.34202014 -0.93969262 0,
  -0.34202014 -0.93969262 0,-0.34202014 -0.93969262 0,
  -0.34202014 -0.93969262 0,-0.34202014 -0.93969262 0,
  -0.64278761 -0.76604444 0,-0.64278761 -0.76604444 0,
  -0.64278761 -0.76604444 0,-0.64278761 -0.76604444 0,
  -0.64278761 -0.76604444 0,-0.64278761 -0.76604444 0,
  -0.8660254 -0.5 0,-0.8660254 -0.5 0,
  -0.8660254 -0.5 0,-0.8660254 -0.5 0,
  -0.8660254 -0.5 0,-0.8660254 -0.5 0,
  -0.98480775 -0.17364818 0,-0.98480775 -0.17364818 0,
  -0.98480775 -0.17364818 0,-0.98480775 -0.17364818 0,
  -0.98480775 -0.17364818 0,-0.98480775 -0.17364818 0,
  0.98078528 -0.19509032 0,0.98078528 -0.19509032 0,
  0.98078528 -0.19509032 0,0.98078528 -0.19509032 0,
  0.98078528 -0.19509032 0,0.98078528 -0.19509032 0,
  0.83146961 -0.55557023 0,0.83146961 -0.55557023 0,
  0.83146961 -0.55557023 0,0.83146961 -0.55557023 0,
  0.83146961 -0.55557023 0,0.83146961 -0.55557023 0,
  0.55557023 -0.83146961 0,0.55557023 -0.83146961 0,
  0.55557023 -0.83146961 0,0.55557023 -0.83146961 0,
  0.55557023 -0.83146961 0,0.55557023 -0.83146961 0,
  0.19509032 -0.98078528 0,0.19509032 -0.98078528 0,
  0.19509032 -0.98078528 0,0.19509032 -0.98078528 0,
  0.19509032 -0.98078528 0,0.19509032 -0.98078528 0,
  -0.19509032 -0.98078528 0,-0.19509032 -0.98078528 0,
  -0.19509032 -0.98078528 0,-0.19509032 -0.98078528 0,
  -0.19509032 -0.98078528 0,-0.19509032 -0.98078528 0,
  -0.55557023 -0.83146961 0,-0.55557023 -0.83146961 0,
  -0.55557023 -0.83146961 0,-0.55557023 -0.83146961 0,
  -0.55557023 -0.83146961 0,-0.55557023 -0.83146961 0,
  -0.83146961 -0.55557023 0,-0.83146961 -0.55557023 0,
  -0.83146961 -0.55557023 0,-0.83146961 -0.55557023 0,
  -0.83146961 -0.55557023 0,-0.83146961 -0.55557023 0,
  -0.98078528 -0.19509032 0,-0.98078528 -0.19509032 0,
  -0.98078528 -0.19509032 0,-0.98078528 -0.19509032 0,
  -0.98078528 -0.19509032 0,-0.98078528 -0.19509032 0,
  -0.98078528 0.19509032 0,-0.98078528 0.19509032 0,
  -0.98078528 0.19509032 0,-0.98078528 0.19509032 0,
  -0.98078528 0.19509032 0,-0.98078528 0.19509032 0,
  -0.83146961 0.55557023 0,-0.83146961 0.55557023 0,
  -0.83146961 0.55557023 0,-0.83146961 0.55557023 0,
  -0.83146961 0.55557023 0,-0.83146961 0.55557023 0,
  -0.55557023 0.83146961 0,-0.55557023 0.83146961 0,
  -0.55557023 0.83146961 0,-0.55557023 0.83146961 0,
  -0.55557023 0.83146961 0,-0.55557023 0.83146961 0,
  -0.19509032 0.98078528 0,-0.19509032 0.98078528 0,
  -0.19509032 0.98078528 0,-0.19509032 0.98078528 0,
  -0.19509032 0.98078528 0,-0.19509032 0.98078528 0,
  0.19509032 0.98078528 0,0.19509032 0.98078528 0,
  0.19509032 0.98078528 0,0.19509032 0.98078528 0,
  0.19509032 0.98078528 0,0.19509032 0.98078528 0,
  0.55557023 0.83146961 0,0.55557023 0.83146961 0,
  0.55557023 0.83146961 0,0.55557023 0.83146961 0,
  0.55557023 0.83146961 0,0.55557023 0.83146961 0,
  0.83146961 0.55557023 0,0.83146961 0.55557023 0,
  0.83146961 0.55557023 0,0.83146961 0.55557023 0,
  0.83146961 0.55557023 0,0.83146961 0.55557023 0,
  0.98078528 0.19509032 0,0.98078528 0.19509032 0,
  0.98078528 0.19509032 0,0.98078528 0.19509032 0,
  0.98078528 0.19509032 0,0.98078528 0.19509032 0,
  0.98078528 -0.19509032 0,0.98078528 -0.19509032 0,
  0.98078528 -0.19509032 0,0.98078528 -0.19509032 0,
  0.98078528 -0.19509032 0,0.98078528 -0.19509032 0,
  0.83146961 -0.55557023 0,0.83146961 -0.55557023 0,
  0.83146961 -0.55557023 0,0.83146961 -0.55557023 0,
  0.83146961 -0.55557023 0,0.83146961 -0.55557023 0,
  0.55557023 -0.83146961 0,0.55557023 -0.83146961 0,
  0.55557023 -0.83146961 0,0.55557023 -0.83146961 0,
  0.55557023 -0.83146961 0,0.55557023 -0.83146961 0,
  0.19509032 -0.98078528 0,0.19509032 -0.98078528 0,
  0.19509032 -0.98078528 0,0.19509032 -0.98078528 0,
  0.19509032 -0.98078528 0,0.19509032 -0.98078528 0,
  -0.19509032 -0.98078528 0,-0.19509032 -0.98078528 0,
  -0.19509032 -0.98078528 0,-0.19509032 -0.98078528 0,
  -0.19509032 -0.98078528 0,-0.19509032 -0.98078528 0,
  -0.55557023 -0.83146961 0,-0.55557023 -0.83146961 0,
  -0.55557023 -0.83146961 0,-0.55557023 -0.83146961 0,
  -0.55557023 -0.83146961 0,-0.55557023 -0.83146961 0,
  -0.83146961 -0.55557023 0,-0.83146961 -0.55557023 0,
  -0.83146961 -0.55557023 0,-0.83146961 -0.55557023 0,
  -0.83146961 -0.55557023 0,-0.83146961 -0.55557023 0,
  -0.98078528 -0.19509032 0,-0.98078528 -0.19509032 0,
  -0.98078528 -0.19509032 0,-0.98078528 -0.19509032 0,
  -0.98078528 -0.19509032 0,-0.98078528 -0.19509032 0,
  -0.98078528 0.19509032 0,-0.98078528 0.19509032 0,
  -0.98078528 0.19509032 0,-0.98078528 0.19509032 0,
  -0.98078528 0.19509032 0,-0.98078528 0.19509032 0,
  -0.83146961 0.55557023 0,-0.83146961 0.55557023 0,
  -0.83146961 0.55557023 0,-0.83146961 0.55557023 0,
  -0.83146961 0.55557023 0,-0.83146961 0.55557023 0,
  -0.55557023 0.83146961 0,-0.55557023 0.83146961 0,
  -0.55557023 0.83146961 0,-0.55557023 0.83146961 0,
  -0.55557023 0.83146961 0,-0.55557023 0.83146961 0,
  -0.19509032 0.98078528 0,-0.19509032 0.98078528 0,
  -0.19509032 0.98078528 0,-0.19509032 0.98078528 0,
  -0.19509032 0.98078528 0,-0.19509032 0.98078528 0,
  0.19509032 0.98078528 0,0.19509032 0.98078528 0,
  0.19509032 0.98078528 0,0.19509032 0.98078528 0,
  0.19509032 0.98078528 0,0.19509032 0.98078528 0,
  0.55557023 0.83146961 0,0.55557023 0.83146961 0,
  0.55557023 0.83146961 0,0.55557023 0.83146961 0,
  0.55557023 0.83146961 0,0.55557023 0.83146961 0,
  0.83146961 0.55557023 0,0.83146961 0.55557023 0,
  0.83146961 0.55557023 0,0.83146961 0.55557023 0,
  0.83146961 0.55557023 0,0.83146961 0.55557023 0,
  0.98078528 0.19509032 0,0.98078528 0.19509032 0,
  0.98078528 0.19509032 0,0.98078528 0.19509032 0,
  0.98078528 0.19509032 0,0.98078528 0.19509032 0,
  0.98078528 -0.19509032 0,0.98078528 -0.19509032 0,
  0.98078528 -0.19509032 0,0.98078528 -0.19509032 0,
  0.98078528 -0.19509032 0,0.98078528 -0.19509032 0,
  0.83146961 -0.55557023 0,0.83146961 -0.55557023 0,
  0.83146961 -0.55557023 0,0.83146961 -0.55557023 0,
  0.83146961 -0.55557023 0,0.83146961 -0.55557023 0,
  0.55557023 -0.83146961 0,0.55557023 -0.83146961 0,
  0.55557023 -0.83146961 0,0.55557023 -0.83146961 0,
  0.55557023 -0.83146961 0,0.55557023 -0.83146961 0,
  0.19509032 -0.98078528 0,0.19509032 -0.98078528 0,
  0.19509032 -0.98078528 0,0.19509032 -0.98078528 0,
  0.19509032 -0.98078528 0,0.19509032 -0.98078528 0,
  -0.19509032 -0.98078528 0,-0.19509032 -0.98078528 0,
  -0.19509032 -0.98078528 0,-0.19509032 -0.98078528 0,
  -0.19509032 -0.98078528 0,-0.19509032 -0.98078528 0,
  -0.55557023 -0.83146961 0,-0.55557023 -0.83146961 0,
  -0.55557023 -0.83146961 0,-0.55557023 -0.83146961 0,
  -0.55557023 -0.83146961 0,-0.55557023 -0.83146961 0,
  -0.83146961 -0.55557023 0,-0.83146961 -0.55557023 0,
  -0.83146961 -0.55557023 0,-0.83146961 -0.55557023 0,
  -0.83146961 -0.55557023 0,-0.83146961 -0.55557023 0,
  -0.98078528 -0.19509032 0,-0.98078528 -0.19509032 0,
  -0.98078528 -0.19509032 0,-0.98078528 -0.19509032 0,
  -0.98078528 -0.19509032 0,-0.98078528 -0.19509032 0,
  -0.98078528 0.19509032 0,-0.98078528 0.19509032 0,
  -0.98078528 0.19509032 0,-0.98078528 0.19509032 0,
  -0.98078528 0.19509032 0,-0.98078528 0.19509032 0,
  -0.83146961 0.55557023 0,-0.83146961 0.55557023 0,
  -0.83146961 0.55557023 0,-0.83146961 0.55557023 0,
  -0.83146961 0.55557023 0,-0.83146961 0.55557023 0,
  -0.55557023 0.83146961 0,-0.55557023 0.83146961 0,
  -0.55557023 0.83146961 0,-0.55557023 0.83146961 0,
  -0.55557023 0.83146961 0,-0.55557023 0.83146961 0,
  -0.19509032 0.98078528 0,-0.19509032 0.98078528 0,
  -0.19509032 0.98078528 0,-0.19509032 0.98078528 0,
  -0.19509032 0.98078528 0,-0.19509032 0.98078528 0,
  0.19509032 0.98078528 0,0.19509032 0.98078528 0,
  0.19509032 0.98078528 0,0.19509032 0.98078528 0,
  0.19509032 0.98078528 0,0.19509032 0.98078528 0,
  0.55557023 0.83146961 0,0.55557023 0.83146961 0,
  0.55557023 0.83146961 0,0.55557023 0.83146961 0,
  0.55557023 0.83146961 0,0.55557023 0.83146961 0,
  0.83146961 0.55557023 0,0.83146961 0.55557023 0,
  0.83146961 0.55557023 0,0.83146961 0.55557023 0,
  0.83146961 0.55557023 0,0.83146961 0.55557023 0,
  0.98078528 0.19509032 0,0.98078528 0.19509032 0,
  0.98078528 0.19509032 0,0.98078528 0.19509032 0,
  0.98078528 0.19509032 0,0.98078528 0.19509032 0,
  -0.98078528 0.19509032 0,-0.98078528 0.19509032 0,
  -0.98078528 0.19509032 0,-0.98078528 0.19509032 0,
  -0.98078528 0.19509032 0,-0.98078528 0.19509032 0,
  -0.83146961 0.55557023 0,-0.83146961 0.55557023 0,
  -0.83146961 0.55557023 0,-0.83146961 0.55557023 0,
  -0.83146961 0.55557023 0,-0.83146961 0.55557023 0,
  -0.55557023 0.83146961 0,-0.55557023 0.83146961 0,
  -0.55557023 0.83146961 0,-0.55557023 0.83146961 0,
  -0.55557023 0.83146961 0,-0.55557023 0.83146961 0,
  -0.19509032 0.98078528 0,-0.19509032 0.98078528 0,
  -0.19509032 0.98078528 0,-0.19509032 0.98078528 0,
  -0.19509032 0.98078528 0,-0.19509032 0.98078528 0,
  0.19509032 0.98078528 0,0.19509032 0.98078528 0,
  0.19509032 0.98078528 0,0.19509032 0.98078528 0,
  0.19509032 0.98078528 0,0.19509032 0.98078528 0,
  0.55557023 0.83146961 0,0.55557023 0.83146961 0,
  0.55557023 0.83146961 0,0.55557023 0.83146961 0,
  0.55557023 0.83146961 0,0.55557023 0.83146961 0,
  0.83146961 0.55557023 0,0.83146961 0.55557023 0,
  0.83146961 0.55557023 0,0.83146961 0.55557023 0,
  0.83146961 0.55557023 0,0.83146961 0.55557023 0,
  0.98078528 0.19509032 0,0.98078528 0.19509032 0,
  0.98078528 0.19509032 0,0.98078528 0.19509032 0,
  0.98078528 0.19509032 0,0.98078528 0.19509032 0,
  0.98078528 -0.19509032 0,0.98078528 -0.19509032 0,
  0.98078528 -0.19509032 0,0.98078528 -0.19509032 0,
  0.98078528 -0.19509032 0,0.98078528 -0.19509032 0,
  0.83146961 -0.55557023 0,0.83146961 -0.55557023 0,
  0.83146961 -0.55557023 0,0.83146961 -0.55557023 0,
  0.83146961 -0.55557023 0,0.83146961 -0.55557023 0,
  0.55557023 -0.83146961 0,0.55557023 -0.83146961 0,
  0.55557023 -0.83146961 0,0.55557023 -0.83146961 0,
  0.55557023 -0.83146961 0,0.55557023 -0.83146961 0,
  0.19509032 -0.98078528 0,0.19509032 -0.98078528 0,
  0.19509032 -0.98078528 0,0.19509032 -0.98078528 0,
  0.19509032 -0.98078528 0,0.19509032 -0.98078528 0,
  -0.19509032 -0.98078528 0,-0.19509032 -0.98078528 0,
  -0.19509032 -0.98078528 0,-0.19509032 -0.98078528 0,
  -0.19509032 -0.98078528 0,-0.19509032 -0.98078528 0,
  -0.55557023 -0.83146961 0,-0.55557023 -0.83146961 0,
  -0.55557023 -0.83146961 0,-0.55557023 -0.83146961 0,
  -0.55557023 -0.83146961 0,-0.55557023 -0.83146961 0,
  -0.83146961 -0.55557023 0,-0.83146961 -0.55557023 0,
  -0.83146961 -0.55557023 0,-0.83146961 -0.55557023 0,
  -0.83146961 -0.55557023 0,-0.83146961 -0.55557023 0,
  -0.98078528 -0.19509032 0,-0.98078528 -0.19509032 0,
  -0.98078528 -0.19509032 0,-0.98078528 -0.19509032 0,
  -0.98078528 -0.19509032 0,-0.98078528 -0.19509032 0,
  -0.98078528 0.19509032 0,-0.98078528 0.19509032 0,
  -0.98078528 0.19509032 0,-0.98078528 0.19509032 0,
  -0.98078528 0.19509032 0,-0.98078528 0.19509032 0,
  -0.83146961 0.55557023 0,-0.83146961 0.55557023 0,
  -0.83146961 0.55557023 0,-0.83146961 0.55557023 0,
  -0.83146961 0.55557023 0,-0.83146961 0.55557023 0,
  -0.55557023 0.83146961 0,-0.55557023 0.83146961 0,
  -0.55557023 0.83146961 0,-0.55557023 0.83146961 0,
  -0.55557023 0.83146961 0,-0.55557023 0.83146961 0,
  -0.19509032 0.98078528 0,-0.19509032 0.98078528 0,
  -0.19509032 0.98078528 0,-0.19509032 0.98078528 0,
  -0.19509032 0.98078528 0,-0.19509032 0.98078528 0,
  0.19509032 0.98078528 0,0.19509032 0.98078528 0,
  0.19509032 0.98078528 0,0.19509032 0.98078528 0,
  0.19509032 0.98078528 0,0.19509032 0.98078528 0,
  0.55557023 0.83146961 0,0.55557023 0.83146961 0,
  0.55557023 0.83146961 0,0.55557023 0.83146961 0,
  0.55557023 0.83146961 0,0.55557023 0.83146961 0,
  0.83146961 0.55557023 0,0.83146961 0.55557023 0,
  0.83146961 0.55557023 0,0.83146961 0.55557023 0,
  0.83146961 0.55557023 0,0.83146961 0.55557023 0,
  0.98078528 0.19509032 0,0.98078528 0.19509032 0,
  0.98078528 0.19509032 0,0.98078528 0.19509032 0,
  0.98078528 0.19509032 0,0.98078528 0.19509032 0,
  0.98078528 -0.19509032 0,0.98078528 -0.19509032 0,
  0.98078528 -0.19509032 0,0.98078528 -0.19509032 0,
  0.98078528 -0.19509032 0,0.98078528 -0.19509032 0,
  0.83146961 -0.55557023 0,0.83146961 -0.55557023 0,
  0.83146961 -0.55557023 0,0.83146961 -0.55557023 0,
  0.83146961 -0.55557023 0,0.83146961 -0.55557023 0,
  0.55557023 -0.83146961 0,0.55557023 -0.83146961 0,
  0.55557023 -0.83146961 0,0.55557023 -0.83146961 0,
  0.55557023 -0.83146961 0,0.55557023 -0.83146961 0,
  0.19509032 -0.98078528 0,0.19509032 -0.98078528 0,
  0.19509032 -0.98078528 0,0.19509032 -0.98078528 0,
  0.19509032 -0.98078528 0,0.19509032 -0.98078528 0,
  -0.19509032 -0.98078528 0,-0.19509032 -0.98078528 0,
  -0.19509032 -0.98078528 0,-0.19509032 -0.98078528 0,
  -0.19509032 -0.98078528 0,-0.19509032 -0.98078528 0,
  -0.55557023 -0.83146961 0,-0.55557023 -0.83146961 0,
  -0.55557023 -0.83146961 0,-0.55557023 -0.83146961 0,
  -0.55557023 -0.83146961 0,-0.55557023 -0.83146961 0,
  -0.83146961 -0.55557023 0,-0.83146961 -0.55557023 0,
  -0.83146961 -0.55557023 0,-0.83146961 -0.55557023 0,
  -0.83146961 -0.55557023 0,-0.83146961 -0.55557023 0,
  -0.98078528 -0.19509032 0,-0.98078528 -0.19509032 0,
  -0.98078528 -0.19509032 0,-0.98078528 -0.19509032 0,
  -0.98078528 -0.19509032 0,-0.98078528 -0.19509032 0,
  0.98078528 -0.19509032 0,0.98078528 -0.19509032 0,
  0.98078528 -0.19509032 0,0.98078528 -0.19509032 0,
  0.98078528 -0.19509032 0,0.98078528 -0.19509032 0,
  0.83146961 -0.55557023 0,0.83146961 -0.55557023 0,
  0.83146961 -0.55557023 0,0.83146961 -0.55557023 0,
  0.83146961 -0.55557023 0,0.83146961 -0.55557023 0,
  0.55557023 -0.83146961 0,0.55557023 -0.83146961 0,
  0.55557023 -0.83146961 0,0.55557023 -0.83146961 0,
  0.55557023 -0.83146961 0,0.55557023 -0.83146961 0,
  0.19509032 -0.98078528 0,0.19509032 -0.98078528 0,
  0.19509032 -0.98078528 0,0.19509032 -0.98078528 0,
  0.19509032 -0.98078528 0,0.19509032 -0.98078528 0,
  -0.19509032 -0.98078528 0,-0.19509032 -0.98078528 0,
  -0.19509032 -0.98078528 0,-0.19509032 -0.98078528 0,
  -0.19509032 -0.98078528 0,-0.19509032 -0.98078528 0,
  -0.55557023 -0.83146961 0,-0.55557023 -0.83146961 0,
  -0.55557023 -0.83146961 0,-0.55557023 -0.83146961 0,
  -0.55557023 -0.83146961 0,-0.55557023 -0.83146961 0,
  -0.83146961 -0.55557023 0,-0.83146961 -0.55557023 0,
  -0.83146961 -0.55557023 0,-0.83146961 -0.55557023 0,
  -0.83146961 -0.55557023 0,-0.83146961 -0.55557023 0,
  -0.98078528 -0.19509032 0,-0.98078528 -0.19509032 0,
  -0.98078528 -0.19509032 0,-0.98078528 -0.19509032 0,
  -0.98078528 -0.19509032 0,-0.98078528 -0.19509032 0,
  -0.98078528 0.19509032 0,-0.98078528 0.19509032 0,
  -0.98078528 0.19509032 0,-0.98078528 0.19509032 0,
  -0.98078528 0.19509032 0,-0.98078528 0.19509032 0,
  -0.83146961 0.55557023 0,-0.83146961 0.55557023 0,
  -0.83146961 0.55557023 0,-0.83146961 0.55557023 0,
  -0.83146961 0.55557023 0,-0.83146961 0.55557023 0,
  -0.55557023 0.83146961 0,-0.55557023 0.83146961 0,
  -0.55557023 0.83146961 0,-0.55557023 0.83146961 0,
  -0.55557023 0.83146961 0,-0.55557023 0.83146961 0,
  -0.19509032 0.98078528 0,-0.19509032 0.98078528 0,
  -0.19509032 0.98078528 0,-0.19509032 0.98078528 0,
  -0.19509032 0.98078528 0,-0.19509032 0.98078528 0,
  0.19509032 0.98078528 0,0.19509032 0.98078528 0,
  0.19509032 0.98078528 0,0.19509032 0.98078528 0,
  0.19509032 0.98078528 0,0.19509032 0.98078528 0,
  0.55557023 0.83146961 0,0.55557023 0.83146961 0,
  0.55557023 0.83146961 0,0.55557023 0.83146961 0,
  0.55557023 0.83146961 0,0.55557023 0.83146961 0,
  0.83146961 0.55557023 0,0.83146961 0.55557023 0,
  0.83146961 0.55557023 0,0.83146961 0.55557023 0,
  0.83146961 0.55557023 0,0.83146961 0.55557023 0,
  0.98078528 0.19509032 0,0.98078528 0.19509032 0,
  0.98078528 0.19509032 0,0.98078528 0.19509032 0,
  0.98078528 0.19509032 0,0.98078528 0.19509032 0,
  0.98078528 -0.19509032 0,0.98078528 -0.19509032 0,
  0.98078528 -0.19509032 0,0.98078528 -0.19509032 0,
  0.98078528 -0.19509032 0,0.98078528 -0.19509032 0,
  0.83146961 -0.55557023 0,0.83146961 -0.55557023 0,
  0.83146961 -0.55557023 0,0.83146961 -0.55557023 0,
  0.83146961 -0.55557023 0,0.83146961 -0.55557023 0,
  0.55557023 -0.83146961 0,0.55557023 -0.83146961 0,
  0.55557023 -0.83146961 0,0.55557023 -0.83146961 0,
  0.55557023 -0.83146961 0,0.55557023 -0.83146961 0,
  0.19509032 -0.98078528 0,0.19509032 -0.98078528 0,
  0.19509032 -0.98078528 0,0.19509032 -0.98078528 0,
  0.19509032 -0.98078528 0,0.19509032 -0.98078528 0,
  -0.19509032 -0.98078528 0,-0.19509032 -0.98078528 0,
  -0.19509032 -0.98078528 0,-0.19509032 -0.98078528 0,
  -0.19509032 -0.98078528 0,-0.19509032 -0.98078528 0,
  -0.55557023 -0.83146961 0,-0.55557023 -0.83146961 0,
  -0.55557023 -0.83146961 0,-0.55557023 -0.83146961 0,
  -0.55557023 -0.83146961 0,-0.55557023 -0.83146961 0,
  -0.83146961 -0.55557023 0,-0.83146961 -0.55557023 0,
  -0.83146961 -0.55557023 0,-0.83146961 -0.55557023 0,
  -0.83146961 -0.55557023 0,-0.83146961 -0.55557023 0,
  -0.98078528 -0.19509032 0,-0.98078528 -0.19509032 0,
  -0.98078528 -0.19509032 0,-0.98078528 -0.19509032 0,
  -0.98078528 -0.19509032 0,-0.98078528 -0.19509032 0,
  -0.98078528 0.19509032 0,-0.98078528 0.19509032 0,
  -0.98078528 0.19509032 0,-0.98078528 0.19509032 0,
  -0.98078528 0.19509032 0,-0.98078528 0.19509032 0,
  -0.83146961 0.55557023 0,-0.83146961 0.55557023 0,
  -0.83146961 0.55557023 0,-0.83146961 0.55557023 0,
  -0.83146961 0.55557023 0,-0.83146961 0.55557023 0,
  -0.55557023 0.83146961 0,-0.55557023 0.83146961 0,
  -0.55557023 0.83146961 0,-0.55557023 0.83146961 0,
  -0.55557023 0.83146961 0,-0.55557023 0.83146961 0,
  -0.19509032 0.98078528 0,-0.19509032 0.98078528 0,
  -0.19509032 0.98078528 0,-0.19509032 0.98078528 0,
  -0.19509032 0.98078528 0,-0.19509032 0.98078528 0,
  0.19509032 0.98078528 0,0.19509032 0.98078528 0,
  0.19509032 0.98078528 0,0.19509032 0.98078528 0,
  0.19509032 0.98078528 0,0.19509032 0.98078528 0,
  0.55557023 0.83146961 0,0.55557023 0.83146961 0,
  0.55557023 0.83146961 0,0.55557023 0.83146961 0,
  0.55557023 0.83146961 0,0.55557023 0.83146961 0,
  0.83146961 0.55557023 0,0.83146961 0.55557023 0,
  0.83146961 0.55557023 0,0.83146961 0.55557023 0,
  0.83146961 0.55557023 0,0.83146961 0.55557023 0,
  0.98078528 0.19509032 0,0.98078528 0.19509032 0,
  0.98078528 0.19509032 0,0.98078528 0.19509032 0,
  0.98078528 0.19509032 0,0.98078528 0.19509032 0,
  0.98078528 -0.19509032 0,0.98078528 -0.19509032 0,
  0.98078528 -0.19509032 0,0.98078528 -0.19509032 0,
  0.98078528 -0.19509032 0,0.98078528 -0.19509032 0,
  0.83146961 -0.55557023 0,0.83146961 -0.55557023 0,
  0.83146961 -0.55557023 0,0.83146961 -0.55557023 0,
  0.83146961 -0.55557023 0,0.83146961 -0.55557023 0,
  0.55557023 -0.83146961 0,0.55557023 -0.83146961 0,
  0.55557023 -0.83146961 0,0.55557023 -0.83146961 0,
  0.55557023 -0.83146961 0,0.55557023 -0.83146961 0,
  0.19509032 -0.98078528 0,0.19509032 -0.98078528 0,
  0.19509032 -0.98078528 0,0.19509032 -0.98078528 0,
  0.19509032 -0.98078528 0,0.19509032 -0.98078528 0,
  -0.19509032 -0.98078528 0,-0.19509032 -0.98078528 0,
  -0.19509032 -0.98078528 0,-0.19509032 -0.98078528 0,
  -0.19509032 -0.98078528 0,-0.19509032 -0.98078528 0,
  -0.55557023 -0.83146961 0,-0.55557023 -0.83146961 0,
  -0.55557023 -0.83146961 0,-0.55557023 -0.83146961 0,
  -0.55557023 -0.83146961 0,-0.55557023 -0.83146961 0,
  -0.83146961 -0.55557023 0,-0.83146961 -0.55557023 0,
  -0.83146961 -0.55557023 0,-0.83146961 -0.55557023 0,
  -0.83146961 -0.55557023 0,-0.83146961 -0.55557023 0,
  -0.98078528 -0.19509032 0,-0.98078528 -0.19509032 0,
  -0.98078528 -0.19509032 0,-0.98078528 -0.19509032 0,
  -0.98078528 -0.19509032 0,-0.98078528 -0.19509032 0,
  -0.98078528 0.19509032 0,-0.98078528 0.19509032 0,
  -0.98078528 0.19509032 0,-0.98078528 0.19509032 0,
  -0.98078528 0.19509032 0,-0.98078528 0.19509032 0,
  -0.83146961 0.55557023 0,-0.83146961 0.55557023 0,
  -0.83146961 0.55557023 0,-0.83146961 0.55557023 0,
  -0.83146961 0.55557023 0,-0.83146961 0.55557023 0,
  -0.55557023 0.83146961 0,-0.55557023 0.83146961 0,
  -0.55557023 0.83146961 0,-0.55557023 0.83146961 0,
  -0.55557023 0.83146961 0,-0.55557023 0.83146961 0,
  -0.19509032 0.98078528 0,-0.19509032 0.98078528 0,
  -0.19509032 0.98078528 0,-0.19509032 0.98078528 0,
  -0.19509032 0.98078528 0,-0.19509032 0.98078528 0,
  0.19509032 0.98078528 0,0.19509032 0.98078528 0,
  0.19509032 0.98078528 0,0.19509032 0.98078528 0,
  0.19509032 0.98078528 0,0.19509032 0.98078528 0,
  0.55557023 0.83146961 0,0.55557023 0.83146961 0,
  0.55557023 0.83146961 0,0.55557023 0.83146961 0,
  0.55557023 0.83146961 0,0.55557023 0.83146961 0,
  0.83146961 0.55557023 0,0.83146961 0.55557023 0,
  0.83146961 0.55557023 0,0.83146961 0.55557023 0,
  0.83146961 0.55557023 0,0.83146961 0.55557023 0,
  0.98078528 0.19509032 0,0.98078528 0.19509032 0,
  0.98078528 0.19509032 0,0.98078528 0.19509032 0,
  0.98078528 0.19509032 0,0.98078528 0.19509032 0,
  0.98078528 -0.19509032 0,0.98078528 -0.19509032 0,
  0.98078528 -0.19509032 0,0.98078528 -0.19509032 0,
  0.98078528 -0.19509032 0,0.98078528 -0.19509032 0,
  0.83146961 -0.55557023 0,0.83146961 -0.55557023 0,
  0.83146961 -0.55557023 0,0.83146961 -0.55557023 0,
  0.83146961 -0.55557023 0,0.83146961 -0.55557023 0,
  0.55557023 -0.83146961 0,0.55557023 -0.83146961 0,
  0.55557023 -0.83146961 0,0.55557023 -0.83146961 0,
  0.55557023 -0.83146961 0,0.55557023 -0.83146961 0,
  0.19509032 -0.98078528 0,0.19509032 -0.98078528 0,
  0.19509032 -0.98078528 0,0.19509032 -0.98078528 0,
  0.19509032 -0.98078528 0,0.19509032 -0.98078528 0,
  -0.19509032 -0.98078528 0,-0.19509032 -0.98078528 0,
  -0.19509032 -0.98078528 0,-0.19509032 -0.98078528 0,
  -0.19509032 -0.98078528 0,-0.19509032 -0.98078528 0,
  -0.55557023 -0.83146961 0,-0.55557023 -0.83146961 0,
  -0.55557023 -0.83146961 0,-0.55557023 -0.83146961 0,
  -0.55557023 -0.83146961 0,-0.55557023 -0.83146961 0,
  -0.83146961 -0.55557023 0,-0.83146961 -0.55557023 0,
  -0.83146961 -0.55557023 0,-0.83146961 -0.55557023 0,
  -0.83146961 -0.55557023 0,-0.83146961 -0.55557023 0,
  -0.98078528 -0.19509032 0,-0.98078528 -0.19509032 0,
  -0.98078528 -0.19509032 0,-0.98078528 -0.19509032 0,
  -0.98078528 -0.19509032 0,-0.98078528 -0.19509032 0,
  -0.98078528 0.19509032 0,-0.98078528 0.19509032 0,
  -0.98078528 0.19509032 0,-0.98078528 0.19509032 0,
  -0.98078528 0.19509032 0,-0.98078528 0.19509032 0,
  -0.83146961 0.55557023 0,-0.83146961 0.55557023 0,
  -0.83146961 0.55557023 0,-0.83146961 0.55557023 0,
  -0.83146961 0.55557023 0,-0.83146961 0.55557023 0,
  -0.55557023 0.83146961 0,-0.55557023 0.83146961 0,
  -0.55557023 0.83146961 0,-0.55557023 0.83146961 0,
  -0.55557023 0.83146961 0,-0.55557023 0.83146961 0,
  -0.19509032 0.98078528 0,-0.19509032 0.98078528 0,
  -0.19509032 0.98078528 0,-0.19509032 0.98078528 0,
  -0.19509032 0.98078528 0,-0.19509032 0.98078528 0,
  0.19509032 0.98078528 0,0.19509032 0.98078528 0,
  0.19509032 0.98078528 0,0.19509032 0.98078528 0,
  0.19509032 0.98078528 0,0.19509032 0.98078528 0,
  0.55557023 0.83146961 0,0.55557023 0.83146961 0,
  0.55557023 0.83146961 0,0.55557023 0.83146961 0,
  0.55557023 0.83146961 0,0.55557023 0.83146961 0,
  0.83146961 0.55557023 0,0.83146961 0.55557023 0,
  0.83146961 0.55557023 0,0.83146961 0.55557023 0,
  0.83146961 0.55557023 0,0.83146961 0.55557023 0,
  0.98078528 0.19509032 0,0.98078528 0.19509032 0,
  0.98078528 0.19509032 0,0.98078528 0.19509032 0,
  0.98078528 0.19509032 0,0.98078528 0.19509032 0,
  0.98078528 -0.19509032 0,0.98078528 -0.19509032 0,
  0.98078528 -0.19509032 0,0.98078528 -0.19509032 0,
  0.98078528 -0.19509032 0,0.98078528 -0.19509032 0,
  0.83146961 -0.55557023 0,0.83146961 -0.55557023 0,
  0.83146961 -0.55557023 0,0.83146961 -0.55557023 0,
  0.83146961 -0.55557023 0,0.83146961 -0.55557023 0,
  0.55557023 -0.83146961 0,0.55557023 -0.83146961 0,
  0.55557023 -0.83146961 0,0.55557023 -0.83146961 0,
  0.55557023 -0.83146961 0,0.55557023 -0.83146961 0,
  0.19509032 -0.98078528 0,0.19509032 -0.98078528 0,
  0.19509032 -0.98078528 0,0.19509032 -0.98078528 0,
  0.19509032 -0.98078528 0,0.19509032 -0.98078528 0,
  -0.19509032 -0.98078528 0,-0.19509032 -0.98078528 0,
  -0.19509032 -0.98078528 0,-0.19509032 -0.98078528 0,
  -0.19509032 -0.98078528 0,-0.19509032 -0.98078528 0,
  -0.55557023 -0.83146961 0,-0.55557023 -0.83146961 0,
  -0.55557023 -0.83146961 0,-0.55557023 -0.83146961 0,
  -0.55557023 -0.83146961 0,-0.55557023 -0.83146961 0,
  -0.83146961 -0.55557023 0,-0.83146961 -0.55557023 0,
  -0.83146961 -0.55557023 0,-0.83146961 -0.55557023 0,
  -0.83146961 -0.55557023 0,-0.83146961 -0.55557023 0,
  -0.98078528 -0.19509032 0,-0.98078528 -0.19509032 0,
  -0.98078528 -0.19509032 0,-0.98078528 -0.19509032 0,
  -0.98078528 -0.19509032 0,-0.98078528 -0.19509032 0,
  -0.98078528 0.19509032 0,-0.98078528 0.19509032 0,
  -0.98078528 0.19509032 0,-0.98078528 0.19509032 0,
  -0.98078528 0.19509032 0,-0.98078528 0.19509032 0,
  -0.83146961 0.55557023 0,-0.83146961 0.55557023 0,
  -0.83146961 0.55557023 0,-0.83146961 0.55557023 0,
  -0.83146961 0.55557023 0,-0.83146961 0.55557023 0,
  -0.55557023 0.83146961 0,-0.55557023 0.83146961 0,
  -0.55557023 0.83146961 0,-0.55557023 0.83146961 0,
  -0.55557023 0.83146961 0,-0.55557023 0.83146961 0,
  -0.19509032 0.98078528 0,-0.19509032 0.98078528 0,
  -0.19509032 0.98078528 0,-0.19509032 0.98078528 0,
  -0.19509032 0.98078528 0,-0.19509032 0.98078528 0,
  0.19509032 0.98078528 0,0.19509032 0.98078528 0,
  0.19509032 0.98078528 0,0.19509032 0.98078528 0,
  0.19509032 0.98078528 0,0.19509032 0.98078528 0,
  0.55557023 0.83146961 0,0.55557023 0.83146961 0,
  0.55557023 0.83146961 0,0.55557023 0.83146961 0,
  0.55557023 0.83146961 0,0.55557023 0.83146961 0,
  0.83146961 0.55557023 0,0.83146961 0.55557023 0,
  0.83146961 0.55557023 0,0.83146961 0.55557023 0,
  0.83146961 0.55557023 0,0.83146961 0.55557023 0,
  0.98078528 0.19509032 0,0.98078528 0.19509032 0,
  0.98078528 0.19509032 0,0.98078528 0.19509032 0,
  0.98078528 0.19509032 0,0.98078528 0.19509032 0,
  0.98078528 -0.19509032 0,0.98078528 -0.19509032 0,
  0.98078528 -0.19509032 0,0.98078528 -0.19509032 0,
  0.98078528 -0.19509032 0,0.98078528 -0.19509032 0,
  0.83146961 -0.55557023 0,0.83146961 -0.55557023 0,
  0.83146961 -0.55557023 0,0.83146961 -0.55557023 0,
  0.83146961 -0.55557023 0,0.83146961 -0.55557023 0,
  0.55557023 -0.83146961 0,0.55557023 -0.83146961 0,
  0.55557023 -0.83146961 0,0.55557023 -0.83146961 0,
  0.55557023 -0.83146961 0,0.55557023 -0.83146961 0,
  0.19509032 -0.98078528 0,0.19509032 -0.98078528 0,
  0.19509032 -0.98078528 0,0.19509032 -0.98078528 0,
  0.19509032 -0.98078528 0,0.19509032 -0.98078528 0,
  -0.19509032 -0.98078528 0,-0.19509032 -0.98078528 0,
  -0.19509032 -0.98078528 0,-0.19509032 -0.98078528 0,
  -0.19509032 -0.98078528 0,-0.19509032 -0.98078528 0,
  -0.55557023 -0.83146961 0,-0.55557023 -0.83146961 0,
  -0.55557023 -0.83146961 0,-0.55557023 -0.83146961 0,
  -0.55557023 -0.83146961 0,-0.55557023 -0.83146961 0,
  -0.83146961 -0.55557023 0,-0.83146961 -0.55557023 0,
  -0.83146961 -0.55557023 0,-0.83146961 -0.55557023 0,
  -0.83146961 -0.55557023 0,-0.83146961 -0.55557023 0,
  -0.98078528 -0.19509032 0,-0.98078528 -0.19509032 0,
  -0.98078528 -0.19509032 0,-0.98078528 -0.19509032 0,
  -0.98078528 -0.19509032 0,-0.98078528 -0.19509032 0,
  -0.98078528 0.19509032 0,-0.98078528 0.19509032 0,
  -0.98078528 0.19509032 0,-0.98078528 0.19509032 0,
  -0.98078528 0.19509032 0,-0.98078528 0.19509032 0,
  -0.83146961 0.55557023 0,-0.83146961 0.55557023 0,
  -0.83146961 0.55557023 0,-0.83146961 0.55557023 0,
  -0.83146961 0.55557023 0,-0.83146961 0.55557023 0,
  -0.55557023 0.83146961 0,-0.55557023 0.83146961 0,
  -0.55557023 0.83146961 0,-0.55557023 0.83146961 0,
  -0.55557023 0.83146961 0,-0.55557023 0.83146961 0,
  -0.19509032 0.98078528 0,-0.19509032 0.98078528 0,
  -0.19509032 0.98078528 0,-0.19509032 0.98078528 0,
  -0.19509032 0.98078528 0,-0.19509032 0.98078528 0,
  0.19509032 0.98078528 0,0.19509032 0.98078528 0,
  0.19509032 0.98078528 0,0.19509032 0.98078528 0,
  0.19509032 0.98078528 0,0.19509032 0.98078528 0,
  0.55557023 0.83146961 0,0.55557023 0.83146961 0,
  0.55557023 0.83146961 0,0.55557023 0.83146961 0,
  0.55557023 0.83146961 0,0.55557023 0.83146961 0,
  0.83146961 0.55557023 0,0.83146961 0.55557023 0,
  0.83146961 0.55557023 0,0.83146961 0.55557023 0,
  0.83146961 0.55557023 0,0.83146961 0.55557023 0,
  0.98078528 0.19509032 0,0.98078528 0.19509032 0,
  0.98078528 0.19509032 0,0.98078528 0.19509032 0,
  0.98078528 0.19509032 0,0.98078528 0.19509032 0,
  0.98078528 -0.19509032 0,0.98078528 -0.19509032 0,
  0.98078528 -0.19509032 0,0.98078528 -0.19509032 0,
  0.98078528 -0.19509032 0,0.98078528 -0.19509032 0,
  0.83146961 -0.55557023 0,0.83146961 -0.55557023 0,
  0.83146961 -0.55557023 0,0.83146961 -0.55557023 0,
  0.83146961 -0.55557023 0,0.83146961 -0.55557023 0,
  0.55557023 -0.83146961 0,0.55557023 -0.83146961 0,
  0.55557023 -0.83146961 0,0.55557023 -0.83146961 0,
  0.55557023 -0.83146961 0,0.55557023 -0.83146961 0,
  0.19509032 -0.98078528 0,0.19509032 -0.98078528 0,
  0.19509032 -0.98078528 0,0.19509032 -0.98078528 0,
  0.19509032 -0.98078528 0,0.19509032 -0.98078528 0,
  -0.19509032 -0.98078528 0,-0.19509032 -0.98078528 0,
  -0.19509032 -0.98078528 0,-0.19509032 -0.98078528 0,
  -0.19509032 -0.98078528 0,-0.19509032 -0.98078528 0,
  -0.55557023 -0.83146961 0,-0.55557023 -0.83146961 0,
  -0.55557023 -0.83146961 0,-0.55557023 -0.83146961 0,
  -0.55557023 -0.83146961 0,-0.55557023 -0.83146961 0,
  -0.83146961 -0.55557023 0,-0.83146961 -0.55557023 0,
  -0.83146961 -0.55557023 0,-0.83146961 -0.55557023 0,
  -0.83146961 -0.55557023 0,-0.83146961 -0.55557023 0,
  -0.98078528 -0.19509032 0,-0.98078528 -0.19509032 0,
  -0.98078528 -0.19509032 0,-0.98078528 -0.19509032 0,
  -0.98078528 -0.19509032 0,-0.98078528 -0.19509032 0,
  -0.98078528 0.19509032 0,-0.98078528 0.19509032 0,
  -0.98078528 0.19509032 0,-0.98078528 0.19509032 0,
  -0.98078528 0.19509032 0,-0.98078528 0.19509032 0,
  -0.83146961 0.55557023 0,-0.83146961 0.55557023 0,
  -0.83146961 0.55557023 0,-0.83146961 0.55557023 0,
  -0.83146961 0.55557023 0,-0.83146961 0.55557023 0,
  -0.55557023 0.83146961 0,-0.55557023 0.83146961 0,
  -0.55557023 0.83146961 0,-0.55557023 0.83146961 0,
  -0.55557023 0.83146961 0,-0.55557023 0.83146961 0,
  -0.19509032 0.98078528 0,-0.19509032 0.98078528 0,
  -0.19509032 0.98078528 0,-0.19509032 0.98078528 0,
  -0.19509032 0.98078528 0,-0.19509032 0.98078528 0,
  0.19509032 0.98078528 0,0.19509032 0.98078528 0,
  0.19509032 0.98078528 0,0.19509032 0.98078528 0,
  0.19509032 0.98078528 0,0.19509032 0.98078528 0,
  0.55557023 0.83146961 0,0.55557023 0.83146961 0,
  0.55557023 0.83146961 0,0.55557023 0.83146961 0,
  0.55557023 0.83146961 0,0.55557023 0.83146961 0,
  0.83146961 0.55557023 0,0.83146961 0.55557023 0,
  0.83146961 0.55557023 0,0.83146961 0.55557023 0,
  0.83146961 0.55557023 0,0.83146961 0.55557023 0,
  0.98078528 0.19509032 0,0.98078528 0.19509032 0,
  0.98078528 0.19509032 0,0.98078528 0.19509032 0,
  0.98078528 0.19509032 0,0.98078528 0.19509032 0,
  0.98078528 -0.19509032 0,0.98078528 -0.19509032 0,
  0.98078528 -0.19509032 0,0.98078528 -0.19509032 0,
  0.98078528 -0.19509032 0,0.98078528 -0.19509032 0,
  0.83146961 -0.55557023 0,0.83146961 -0.55557023 0,
  0.83146961 -0.55557023 0,0.83146961 -0.55557023 0,
  0.83146961 -0.55557023 0,0.83146961 -0.55557023 0,
  0.55557023 -0.83146961 0,0.55557023 -0.83146961 0,
  0.55557023 -0.83146961 0,0.55557023 -0.83146961 0,
  0.55557023 -0.83146961 0,0.55557023 -0.83146961 0,
  0.19509032 -0.98078528 0,0.19509032 -0.98078528 0,
  0.19509032 -0.98078528 0,0.19509032 -0.98078528 0,
  0.19509032 -0.98078528 0,0.19509032 -0.98078528 0,
  -0.19509032 -0.98078528 0,-0.19509032 -0.98078528 0,
  -0.19509032 -0.98078528 0,-0.19509032 -0.98078528 0,
  -0.19509032 -0.98078528 0,-0.19509032 -0.98078528 0,
  -0.55557023 -0.83146961 0,-0.55557023 -0.83146961 0,
  -0.55557023 -0.83146961 0,-0.55557023 -0.83146961 0,
  -0.55557023 -0.83146961 0,-0.55557023 -0.83146961 0,
  -0.83146961 -0.55557023 0,-0.83146961 -0.55557023 0,
  -0.83146961 -0.55557023 0,-0.83146961 -0.55557023 0,
  -0.83146961 -0.55557023 0,-0.83146961 -0.55557023 0,
  -0.98078528 -0.19509032 0,-0.98078528 -0.19509032 0,
  -0.98078528 -0.19509032 0,-0.98078528 -0.19509032 0,
  -0.98078528 -0.19509032 0,-0.98078528 -0.19509032 0,
  -0.98078528 0.19509032 0,-0.98078528 0.19509032 0,
  -0.98078528 0.19509032 0,-0.98078528 0.19509032 0,
  -0.98078528 0.19509032 0,-0.98078528 0.19509032 0,
  -0.83146961 0.55557023 0,-0.83146961 0.55557023 0,
  -0.83146961 0.55557023 0,-0.83146961 0.55557023 0,
  -0.83146961 0.55557023 0,-0.83146961 0.55557023 0,
  -0.55557023 0.83146961 0,-0.55557023 0.83146961 0,
  -0.55557023 0.83146961 0,-0.55557023 0.83146961 0,
  -0.55557023 0.83146961 0,-0.55557023 0.83146961 0,
  -0.19509032 0.98078528 0,-0.19509032 0.98078528 0,
  -0.19509032 0.98078528 0,-0.19509032 0.98078528 0,
  -0.19509032 0.98078528 0,-0.19509032 0.98078528 0,
  0.19509032 0.98078528 0,0.19509032 0.98078528 0,
  0.19509032 0.98078528 0,0.19509032 0.98078528 0,
  0.19509032 0.98078528 0,0.19509032 0.98078528 0,
  0.55557023 0.83146961 0,0.55557023 0.83146961 0,
  0.55557023 0.83146961 0,0.55557023 0.83146961 0,
  0.55557023 0.83146961 0,0.55557023 0.83146961 0,
  0.83146961 0.55557023 0,0.83146961 0.55557023 0,
  0.83146961 0.55557023 0,0.83146961 0.55557023 0,
  0.83146961 0.55557023 0,0.83146961 0.55557023 0,
  0.98078528 0.19509032 0,0.98078528 0.19509032 0,
  0.98078528 0.19509032 0,0.98078528 0.19509032 0,
  0.98078528 0.19509032 0,0.98078528 0.19509032 0,
  0.98078528 -0.19509032 0,0.98078528 -0.19509032 0,
  0.98078528 -0.19509032 0,0.98078528 -0.19509032 0,
  0.98078528 -0.19509032 0,0.98078528 -0.19509032 0,
  0.83146961 -0.55557023 0,0.83146961 -0.55557023 0,
  0.83146961 -0.55557023 0,0.83146961 -0.55557023 0,
  0.83146961 -0.55557023 0,0.83146961 -0.55557023 0,
  0.55557023 -0.83146961 0,0.55557023 -0.83146961 0,
  0.55557023 -0.83146961 0,0.55557023 -0.83146961 0,
  0.55557023 -0.83146961 0,0.55557023 -0.83146961 0,
  0.19509032 -0.98078528 0,0.19509032 -0.98078528 0,
  0.19509032 -0.98078528 0,0.19509032 -0.98078528 0,
  0.19509032 -0.98078528 0,0.19509032 -0.98078528 0,
  -0.19509032 -0.98078528 0,-0.19509032 -0.98078528 0,
  -0.19509032 -0.98078528 0,-0.19509032 -0.98078528 0,
  -0.19509032 -0.98078528 0,-0.19509032 -0.98078528 0,
  -0.55557023 -0.83146961 0,-0.55557023 -0.83146961 0,
  -0.55557023 -0.83146961 0,-0.55557023 -0.83146961 0,
  -0.55557023 -0.83146961 0,-0.55557023 -0.83146961 0,
  -0.83146961 -0.55557023 0,-0.83146961 -0.55557023 0,
  -0.83146961 -0.55557023 0,-0.83146961 -0.55557023 0,
  -0.83146961 -0.55557023 0,-0.83146961 -0.55557023 0,
  -0.98078528 -0.19509032 0,-0.98078528 -0.19509032 0,
  -0.98078528 -0.19509032 0,-0.98078528 -0.19509032 0,
  -0.98078528 -0.19509032 0,-0.98078528 -0.19509032 0,
  -0.98078528 0.19509032 0,-0.98078528 0.19509032 0,
  -0.98078528 0.19509032 0,-0.98078528 0.19509032 0,
  -0.98078528 0.19509032 0,-0.98078528 0.19509032 0,
  -0.83146961 0.55557023 0,-0.83146961 0.55557023 0,
  -0.83146961 0.55557023 0,-0.83146961 0.55557023 0,
  -0.83146961 0.55557023 0,-0.83146961 0.55557023 0,
  -0.55557023 0.83146961 0,-0.55557023 0.83146961 0,
  -0.55557023 0.83146961 0,-0.55557023 0.83146961 0,
  -0.55557023 0.83146961 0,-0.55557023 0.83146961 0,
  -0.19509032 0.98078528 0,-0.19509032 0.98078528 0,
  -0.19509032 0.98078528 0,-0.19509032 0.98078528 0,
  -0.19509032 0.98078528 0,-0.19509032 0.98078528 0,
  0.19509032 0.98078528 0,0.19509032 0.98078528 0,
  0.19509032 0.98078528 0,0.19509032 0.98078528 0,
  0.19509032 0.98078528 0,0.19509032 0.98078528 0,
  0.55557023 0.83146961 0,0.55557023 0.83146961 0,
  0.55557023 0.83146961 0,0.55557023 0.83146961 0,
  0.55557023 0.83146961 0,0.55557023 0.83146961 0,
  0.83146961 0.55557023 0,0.83146961 0.55557023 0,
  0.83146961 0.55557023 0,0.83146961 0.55557023 0,
  0.83146961 0.55557023 0,0.83146961 0.55557023 0,
  0.98078528 0.19509032 0,0.98078528 0.19509032 0,
  0.98078528 0.19509032 0,0.98078528 0.19509032 0,
  0.98078528 0.19509032 0,0.98078528 0.19509032 0,
  -0.98078528 0.19509032 0,-0.98078528 0.19509032 0,
  -0.98078528 0.19509032 0,-0.98078528 0.19509032 0,
  -0.98078528 0.19509032 0,-0.98078528 0.19509032 0,
  -0.83146961 0.55557023 0,-0.83146961 0.55557023 0,
  -0.83146961 0.55557023 0,-0.83146961 0.55557023 0,
  -0.83146961 0.55557023 0,-0.83146961 0.55557023 0,
  -0.55557023 0.83146961 0,-0.55557023 0.83146961 0,
  -0.55557023 0.83146961 0,-0.55557023 0.83146961 0,
  -0.55557023 0.83146961 0,-0.55557023 0.83146961 0,
  -0.19509032 0.98078528 0,-0.19509032 0.98078528 0,
  -0.19509032 0.98078528 0,-0.19509032 0.98078528 0,
  -0.19509032 0.98078528 0,-0.19509032 0.98078528 0,
  0.19509032 0.98078528 0,0.19509032 0.98078528 0,
  0.19509032 0.98078528 0,0.19509032 0.98078528 0,
  0.19509032 0.98078528 0,0.19509032 0.98078528 0,
  0.55557023 0.83146961 0,0.55557023 0.83146961 0,
  0.55557023 0.83146961 0,0.55557023 0.83146961 0,
  0.55557023 0.83146961 0,0.55557023 0.83146961 0,
  0.83146961 0.55557023 0,0.83146961 0.55557023 0,
  0.83146961 0.55557023 0,0.83146961 0.55557023 0,
  0.83146961 0.55557023 0,0.83146961 0.55557023 0,
  0.98078528 0.19509032 0,0.98078528 0.19509032 0,
  0.98078528 0.19509032 0,0.98078528 0.19509032 0,
  0.98078528 0.19509032 0,0.98078528 0.19509032 0,
  0.98078528 -0.19509032 0,0.98078528 -0.19509032 0,
  0.98078528 -0.19509032 0,0.98078528 -0.19509032 0,
  0.98078528 -0.19509032 0,0.98078528 -0.19509032 0,
  0.83146961 -0.55557023 0,0.83146961 -0.55557023 0,
  0.83146961 -0.55557023 0,0.83146961 -0.55557023 0,
  0.83146961 -0.55557023 0,0.83146961 -0.55557023 0,
  0.55557023 -0.83146961 0,0.55557023 -0.83146961 0,
  0.55557023 -0.83146961 0,0.55557023 -0.83146961 0,
  0.55557023 -0.83146961 0,0.55557023 -0.83146961 0,
  0.19509032 -0.98078528 0,0.19509032 -0.98078528 0,
  0.19509032 -0.98078528 0,0.19509032 -0.98078528 0,
  0.19509032 -0.98078528 0,0.19509032 -0.98078528 0,
  -0.19509032 -0.98078528 0,-0.19509032 -0.98078528 0,
  -0.19509032 -0.98078528 0,-0.19509032 -0.98078528 0,
  -0.19509032 -0.98078528 0,-0.19509032 -0.98078528 0,
  -0.55557023 -0.83146961 0,-0.55557023 -0.83146961 0,
  -0.55557023 -0.83146961 0,-0.55557023 -0.83146961 0,
  -0.55557023 -0.83146961 0,-0.55557023 -0.83146961 0,
  -0.83146961 -0.55557023 0,-0.83146961 -0.55557023 0,
  -0.83146961 -0.55557023 0,-0.83146961 -0.55557023 0,
  -0.83146961 -0.55557023 0,-0.83146961 -0.55557023 0,
  -0.98078528 -0.19509032 0,-0.98078528 -0.19509032 0,
  -0.98078528 -0.19509032 0,-0.98078528 -0.19509032 0,
  -0.98078528 -0.19509032 0,-0.98078528 -0.19509032 0,
  -0.98078528 0.19509032 0,-0.98078528 0.19509032 0,
  -0.98078528 0.19509032 0,-0.98078528 0.19509032 0,
  -0.98078528 0.19509032 0,-0.98078528 0.19509032 0,
  -0.83146961 0.55557023 0,-0.83146961 0.55557023 0,
  -0.83146961 0.55557023 0,-0.83146961 0.55557023 0,
  -0.83146961 0.55557023 0,-0.83146961 0.55557023 0,
  -0.55557023 0.83146961 0,-0.55557023 0.83146961 0,
  -0.55557023 0.83146961 0,-0.55557023 0.83146961 0,
  -0.55557023 0.83146961 0,-0.55557023 0.83146961 0,
  -0.19509032 0.98078528 0,-0.19509032 0.98078528 0,
  -0.19509032 0.98078528 0,-0.19509032 0.98078528 0,
  -0.19509032 0.98078528 0,-0.19509032 0.98078528 0,
  0.19509032 0.98078528 0,0.19509032 0.98078528 0,
  0.19509032 0.98078528 0,0.19509032 0.98078528 0,
  0.19509032 0.98078528 0,0.19509032 0.98078528 0,
  0.55557023 0.83146961 0,0.55557023 0.83146961 0,
  0.55557023 0.83146961 0,0.55557023 0.83146961 0,
  0.55557023 0.83146961 0,0.55557023 0.83146961 0,
  0.83146961 0.55557023 0,0.83146961 0.55557023 0,
  0.83146961 0.55557023 0,0.83146961 0.55557023 0,
  0.83146961 0.55557023 0,0.83146961 0.55557023 0,
  0.98078528 0.19509032 0,0.98078528 0.19509032 0,
  0.98078528 0.19509032 0,0.98078528 0.19509032 0,
  0.98078528 0.19509032 0,0.98078528 0.19509032 0,
  0.98078528 -0.19509032 0,0.98078528 -0.19509032 0,
  0.98078528 -0.19509032 0,0.98078528 -0.19509032 0,
  0.98078528 -0.19509032 0,0.98078528 -0.19509032 0,
  0.83146961 -0.55557023 0,0.83146961 -0.55557023 0,
  0.83146961 -0.55557023 0,0.83146961 -0.55557023 0,
  0.83146961 -0.55557023 0,0.83146961 -0.55557023 0,
  0.55557023 -0.83146961 0,0.55557023 -0.83146961 0,
  0.55557023 -0.83146961 0,0.55557023 -0.83146961 0,
  0.55557023 -0.83146961 0,0.55557023 -0.83146961 0,
  0.19509032 -0.98078528 0,0.19509032 -0.98078528 0,
  0.19509032 -0.98078528 0,0.19509032 -0.98078528 0,
  0.19509032 -0.98078528 0,0.19509032 -0.98078528 0,
  -0.19509032 -0.98078528 0,-0.19509032 -0.98078528 0,
  -0.19509032 -0.98078528 0,-0.19509032 -0.98078528 0,
  -0.19509032 -0.98078528 0,-0.19509032 -0.98078528 0,
  -0.55557023 -0.83146961 0,-0.55557023 -0.83146961 0,
  -0.55557023 -0.83146961 0,-0.55557023 -0.83146961 0,
  -0.55557023 -0.83146961 0,-0.55557023 -0.83146961 0,
  -0.83146961 -0.55557023 0,-0.83146961 -0.55557023 0,
  -0.83146961 -0.55557023 0,-0.83146961 -0.55557023 0,
  -0.83146961 -0.55557023 0,-0.83146961 -0.55557023 0,
  -0.98078528 -0.19509032 0,-0.98078528 -0.19509032 0,
  -0.98078528 -0.19509032 0,-0.98078528 -0.19509032 0,
  -0.98078528 -0.19509032 0,-0.98078528 -0.19509032 0,
  0.98078528 -0.19509032 0,0.98078528 -0.19509032 0,
  0.98078528 -0.19509032 0,0.98078528 -0.19509032 0,
  0.98078528 -0.19509032 0,0.98078528 -0.19509032 0,
  0.83146961 -0.55557023 0,0.83146961 -0.55557023 0,
  0.83146961 -0.55557023 0,0.83146961 -0.55557023 0,
  0.83146961 -0.55557023 0,0.83146961 -0.55557023 0,
  0.55557023 -0.83146961 0,0.55557023 -0.83146961 0,
  0.55557023 -0.83146961 0,0.55557023 -0.83146961 0,
  0.55557023 -0.83146961 0,0.55557023 -0.83146961 0,
  0.19509032 -0.98078528 0,0.19509032 -0.98078528 0,
  0.19509032 -0.98078528 0,0.19509032 -0.98078528 0,
  0.19509032 -0.98078528 0,0.19509032 -0.98078528 0,
  -0.19509032 -0.98078528 0,-0.19509032 -0.98078528 0,
  -0.19509032 -0.98078528 0,-0.19509032 -0.98078528 0,
  -0.19509032 -0.98078528 0,-0.19509032 -0.98078528 0,
  -0.55557023 -0.83146961 0,-0.55557023 -0.83146961 0,
  -0.55557023 -0.83146961 0,-0.55557023 -0.83146961 0,
  -0.55557023 -0.83146961 0,-0.55557023 -0.83146961 0,
  -0.83146961 -0.55557023 0,-0.83146961 -0.55557023 0,
  -0.83146961 -0.55557023 0,-0.83146961 -0.55557023 0,
  -0.83146961 -0.55557023 0,-0.83146961 -0.55557023 0,
  -0.98078528 -0.19509032 0,-0.98078528 -0.19509032 0,
  -0.98078528 -0.19509032 0,-0.98078528 -0.19509032 0,
  -0.98078528 -0.19509032 0,-0.98078528 -0.19509032 0,
  -0.98078528 0.19509032 0,-0.98078528 0.19509032 0,
  -0.98078528 0.19509032 0,-0.98078528 0.19509032 0,
  -0.98078528 0.19509032 0,-0.98078528 0.19509032 0,
  -0.83146961 0.55557023 0,-0.83146961 0.55557023 0,
  -0.83146961 0.55557023 0,-0.83146961 0.55557023 0,
  -0.83146961 0.55557023 0,-0.83146961 0.55557023 0,
  -0.55557023 0.83146961 0,-0.55557023 0.83146961 0,
  -0.55557023 0.83146961 0,-0.55557023 0.83146961 0,
  -0.55557023 0.83146961 0,-0.55557023 0.83146961 0,
  -0.19509032 0.98078528 0,-0.19509032 0.98078528 0,
  -0.19509032 0.98078528 0,-0.19509032 0.98078528 0,
  -0.19509032 0.98078528 0,-0.19509032 0.98078528 0,
  0.19509032 0.98078528 0,0.19509032 0.98078528 0,
  0.19509032 0.98078528 0,0.19509032 0.98078528 0,
  0.19509032 0.98078528 0,0.19509032 0.98078528 0,
  0.55557023 0.83146961 0,0.55557023 0.83146961 0,
  0.55557023 0.83146961 0,0.55557023 0.83146961 0,
  0.55557023 0.83146961 0,0.55557023 0.83146961 0,
  0.83146961 0.55557023 0,0.83146961 0.55557023 0,
  0.83146961 0.55557023 0,0.83146961 0.55557023 0,
  0.83146961 0.55557023 0,0.83146961 0.55557023 0,
  0.98078528 0.19509032 0,0.98078528 0.19509032 0,
  0.98078528 0.19509032 0,0.98078528 0.19509032 0,
  0.98078528 0.19509032 0,0.98078528 0.19509032 0,
  0.98480775 -0.17364818 0,0.98480775 -0.17364818 0,
  0.98480775 -0.17364818 0,0.98480775 -0.17364818 0,
  0.98480775 -0.17364818 0,0.98480775 -0.17364818 0,
  0.8660254 -0.5 0,0.8660254 -0.5 0,
  0.8660254 -0.5 0,0.8660254 -0.5 0,
  0.8660254 -0.5 0,0.8660254 -0.5 0,
  0.64278761 -0.76604444 0,0.64278761 -0.76604444 0,
  0.64278761 -0.76604444 0,0.64278761 -0.76604444 0,
  0.64278761 -0.76604444 0,0.64278761 -0.76604444 0,
  0.34202014 -0.93969262 0,0.34202014 -0.93969262 0,
  0.34202014 -0.93969262 0,0.34202014 -0.93969262 0,
  0.34202014 -0.93969262 0,0.34202014 -0.93969262 0,
  0 -1 0,0 -1 0,
  0 -1 0,0 -1 0,
  0 -1 0,0 -1 0,
  -0.34202014 -0.93969262 0,-0.34202014 -0.93969262 0,
  -0.34202014 -0.93969262 0,-0.34202014 -0.93969262 0,
  -0.34202014 -0.93969262 0,-0.34202014 -0.93969262 0,
  -0.64278761 -0.76604444 0,-0.64278761 -0.76604444 0,
  -0.64278761 -0.76604444 0,-0.64278761 -0.76604444 0,
  -0.64278761 -0.76604444 0,-0.64278761 -0.76604444 0,
  -0.8660254 -0.5 0,-0.8660254 -0.5 0,
  -0.8660254 -0.5 0,-0.8660254 -0.5 0,
  -0.8660254 -0.5 0,-0.8660254 -0.5 0,
  -0.98480775 -0.17364818 0,-0.98480775 -0.17364818 0,
  -0.98480775 -0.17364818 0,-0.98480775 -0.17364818 0,
  -0.98480775 -0.17364818 0,-0.98480775 -0.17364818 0,
  -0.98480775 0.17364818 0,-0.98480775 0.17364818 0,
  -0.98480775 0.17364818 0,-0.98480775 0.17364818 0,
  -0.98480775 0.17364818 0,-0.98480775 0.17364818 0,
  -0.8660254 0.5 0,-0.8660254 0.5 0,
  -0.8660254 0.5 0,-0.8660254 0.5 0,
  -0.8660254 0.5 0,-0.8660254 0.5 0,
  -0.64278761 0.76604444 0,-0.64278761 0.76604444 0,
  -0.64278761 0.76604444 0,-0.64278761 0.76604444 0,
  -0.64278761 0.76604444 0,-0.64278761 0.76604444 0,
  -0.34202014 0.93969262 0,-0.34202014 0.93969262 0,
  -0.34202014 0.93969262 0,-0.34202014 0.93969262 0,
  -0.34202014 0.93969262 0,-0.34202014 0.93969262 0,
  0 1 0,0 1 0,
  0 1 0,0 1 0,
  0 1 0,0 1 0,
  0.34202014 0.93969262 0,0.34202014 0.93969262 0,
  0.34202014 0.93969262 0,0.34202014 0.93969262 0,
  0.34202014 0.93969262 0,0.34202014 0.93969262 0,
  0.64278761 0.76604444 0,0.64278761 0.76604444 0,
  0.64278761 0.76604444 0,0.64278761 0.76604444 0,
  0.64278761 0.76604444 0,0.64278761 0.76604444 0,
  0.8660254 0.5 0,0.8660254 0.5 0,
  0.8660254 0.5 0,0.8660254 0.5 0,
  0.8660254 0.5 0,0.8660254 0.5 0,
  0.98480775 0.17364818 0,0.98480775 0.17364818 0,
  0.98480775 0.17364818 0,0.98480775 0.17364818 0,
  0.98480775 0.17364818 0,0.98480775 0.17364818 0,
  0.98480775 -0.17364818 0,0.98480775 -0.17364818 0,
  0.98480775 -0.17364818 0,0.98480775 -0.17364818 0,
  0.98480775 -0.17364818 0,0.98480775 -0.17364818 0,
  0.8660254 -0.5 0,0.8660254 -0.5 0,
  0.8660254 -0.5 0,0.8660254 -0.5 0,
  0.8660254 -0.5 0,0.8660254 -0.5 0,
  0.64278761 -0.76604444 0,0.64278761 -0.76604444 0,
  0.64278761 -0.76604444 0,0.64278761 -0.76604444 0,
  0.64278761 -0.76604444 0,0.64278761 -0.76604444 0,
  0.34202014 -0.93969262 0,0.34202014 -0.93969262 0,
  0.34202014 -0.93969262 0,0.34202014 -0.93969262 0,
  0.34202014 -0.93969262 0,0.34202014 -0.93969262 0,
  0 -1 0,0 -1 0,
  0 -1 0,0 -1 0,
  0 -1 0,0 -1 0,
  -0.34202014 -0.93969262 0,-0.34202014 -0.93969262 0,
  -0.34202014 -0.93969262 0,-0.34202014 -0.93969262 0,
  -0.34202014 -0.93969262 0,-0.34202014 -0.93969262 0,
  -0.64278761 -0.76604444 0,-0.64278761 -0.76604444 0,
  -0.64278761 -0.76604444 0,-0.64278761 -0.76604444 0,
  -0.64278761 -0.76604444 0,-0.64278761 -0.76604444 0,
  -0.8660254 -0.5 0,-0.8660254 -0.5 0,
  -0.8660254 -0.5 0,-0.8660254 -0.5 0,
  -0.8660254 -0.5 0,-0.8660254 -0.5 0,
  -0.98480775 -0.17364818 0,-0.98480775 -0.17364818 0,
  -0.98480775 -0.17364818 0,-0.98480775 -0.17364818 0,
  -0.98480775 -0.17364818 0,-0.98480775 -0.17364818 0,
  -0.98480775 0.17364818 0,-0.98480775 0.17364818 0,
  -0.98480775 0.17364818 0,-0.98480775 0.17364818 0,
  -0.98480775 0.17364818 0,-0.98480775 0.17364818 0,
  -0.8660254 0.5 0,-0.8660254 0.5 0,
  -0.8660254 0.5 0,-0.8660254 0.5 0,
  -0.8660254 0.5 0,-0.8660254 0.5 0,
  -0.64278761 0.76604444 0,-0.64278761 0.76604444 0,
  -0.64278761 0.76604444 0,-0.64278761 0.76604444 0,
  -0.64278761 0.76604444 0,-0.64278761 0.76604444 0,
  -0.34202014 0.93969262 0,-0.34202014 0.93969262 0,
  -0.34202014 0.93969262 0,-0.34202014 0.93969262 0,
  -0.34202014 0.93969262 0,-0.34202014 0.93969262 0,
  0 1 0,0 1 0,
  0 1 0,0 1 0,
  0 1 0,0 1 0,
  0.34202014 0.93969262 0,0.34202014 0.93969262 0,
  0.34202014 0.93969262 0,0.34202014 0.93969262 0,
  0.34202014 0.93969262 0,0.34202014 0.93969262 0,
  0.64278761 0.76604444 0,0.64278761 0.76604444 0,
  0.64278761 0.76604444 0,0.64278761 0.76604444 0,
  0.64278761 0.76604444 0,0.64278761 0.76604444 0,
  0.8660254 0.5 0,0.8660254 0.5 0,
  0.8660254 0.5 0,0.8660254 0.5 0,
  0.8660254 0.5 0,0.8660254 0.5 0,
  0.98480775 0.17364818 0,0.98480775 0.17364818 0,
  0.98480775 0.17364818 0,0.98480775 0.17364818 0,
  0.98480775 0.17364818 0,0.98480775 0.17364818 0] }
}
}
] }
DEF TXFM_3 Transform {
  center 0 0 0
  rotation 0 0 1 0
  scale 1 1 1
  scaleOrientation 0 0 1 0
  translation 0 0 0
 children [
DEF SHAPE_3 Shape {
 appearance DEF APP_2 Appearance {
  material Material {
   ambientIntensity 1
   diffuseColor 0.75 0.61000001 0.23
   emissiveColor 0 0 0
   shininess 0.89999998
   specularColor 0.89999998 0.84399998 0.69199997
   transparency 0
} }
 geometry DEF FACE_3 IndexedFaceSet {
  coord DEF COORD_3 Coordinate { point [
  4.9545776 0.69668071 0.31496063,4.9486988 0.68248858 0.31496063,
  4.9479425 0.67480787 0.31496063,4.9479425 0.35984724 0.31496063,
  4.9486988 0.35216654 0.31496063,4.9528618 0.34211614 0.31496063,
  4.9524028 0.34100709 0.31496063,4.9524028 0.32564567 0.31496063,
  4.9582815 0.31145354 0.31496063,4.9691437 0.30059134 0.31496063,
  4.9833358 0.2947126 0.31496063,4.9910165 0.2939563 0.31496063,
  11.84141 0.2939563 0.31496063,11.849091 0.2947126 0.31496063,
  11.863283 0.30059134 0.31496063,11.874145 0.31145354 0.31496063,
  11.880024 0.32564567 0.31496063,11.880024 0.34100709 0.31496063,
  11.874145 0.35519921 0.31496063,11.863283 0.36606142 0.31496063,
  11.849091 0.37194016 0.31496063,11.84141 0.37269646 0.31496063,
  5.0266827 0.37269646 0.31496063,5.0266827 0.67480787 0.31496063,
  5.0259264 0.68248858 0.31496063,5.0200476 0.69668071 0.31496063,
  5.0091854 0.70754291 0.31496063,4.9949933 0.71342165 0.31496063,
  4.9796319 0.71342165 0.31496063,4.9654398 0.70754291 0.31496063,
  0.93011811 4.3464567 0.31496063,0.93011811 3.9074803 0.31496063,
  6.7765748 3.9074803 0.31496063,6.875 3.9074803 0.31496063,
  6.875 5.9448819 0.31496063,6.7765748 5.9448819 0.31496063,
  6.7765748 4.0059055 0.31496063,1.0285433 4.0059055 0.31496063,
  1.0285433 4.3464567 0.31496063,13.051181 0.6928378 0.31496063,
  13.012635 0.70686693 0.31496063,12.971617 0.70686693 0.31496063,
  12.933071 0.6928378 0.31496063,12.901648 0.66647087 0.31496063,
  12.881139 0.63094724 0.31496063,12.874016 0.59055118 0.31496063,
  12.881139 0.55015512 0.31496063,12.901648 0.5146315 0.31496063,
  12.933071 0.48826457 0.31496063,12.971617 0.47423543 0.31496063,
  13.012635 0.47423543 0.31496063,13.051181 0.48826457 0.31496063,
  13.082604 0.5146315 0.31496063,13.103113 0.55015512 0.31496063,
  13.110236 0.59055118 0.31496063,13.103113 0.63094724 0.31496063,
  13.082604 0.66647087 0.31496063,13.051181 0.59055118 0.31496063,
  13.04762 0.57035314 0.31496063,13.037365 0.55259128 0.31496063,
  13.021654 0.53940795 0.31496063,13.002381 0.53239324 0.31496063,
  12.981871 0.53239324 0.31496063,12.962598 0.53940795 0.31496063,
  12.946887 0.55259128 0.31496063,12.936632 0.57035314 0.31496063,
  12.933071 0.59055118 0.31496063,12.936632 0.61074922 0.31496063,
  12.946887 0.62851108 0.31496063,12.962598 0.64169441 0.31496063,
  12.981871 0.64870912 0.31496063,13.002381 0.64870912 0.31496063,
  13.021654 0.64169441 0.31496063,13.037365 0.62851108 0.31496063,
  13.04762 0.61074922 0.31496063,12.577794 0.74778976 0.31496063,
  12.570446 0.76552992 0.31496063,12.556868 0.77910787 0.31496063,
  12.539128 0.78645591 0.31496063,12.529527 0.78740157 0.31496063,
  12.431102 0.78740157 0.31496063,12.421501 0.78645591 0.31496063,
  12.403761 0.77910787 0.31496063,12.390183 0.76552992 0.31496063,
  12.382835 0.74778976 0.31496063,12.382835 0.72858819 0.31496063,
  12.390183 0.71084803 0.31496063,12.403761 0.69727008 0.31496063,
  12.421501 0.68992205 0.31496063,12.431102 0.68897638 0.31496063,
  12.529527 0.68897638 0.31496063,12.539128 0.68992205 0.31496063,
  12.556868 0.69727008 0.31496063,12.570446 0.71084803 0.31496063,
  12.577794 0.72858819 0.31496063,5.114852 0.98542835 0.31496063,
  5.1075039 1.0031685 0.31496063,5.093926 1.0167465 0.31496063,
  5.0761858 1.0240945 0.31496063,5.066585 1.0250402 0.31496063,
  4.9681598 1.0250402 0.31496063,4.9585591 1.0240945 0.31496063,
  4.9408189 1.0167465 0.31496063,4.9272409 1.0031685 0.31496063,
  4.9198929 0.98542835 0.31496063,4.9198929 0.96622677 0.31496063,
  4.9272409 0.94848661 0.31496063,4.9408189 0.93490866 0.31496063,
  4.9585591 0.92756063 0.31496063,4.9681598 0.92661496 0.31496063,
  5.066585 0.92661496 0.31496063,5.0761858 0.92756063 0.31496063,
  5.093926 0.93490866 0.31496063,5.1075039 0.94848661 0.31496063,
  5.114852 0.96622677 0.31496063,12.577794 1.4170803 0.31496063,
  12.570446 1.4348205 0.31496063,12.556868 1.4483984 0.31496063,
  12.539128 1.4557465 0.31496063,12.529527 1.4566921 0.31496063,
  12.431102 1.4566921 0.31496063,12.421501 1.4557465 0.31496063,
  12.403761 1.4483984 0.31496063,12.390183 1.4348205 0.31496063,
  12.382835 1.4170803 0.31496063,12.382835 1.3978787 0.31496063,
  12.390183 1.3801386 0.31496063,12.403761 1.3665606 0.31496063,
  12.421501 1.3592126 0.31496063,12.431102 1.3582669 0.31496063,
  12.529527 1.3582669 0.31496063,12.539128 1.3592126 0.31496063,
  12.556868 1.3665606 0.31496063,12.570446 1.3801386 0.31496063,
  12.577794 1.3978787 0.31496063,5.1171638 2.4111756 0.31496063,
  5.1098157 2.4289157 0.31496063,5.0962378 2.4424937 0.31496063,
  5.0784976 2.4498417 0.31496063,5.0688969 2.4507874 0.31496063,
  4.9704717 2.4507874 0.31496063,4.9608709 2.4498417 0.31496063,
  4.9431307 2.4424937 0.31496063,4.9295528 2.4289157 0.31496063,
  4.9222047 2.4111756 0.31496063,4.9222047 2.391974 0.31496063,
  4.9295528 2.3742339 0.31496063,4.9431307 2.3606559 0.31496063,
  4.9608709 2.3533079 0.31496063,4.9704717 2.3523622 0.31496063,
  5.0688969 2.3523622 0.31496063,5.0784976 2.3533079 0.31496063,
  5.0962378 2.3606559 0.31496063,5.1098157 2.3742339 0.31496063,
  5.1171638 2.391974 0.31496063,12.577794 2.7753488 0.31496063,
  12.570446 2.793089 0.31496063,12.556868 2.8066669 0.31496063,
  12.539128 2.814015 0.31496063,12.529527 2.8149606 0.31496063,
  12.431102 2.8149606 0.31496063,12.421501 2.814015 0.31496063,
  12.403761 2.8066669 0.31496063,12.390183 2.793089 0.31496063,
  12.382835 2.7753488 0.31496063,12.382835 2.7561472 0.31496063,
  12.390183 2.7384071 0.31496063,12.403761 2.7248291 0.31496063,
  12.421501 2.7174811 0.31496063,12.431102 2.7165354 0.31496063,
  12.529527 2.7165354 0.31496063,12.539128 2.7174811 0.31496063,
  12.556868 2.7248291 0.31496063,12.570446 2.7384071 0.31496063,
  12.577794 2.7561472 0.31496063,7.3326772 3.3956693 0.31496063,
  7.3317315 3.4052701 0.31496063,7.3243835 3.4230102 0.31496063,
  7.3108055 3.4365882 0.31496063,7.2930654 3.4439362 0.31496063,
  7.2738638 3.4439362 0.31496063,7.2561236 3.4365882 0.31496063,
  7.2425457 3.4230102 0.31496063,7.2351976 3.4052701 0.31496063,
  7.234252 3.3956693 0.31496063,7.234252 3.2972441 0.31496063,
  7.2351976 3.2876433 0.31496063,7.2425457 3.2699031 0.31496063,
  7.2561236 3.2563252 0.31496063,7.2738638 3.2489772 0.31496063,
  7.2930654 3.2489772 0.31496063,7.3108055 3.2563252 0.31496063,
  7.3243835 3.2699031 0.31496063,7.3317315 3.2876433 0.31496063,
  7.3326772 3.2972441 0.31496063,7.1270311 3.4007933 0.31496063,
  7.1211524 3.4149854 0.31496063,7.1102902 3.4258476 0.31496063,
  7.096098 3.4317264 0.31496063,7.0884173 3.4324827 0.31496063,
  5.1199134 3.4324827 0.31496063,5.1122327 3.4317264 0.31496063,
  5.0980406 3.4258476 0.31496063,5.0871783 3.4149854 0.31496063,
  5.0812996 3.4007933 0.31496063,5.0812996 3.3854319 0.31496063,
  5.0871783 3.3712398 0.31496063,5.0980406 3.3603776 0.31496063,
  5.1122327 3.3544988 0.31496063,5.1199134 3.3537425 0.31496063,
  7.0884173 3.3537425 0.31496063,7.096098 3.3544988 0.31496063,
  7.1102902 3.3603776 0.31496063,7.1211524 3.3712398 0.31496063,
  7.1270311 3.3854319 0.31496063,12.459874 3.40335 0.31496063,
  12.453996 3.4175421 0.31496063,12.443133 3.4284043 0.31496063,
  12.428941 3.4342831 0.31496063,12.421261 3.4350394 0.31496063,
  7.4606307 3.4350394 0.31496063,7.45295 3.4342831 0.31496063,
  7.4387579 3.4284043 0.31496063,7.4278957 3.4175421 0.31496063,
  7.4220169 3.40335 0.31496063,7.4220169 3.3879886 0.31496063,
  7.4278957 3.3737965 0.31496063,7.4387579 3.3629343 0.31496063,
  7.45295 3.3570555 0.31496063,7.4606307 3.3562992 0.31496063,
  12.421261 3.3562992 0.31496063,12.428941 3.3570555 0.31496063,
  12.443133 3.3629343 0.31496063,12.453996 3.3737965 0.31496063,
  12.459874 3.3879886 0.31496063,6.5501969 7.726378 0.31496063,
  1.0285433 7.726378 0.31496063,0.93011811 7.726378 0.31496063,
  0.93011811 5.2913386 0.31496063,1.0285433 5.2913386 0.31496063,
  1.0285433 7.6279528 0.31496063,6.5501969 7.6279528 0.31496063,
  8.6031185 6.282287 0.31496063,8.6023622 6.2746063 0.31496063,
  8.6023622 5.871063 0.31496063,8.6031185 5.8633823 0.31496063,
  8.6031185 5.858461 0.31496063,8.6089972 5.8442689 0.31496063,
  8.6198594 5.8334067 0.31496063,8.6340516 5.827528 0.31496063,
  8.6417323 5.8267717 0.31496063,12.224409 5.8267717 0.31496063,
  12.23209 5.827528 0.31496063,12.246282 5.8334067 0.31496063,
  12.257144 5.8442689 0.31496063,12.263023 5.858461 0.31496063,
  12.263023 5.8738224 0.31496063,12.257144 5.8880146 0.31496063,
  12.246282 5.8988768 0.31496063,12.23209 5.9047555 0.31496063,
  12.224409 5.9055118 0.31496063,8.6811024 5.9055118 0.31496063,
  8.6811024 6.2746063 0.31496063,8.6803461 6.282287 0.31496063,
  8.6744673 6.2964791 0.31496063,8.6636051 6.3073413 0.31496063,
  8.649413 6.3132201 0.31496063,8.6340516 6.3132201 0.31496063,
  8.6198594 6.3073413 0.31496063,8.6089972 6.2964791 0.31496063,
  12.263023 7.0942949 0.31496063,12.257144 7.108487 0.31496063,
  12.246282 7.1193492 0.31496063,12.23209 7.125228 0.31496063,
  12.224409 7.1259843 0.31496063,8.6417323 7.1259843 0.31496063,
  8.6340516 7.125228 0.31496063,8.6198594 7.1193492 0.31496063,
  8.6089972 7.108487 0.31496063,8.6031185 7.0942949 0.31496063,
  8.6031185 7.0789335 0.31496063,8.6089972 7.0647413 0.31496063,
  8.6198594 7.0538791 0.31496063,8.6340516 7.0480004 0.31496063,
  8.6417323 7.0472441 0.31496063,12.224409 7.0472441 0.31496063,
  12.23209 7.0480004 0.31496063,12.246282 7.0538791 0.31496063,
  12.257144 7.0647413 0.31496063,12.263023 7.0789335 0.31496063,
  13.051181 7.5826016 0.31496063,13.012635 7.5966307 0.31496063,
  12.971617 7.5966307 0.31496063,12.933071 7.5826016 0.31496063,
  12.901648 7.5562346 0.31496063,12.881139 7.520711 0.31496063,
  12.874016 7.480315 0.31496063,12.881139 7.4399189 0.31496063,
  12.901648 7.4043953 0.31496063,12.933071 7.3780283 0.31496063,
  12.971617 7.3639992 0.31496063,13.012635 7.3639992 0.31496063,
  13.051181 7.3780283 0.31496063,13.082604 7.4043953 0.31496063,
  13.103113 7.4399189 0.31496063,13.110236 7.480315 0.31496063,
  13.103113 7.520711 0.31496063,13.082604 7.5562346 0.31496063,
  13.051181 7.480315 0.31496063,13.051181 7.480315 0.31496063,
  13.04762 7.4601169 0.31496063,13.037365 7.4423551 0.31496063,
  13.021654 7.4291717 0.31496063,13.002381 7.422157 0.31496063,
  12.981871 7.422157 0.31496063,12.962598 7.4291717 0.31496063,
  12.946887 7.4423551 0.31496063,12.936632 7.4601169 0.31496063,
  12.933071 7.480315 0.31496063,12.936632 7.500513 0.31496063,
  12.946887 7.5182749 0.31496063,12.962598 7.5314582 0.31496063,
  12.981871 7.5384729 0.31496063,13.002381 7.5384729 0.31496063,
  13.021654 7.5314582 0.31496063,13.037365 7.5182749 0.31496063,
  13.04762 7.500513 0.31496063,3.4094488 10.090551 0.31496063,
  3.4094488 8.3582677 0.31496063,3.8818898 8.3582677 0.31496063,
  3.8818898 8.4370079 0.31496063,3.488189 8.4370079 0.31496063,
  3.488189 10.090551 0.31496063,7.5826772 8.4370079 0.31496063,
  4.9055118 8.4370079 0.31496063,4.9055118 8.3582677 0.31496063,
  7.5826772 8.3582677 0.31496063,8.8425197 8.3582677 0.31496063,
  8.8425197 12.295276 0.31496063,7.2677165 12.295276 0.31496063,
  7.2677165 12.216535 0.31496063,8.7637795 12.216535 0.31496063,
  8.7637795 8.4370079 0.31496063,8.1338583 8.4370079 0.31496063,
  8.1338583 8.3582677 0.31496063,8.7637795 8.3582677 0.31496063,
  6.7165354 12.295276 0.31496063,4.0393701 12.295276 0.31496063,
  4.0393701 12.216535 0.31496063,6.7165354 12.216535 0.31496063,
  0.53149606 0.6928378 0.31496063,0.50007362 0.66647087 0.31496063,
  0.47956378 0.63094724 0.31496063,0.47244094 0.59055118 0.31496063,
  0.47956378 0.55015512 0.31496063,0.50007362 0.5146315 0.31496063,
  0.53149606 0.48826457 0.31496063,0.57004173 0.47423543 0.31496063,
  0.61106063 0.47423543 0.31496063,0.6496063 0.48826457 0.31496063,
  0.68102874 0.5146315 0.31496063,0.70153858 0.55015512 0.31496063,
  0.70866142 0.59055118 0.31496063,0.70153858 0.63094724 0.31496063,
  0.68102874 0.66647087 0.31496063,0.6496063 0.6928378 0.31496063,
  0.61106063 0.70686693 0.31496063,0.57004173 0.70686693 0.31496063,
  0.53149606 0.59055118 0.31496063,0.53505752 0.61074922 0.31496063,
  0.54531234 0.62851108 0.31496063,0.56102362 0.64169441 0.31496063,
  0.58029637 0.64870912 0.31496063,0.60080599 0.64870912 0.31496063,
  0.62007874 0.64169441 0.31496063,0.63579003 0.62851108 0.31496063,
  0.64604484 0.61074922 0.31496063,0.6496063 0.59055118 0.31496063,
  0.64604484 0.57035314 0.31496063,0.63579003 0.55259128 0.31496063,
  0.62007874 0.53940795 0.31496063,0.60080599 0.53239324 0.31496063,
  0.58029637 0.53239324 0.31496063,0.56102362 0.53940795 0.31496063,
  0.54531234 0.55259128 0.31496063,0.53505752 0.57035314 0.31496063,
  3.7520421 12.253085 0.31496063,3.7315323 12.217561 0.31496063,
  3.7244094 12.177165 0.31496063,3.7315323 12.136769 0.31496063,
  3.7520421 12.101246 0.31496063,3.7834646 12.074879 0.31496063,
  3.8220102 12.06085 0.31496063,3.8630291 12.06085 0.31496063,
  3.9015748 12.074879 0.31496063,3.9329972 12.101246 0.31496063,
  3.9535071 12.136769 0.31496063,3.9606299 12.177165 0.31496063,
  3.9535071 12.217561 0.31496063,3.9329972 12.253085 0.31496063,
  3.9015748 12.279452 0.31496063,3.8630291 12.293481 0.31496063,
  3.8220102 12.293481 0.31496063,3.7834646 12.279452 0.31496063,
  3.7814961 12.177165 0.31496063,3.7861412 12.200518 0.31496063,
  3.7993695 12.220316 0.31496063,3.819167 12.233544 0.31496063,
  3.8425197 12.238189 0.31496063,3.8658724 12.233544 0.31496063,
  3.8856699 12.220316 0.31496063,3.8988982 12.200518 0.31496063,
  3.9035433 12.177165 0.31496063,3.8988982 12.153813 0.31496063,
  3.8856699 12.134015 0.31496063,3.8658724 12.120787 0.31496063,
  3.8425197 12.116142 0.31496063,3.819167 12.120787 0.31496063,
  3.7993695 12.134015 0.31496063,3.7861412 12.153813 0.31496063,
  6.8265248 12.20485 0.31496063,6.8032496 12.153884 0.31496063,
  6.7952756 12.098425 0.31496063,6.8032496 12.042966 0.31496063,
  6.8265248 11.992 0.31496063,6.8632165 11.949656 0.31496063,
  6.9103512 11.919364 0.31496063,6.9641114 11.903578 0.31496063,
  7.0201406 11.903578 0.31496063,7.0739008 11.919364 0.31496063,
  7.1210354 11.949656 0.31496063,7.1577272 11.992 0.31496063,
  7.1810024 12.042966 0.31496063,7.1889764 12.098425 0.31496063,
  7.1810024 12.153884 0.31496063,7.1577272 12.20485 0.31496063,
  7.1210354 12.247195 0.31496063,7.0739008 12.277487 0.31496063,
  7.0201406 12.293272 0.31496063,6.9641114 12.293272 0.31496063,
  6.9103512 12.277487 0.31496063,6.8632165 12.247195 0.31496063,
  6.8523622 12.098425 0.31496063,6.8630011 12.15191 0.31496063,
  6.8932981 12.197253 0.31496063,6.9386407 12.22755 0.31496063,
  6.992126 12.238189 0.31496063,7.0456113 12.22755 0.31496063,
  7.0909539 12.197253 0.31496063,7.1212509 12.15191 0.31496063,
  7.1318898 12.098425 0.31496063,7.1212509 12.04494 0.31496063,
  7.0909539 11.999597 0.31496063,7.0456113 11.9693 0.31496063,
  6.992126 11.958661 0.31496063,6.9386407 11.9693 0.31496063,
  6.8932981 11.999597 0.31496063,6.8630011 12.04494 0.31496063,
  3.9918791 8.6615433 0.31496063,3.9686039 8.6105772 0.31496063,
  3.9606299 8.5551181 0.31496063,3.9686039 8.4996591 0.31496063,
  3.9918791 8.4486929 0.31496063,4.0285709 8.4063484 0.31496063,
  4.0757055 8.3760567 0.31496063,4.1294657 8.3602713 0.31496063,
  4.1854949 8.3602713 0.31496063,4.2392551 8.3760567 0.31496063,
  4.2863898 8.4063484 0.31496063,4.3230815 8.4486929 0.31496063,
  4.3463567 8.4996591 0.31496063,4.3543307 8.5551181 0.31496063,
  4.3463567 8.6105772 0.31496063,4.3230815 8.6615433 0.31496063,
  4.2863898 8.7038878 0.31496063,4.2392551 8.7341795 0.31496063,
  4.1854949 8.749965 0.31496063,4.1294657 8.749965 0.31496063,
  4.0757055 8.7341795 0.31496063,4.0285709 8.7038878 0.31496063,
  4.0177165 8.5551181 0.31496063,4.0283554 8.6086034 0.31496063,
  4.0586524 8.653946 0.31496063,4.103995 8.684243 0.31496063,
  4.1574803 8.6948819 0.31496063,4.2109656 8.684243 0.31496063,
  4.2563082 8.653946 0.31496063,4.2866052 8.6086034 0.31496063,
  4.2972441 8.5551181 0.31496063,4.2866052 8.5016328 0.31496063,
  4.2563082 8.4562902 0.31496063,4.2109656 8.4259932 0.31496063,
  4.1574803 8.4153543 0.31496063,4.103995 8.4259932 0.31496063,
  4.0586524 8.4562902 0.31496063,4.0283554 8.5016328 0.31496063,
  4.4643201 8.6615433 0.31496063,4.4410449 8.6105772 0.31496063,
  4.4330709 8.5551181 0.31496063,4.4410449 8.4996591 0.31496063,
  4.4643201 8.4486929 0.31496063,4.5010118 8.4063484 0.31496063,
  4.5481465 8.3760567 0.31496063,4.6019067 8.3602713 0.31496063,
  4.6579358 8.3602713 0.31496063,4.7116961 8.3760567 0.31496063,
  4.7588307 8.4063484 0.31496063,4.7955224 8.4486929 0.31496063,
  4.8187976 8.4996591 0.31496063,4.8267717 8.5551181 0.31496063,
  4.8187976 8.6105772 0.31496063,4.7955224 8.6615433 0.31496063,
  4.7588307 8.7038878 0.31496063,4.7116961 8.7341795 0.31496063,
  4.6579358 8.749965 0.31496063,4.6019067 8.749965 0.31496063,
  4.5481465 8.7341795 0.31496063,4.5010118 8.7038878 0.31496063,
  4.4901575 8.5551181 0.31496063,4.5007964 8.6086034 0.31496063,
  4.5310933 8.653946 0.31496063,4.576436 8.684243 0.31496063,
  4.6299213 8.6948819 0.31496063,4.6834065 8.684243 0.31496063,
  4.7287492 8.653946 0.31496063,4.7590462 8.6086034 0.31496063,
  4.769685 8.5551181 0.31496063,4.7590462 8.5016328 0.31496063,
  4.7287492 8.4562902 0.31496063,4.6834065 8.4259932 0.31496063,
  4.6299213 8.4153543 0.31496063,4.576436 8.4259932 0.31496063,
  4.5310933 8.4562902 0.31496063,4.5007964 8.5016328 0.31496063,
  7.6926665 8.6615433 0.31496063,7.6693913 8.6105772 0.31496063,
  7.6614173 8.5551181 0.31496063,7.6693913 8.4996591 0.31496063,
  7.6926665 8.4486929 0.31496063,7.7293583 8.4063484 0.31496063,
  7.7764929 8.3760567 0.31496063,7.8302531 8.3602713 0.31496063,
  7.8862823 8.3602713 0.31496063,7.9400425 8.3760567 0.31496063,
  7.9871772 8.4063484 0.31496063,8.0238689 8.4486929 0.31496063,
  8.0471441 8.4996591 0.31496063,8.0551181 8.5551181 0.31496063,
  8.0471441 8.6105772 0.31496063,8.0238689 8.6615433 0.31496063,
  7.9871772 8.7038878 0.31496063,7.9400425 8.7341795 0.31496063,
  7.8862823 8.749965 0.31496063,7.8302531 8.749965 0.31496063,
  7.7764929 8.7341795 0.31496063,7.7293583 8.7038878 0.31496063,
  7.7185039 8.5551181 0.31496063,7.7291428 8.6086034 0.31496063,
  7.7594398 8.653946 0.31496063,7.8047824 8.684243 0.31496063,
  7.8582677 8.6948819 0.31496063,7.911753 8.684243 0.31496063,
  7.9570956 8.653946 0.31496063,7.9873926 8.6086034 0.31496063,
  7.9980315 8.5551181 0.31496063,7.9873926 8.5016328 0.31496063,
  7.9570956 8.4562902 0.31496063,7.911753 8.4259932 0.31496063,
  7.8582677 8.4153543 0.31496063,7.8047824 8.4259932 0.31496063,
  7.7594398 8.4562902 0.31496063,7.7291428 8.5016328 0.31496063,
  3.4370815 12.253085 0.31496063,3.4165717 12.217561 0.31496063,
  3.4094488 12.177165 0.31496063,3.4165717 12.136769 0.31496063,
  3.4370815 12.101246 0.31496063,3.4685039 12.074879 0.31496063,
  3.5070496 12.06085 0.31496063,3.5480685 12.06085 0.31496063,
  3.5866142 12.074879 0.31496063,3.6180366 12.101246 0.31496063,
  3.6385465 12.136769 0.31496063,3.6456693 12.177165 0.31496063,
  3.6385465 12.217561 0.31496063,3.6180366 12.253085 0.31496063,
  3.5866142 12.279452 0.31496063,3.5480685 12.293481 0.31496063,
  3.5070496 12.293481 0.31496063,3.4685039 12.279452 0.31496063,
  3.4665354 12.177165 0.31496063,3.4711806 12.200518 0.31496063,
  3.4844088 12.220316 0.31496063,3.5042063 12.233544 0.31496063,
  3.5275591 12.238189 0.31496063,3.5509118 12.233544 0.31496063,
  3.5707093 12.220316 0.31496063,3.5839375 12.200518 0.31496063,
  3.5885827 12.177165 0.31496063,3.5839375 12.153813 0.31496063,
  3.5707093 12.134015 0.31496063,3.5509118 12.120787 0.31496063,
  3.5275591 12.116142 0.31496063,3.5042063 12.120787 0.31496063,
  3.4844088 12.134015 0.31496063,3.4711806 12.153813 0.31496063,
  3.4370815 11.938124 0.31496063,3.4165717 11.902601 0.31496063,
  3.4094488 11.862205 0.31496063,3.4165717 11.821809 0.31496063,
  3.4370815 11.786285 0.31496063,3.4685039 11.759918 0.31496063,
  3.5070496 11.745889 0.31496063,3.5480685 11.745889 0.31496063,
  3.5866142 11.759918 0.31496063,3.6180366 11.786285 0.31496063,
  3.6385465 11.821809 0.31496063,3.6456693 11.862205 0.31496063,
  3.6385465 11.902601 0.31496063,3.6180366 11.938124 0.31496063,
  3.5866142 11.964491 0.31496063,3.5480685 11.97852 0.31496063,
  3.5070496 11.97852 0.31496063,3.4685039 11.964491 0.31496063,
  3.4665354 11.862205 0.31496063,3.4711806 11.885557 0.31496063,
  3.4844088 11.905355 0.31496063,3.5042063 11.918583 0.31496063,
  3.5275591 11.923228 0.31496063,3.5509118 11.918583 0.31496063,
  3.5707093 11.905355 0.31496063,3.5839375 11.885557 0.31496063,
  3.5885827 11.862205 0.31496063,3.5839375 11.838852 0.31496063,
  3.5707093 11.819055 0.31496063,3.5509118 11.805826 0.31496063,
  3.5275591 11.801181 0.31496063,3.5042063 11.805826 0.31496063,
  3.4844088 11.819055 0.31496063,3.4711806 11.838852 0.31496063,
  3.4370815 11.623164 0.31496063,3.4165717 11.58764 0.31496063,
  3.4094488 11.547244 0.31496063,3.4165717 11.506848 0.31496063,
  3.4370815 11.471324 0.31496063,3.4685039 11.444957 0.31496063,
  3.5070496 11.430928 0.31496063,3.5480685 11.430928 0.31496063,
  3.5866142 11.444957 0.31496063,3.6180366 11.471324 0.31496063,
  3.6385465 11.506848 0.31496063,3.6456693 11.547244 0.31496063,
  3.6385465 11.58764 0.31496063,3.6180366 11.623164 0.31496063,
  3.5866142 11.649531 0.31496063,3.5480685 11.66356 0.31496063,
  3.5070496 11.66356 0.31496063,3.4685039 11.649531 0.31496063,
  3.4665354 11.547244 0.31496063,3.4711806 11.570597 0.31496063,
  3.4844088 11.590394 0.31496063,3.5042063 11.603623 0.31496063,
  3.5275591 11.608268 0.31496063,3.5509118 11.603623 0.31496063,
  3.5707093 11.590394 0.31496063,3.5839375 11.570597 0.31496063,
  3.5885827 11.547244 0.31496063,3.5839375 11.523891 0.31496063,
  3.5707093 11.504094 0.31496063,3.5509118 11.490866 0.31496063,
  3.5275591 11.48622 0.31496063,3.5042063 11.490866 0.31496063,
  3.4844088 11.504094 0.31496063,3.4711806 11.523891 0.31496063,
  3.4370815 11.308203 0.31496063,3.4165717 11.27268 0.31496063,
  3.4094488 11.232283 0.31496063,3.4165717 11.191887 0.31496063,
  3.4370815 11.156364 0.31496063,3.4685039 11.129997 0.31496063,
  3.5070496 11.115968 0.31496063,3.5480685 11.115968 0.31496063,
  3.5866142 11.129997 0.31496063,3.6180366 11.156364 0.31496063,
  3.6385465 11.191887 0.31496063,3.6456693 11.232283 0.31496063,
  3.6385465 11.27268 0.31496063,3.6180366 11.308203 0.31496063,
  3.5866142 11.33457 0.31496063,3.5480685 11.348599 0.31496063,
  3.5070496 11.348599 0.31496063,3.4685039 11.33457 0.31496063,
  3.4665354 11.232283 0.31496063,3.4711806 11.255636 0.31496063,
  3.4844088 11.275434 0.31496063,3.5042063 11.288662 0.31496063,
  3.5275591 11.293307 0.31496063,3.5509118 11.288662 0.31496063,
  3.5707093 11.275434 0.31496063,3.5839375 11.255636 0.31496063,
  3.5885827 11.232283 0.31496063,3.5839375 11.208931 0.31496063,
  3.5707093 11.189133 0.31496063,3.5509118 11.175905 0.31496063,
  3.5275591 11.17126 0.31496063,3.5042063 11.175905 0.31496063,
  3.4844088 11.189133 0.31496063,3.4711806 11.208931 0.31496063,
  3.4370815 10.993243 0.31496063,3.4165717 10.957719 0.31496063,
  3.4094488 10.917323 0.31496063,3.4165717 10.876927 0.31496063,
  3.4370815 10.841403 0.31496063,3.4685039 10.815036 0.31496063,
  3.5070496 10.801007 0.31496063,3.5480685 10.801007 0.31496063,
  3.5866142 10.815036 0.31496063,3.6180366 10.841403 0.31496063,
  3.6385465 10.876927 0.31496063,3.6456693 10.917323 0.31496063,
  3.6385465 10.957719 0.31496063,3.6180366 10.993243 0.31496063,
  3.5866142 11.019609 0.31496063,3.5480685 11.033639 0.31496063,
  3.5070496 11.033639 0.31496063,3.4685039 11.019609 0.31496063,
  3.4665354 10.917323 0.31496063,3.4711806 10.940676 0.31496063,
  3.4844088 10.960473 0.31496063,3.5042063 10.973701 0.31496063,
  3.5275591 10.978346 0.31496063,3.5509118 10.973701 0.31496063,
  3.5707093 10.960473 0.31496063,3.5839375 10.940676 0.31496063,
  3.5885827 10.917323 0.31496063,3.5839375 10.89397 0.31496063,
  3.5707093 10.874173 0.31496063,3.5509118 10.860944 0.31496063,
  3.5275591 10.856299 0.31496063,3.5042063 10.860944 0.31496063,
  3.4844088 10.874173 0.31496063,3.4711806 10.89397 0.31496063,
  3.4370815 10.678282 0.31496063,3.4165717 10.642758 0.31496063,
  3.4094488 10.602362 0.31496063,3.4165717 10.561966 0.31496063,
  3.4370815 10.526443 0.31496063,3.4685039 10.500076 0.31496063,
  3.5070496 10.486046 0.31496063,3.5480685 10.486046 0.31496063,
  3.5866142 10.500076 0.31496063,3.6180366 10.526443 0.31496063,
  3.6385465 10.561966 0.31496063,3.6456693 10.602362 0.31496063,
  3.6385465 10.642758 0.31496063,3.6180366 10.678282 0.31496063,
  3.5866142 10.704649 0.31496063,3.5480685 10.718678 0.31496063,
  3.5070496 10.718678 0.31496063,3.4685039 10.704649 0.31496063,
  3.4665354 10.602362 0.31496063,3.4711806 10.625715 0.31496063,
  3.4844088 10.645512 0.31496063,3.5042063 10.658741 0.31496063,
  3.5275591 10.663386 0.31496063,3.5509118 10.658741 0.31496063,
  3.5707093 10.645512 0.31496063,3.5839375 10.625715 0.31496063,
  3.5885827 10.602362 0.31496063,3.5839375 10.579009 0.31496063,
  3.5707093 10.559212 0.31496063,3.5509118 10.545984 0.31496063,
  3.5275591 10.541339 0.31496063,3.5042063 10.545984 0.31496063,
  3.4844088 10.559212 0.31496063,3.4711806 10.579009 0.31496063,
  3.4370815 10.363321 0.31496063,3.4165717 10.327798 0.31496063,
  3.4094488 10.287402 0.31496063,3.4165717 10.247006 0.31496063,
  3.4370815 10.211482 0.31496063,3.4685039 10.185115 0.31496063,
  3.5070496 10.171086 0.31496063,3.5480685 10.171086 0.31496063,
  3.5866142 10.185115 0.31496063,3.6180366 10.211482 0.31496063,
  3.6385465 10.247006 0.31496063,3.6456693 10.287402 0.31496063,
  3.6385465 10.327798 0.31496063,3.6180366 10.363321 0.31496063,
  3.5866142 10.389688 0.31496063,3.5480685 10.403717 0.31496063,
  3.5070496 10.403717 0.31496063,3.4685039 10.389688 0.31496063,
  3.4665354 10.287402 0.31496063,3.4711806 10.310754 0.31496063,
  3.4844088 10.330552 0.31496063,3.5042063 10.34378 0.31496063,
  3.5275591 10.348425 0.31496063,3.5509118 10.34378 0.31496063,
  3.5707093 10.330552 0.31496063,3.5839375 10.310754 0.31496063,
  3.5885827 10.287402 0.31496063,3.5839375 10.264049 0.31496063,
  3.5707093 10.244251 0.31496063,3.5509118 10.231023 0.31496063,
  3.5275591 10.226378 0.31496063,3.5042063 10.231023 0.31496063,
  3.4844088 10.244251 0.31496063,3.4711806 10.264049 0.31496063,
  12.055192 6.9263134 0.31496063,12.034682 6.8907898 0.31496063,
  12.027559 6.8503937 0.31496063,12.034682 6.8099976 0.31496063,
  12.055192 6.774474 0.31496063,12.086614 6.7481071 0.31496063,
  12.12516 6.734078 0.31496063,12.166179 6.734078 0.31496063,
  12.204724 6.7481071 0.31496063,12.236147 6.774474 0.31496063,
  12.256657 6.8099976 0.31496063,12.26378 6.8503937 0.31496063,
  12.256657 6.8907898 0.31496063,12.236147 6.9263134 0.31496063,
  12.204724 6.9526803 0.31496063,12.166179 6.9667094 0.31496063,
  12.12516 6.9667094 0.31496063,12.086614 6.9526803 0.31496063,
  12.084646 6.8503937 0.31496063,12.089291 6.8737464 0.31496063,
  12.102519 6.8935439 0.31496063,12.122317 6.9067722 0.31496063,
  12.145669 6.9114173 0.31496063,12.169022 6.9067722 0.31496063,
  12.18882 6.8935439 0.31496063,12.202048 6.8737464 0.31496063,
  12.206693 6.8503937 0.31496063,12.202048 6.827041 0.31496063,
  12.18882 6.8072435 0.31496063,12.169022 6.7940152 0.31496063,
  12.145669 6.7893701 0.31496063,12.122317 6.7940152 0.31496063,
  12.102519 6.8072435 0.31496063,12.089291 6.827041 0.31496063,
  12.055192 6.5522976 0.31496063,12.034682 6.516774 0.31496063,
  12.027559 6.476378 0.31496063,12.034682 6.4359819 0.31496063,
  12.055192 6.4004583 0.31496063,12.086614 6.3740913 0.31496063,
  12.12516 6.3600622 0.31496063,12.166179 6.3600622 0.31496063,
  12.204724 6.3740913 0.31496063,12.236147 6.4004583 0.31496063,
  12.256657 6.4359819 0.31496063,12.26378 6.476378 0.31496063,
  12.256657 6.516774 0.31496063,12.236147 6.5522976 0.31496063,
  12.204724 6.5786646 0.31496063,12.166179 6.5926937 0.31496063,
  12.12516 6.5926937 0.31496063,12.086614 6.5786646 0.31496063,
  12.084646 6.476378 0.31496063,12.089291 6.4997307 0.31496063,
  12.102519 6.5195282 0.31496063,12.122317 6.5327564 0.31496063,
  12.145669 6.5374016 0.31496063,12.169022 6.5327564 0.31496063,
  12.18882 6.5195282 0.31496063,12.202048 6.4997307 0.31496063,
  12.206693 6.476378 0.31496063,12.202048 6.4530252 0.31496063,
  12.18882 6.4332277 0.31496063,12.169022 6.4199995 0.31496063,
  12.145669 6.4153543 0.31496063,12.122317 6.4199995 0.31496063,
  12.102519 6.4332277 0.31496063,12.089291 6.4530252 0.31496063,
  12.055192 6.1782827 0.31496063,12.034682 6.1427591 0.31496063,
  12.027559 6.102363 0.31496063,12.034682 6.0619669 0.31496063,
  12.055192 6.0264433 0.31496063,12.086614 6.0000764 0.31496063,
  12.12516 5.9860472 0.31496063,12.166179 5.9860472 0.31496063,
  12.204724 6.0000764 0.31496063,12.236147 6.0264433 0.31496063,
  12.256657 6.0619669 0.31496063,12.256838 6.0629929 0.31496063,
  12.296394 6.0629929 0.31496063,12.952756 5.4066319 0.31496063,
  12.952756 2.1816622 0.31496063,12.897077 2.1259835 0.31496063,
  12.558417 2.1259835 0.31496063,12.556868 2.1275323 0.31496063,
  12.539128 2.1348803 0.31496063,12.529527 2.135826 0.31496063,
  12.431102 2.135826 0.31496063,12.421501 2.1348803 0.31496063,
  12.403761 2.1275323 0.31496063,12.390183 2.1139543 0.31496063,
  12.382835 2.0962142 0.31496063,12.382835 2.0770126 0.31496063,
  12.390183 2.0592724 0.31496063,12.403761 2.0456945 0.31496063,
  12.421501 2.0383465 0.31496063,12.431102 2.0374008 0.31496063,
  12.529527 2.0374008 0.31496063,12.539128 2.0383465 0.31496063,
  12.556868 2.0456945 0.31496063,12.558417 2.0472433 0.31496063,
  12.913385 2.0472433 0.31496063,12.921066 2.0479996 0.31496063,
  12.935258 2.0538783 0.31496063,12.941224 2.0587744 0.31496063,
  13.019965 2.1375157 0.31496063,13.024861 2.1434815 0.31496063,
  13.03074 2.1576736 0.31496063,13.031496 2.1653543 0.31496063,
  13.031496 5.4229394 0.31496063,13.03074 5.4306201 0.31496063,
  13.024861 5.4448122 0.31496063,13.024861 5.4448126 0.31496063,
  13.019965 5.4507783 0.31496063,12.340541 6.130202 0.31496063,
  12.334575 6.135098 0.31496063,12.320383 6.1409768 0.31496063,
  12.312702 6.1417331 0.31496063,12.256838 6.1417331 0.31496063,
  12.256657 6.1427591 0.31496063,12.236147 6.1782827 0.31496063,
  12.204724 6.2046496 0.31496063,12.166179 6.2186787 0.31496063,
  12.12516 6.2186787 0.31496063,12.086614 6.2046496 0.31496063,
  12.084646 6.102363 0.31496063,12.089291 6.1257157 0.31496063,
  12.102519 6.1455132 0.31496063,12.122317 6.1587415 0.31496063,
  12.145669 6.1633866 0.31496063,12.169022 6.1587415 0.31496063,
  12.18882 6.1455132 0.31496063,12.202048 6.1257157 0.31496063,
  12.206693 6.102363 0.31496063,12.202048 6.0790103 0.31496063,
  12.18882 6.0592128 0.31496063,12.169022 6.0459845 0.31496063,
  12.145669 6.0413394 0.31496063,12.122317 6.0459845 0.31496063,
  12.102519 6.0592128 0.31496063,12.089291 6.0790103 0.31496063,
  8.6594488 6.496063 0.31496063,8.664094 6.5194157 0.31496063,
  8.6773222 6.5392132 0.31496063,8.6971197 6.5524415 0.31496063,
  8.7204724 6.5570866 0.31496063,8.7438252 6.5524415 0.31496063,
  8.7636227 6.5392132 0.31496063,8.7768509 6.5194157 0.31496063,
  8.7814961 6.496063 0.31496063,8.7768509 6.4727103 0.31496063,
  8.7636227 6.4529128 0.31496063,8.7438252 6.4396845 0.31496063,
  8.7204724 6.4350394 0.31496063,8.6971197 6.4396845 0.31496063,
  8.6773222 6.4529128 0.31496063,8.664094 6.4727103 0.31496063,
  8.6299949 6.9263134 0.31496063,8.609485 6.8907898 0.31496063,
  8.6023622 6.8503937 0.31496063,8.609485 6.8099976 0.31496063,
  8.6299949 6.774474 0.31496063,8.6614173 6.7481071 0.31496063,
  8.699963 6.734078 0.31496063,8.7409819 6.734078 0.31496063,
  8.7795276 6.7481071 0.31496063,8.81095 6.774474 0.31496063,
  8.8314598 6.8099976 0.31496063,8.8385827 6.8503937 0.31496063,
  8.8314598 6.8907898 0.31496063,8.81095 6.9263134 0.31496063,
  8.7795276 6.9526803 0.31496063,8.7409819 6.9667094 0.31496063,
  8.699963 6.9667094 0.31496063,8.6614173 6.9526803 0.31496063,
  8.6594488 6.8503937 0.31496063,8.664094 6.8737464 0.31496063,
  8.6773222 6.8935439 0.31496063,8.6971197 6.9067722 0.31496063,
  8.7204724 6.9114173 0.31496063,8.7438252 6.9067722 0.31496063,
  8.7636227 6.8935439 0.31496063,8.7768509 6.8737464 0.31496063,
  8.7814961 6.8503937 0.31496063,8.7768509 6.827041 0.31496063,
  8.7636227 6.8072435 0.31496063,8.7438252 6.7940152 0.31496063,
  8.7204724 6.7893701 0.31496063,8.6971197 6.7940152 0.31496063,
  8.6773222 6.8072435 0.31496063,8.664094 6.827041 0.31496063,
  6.6565697 6.6900929 0.31496063,6.6360598 6.6545693 0.31496063,
  6.628937 6.6141732 0.31496063,6.6360598 6.5737772 0.31496063,
  6.6565697 6.5382535 0.31496063,6.6879921 6.5118866 0.31496063,
  6.7265378 6.4978575 0.31496063,6.7675567 6.4978575 0.31496063,
  6.8061024 6.5118866 0.31496063,6.8375248 6.5382535 0.31496063,
  6.8580346 6.5737772 0.31496063,6.8651575 6.6141732 0.31496063,
  6.8580346 6.6545693 0.31496063,6.8375248 6.6900929 0.31496063,
  6.8061024 6.7164598 0.31496063,6.7675567 6.730489 0.31496063,
  6.7265378 6.730489 0.31496063,6.6879921 6.7164598 0.31496063,
  6.6860236 6.6141732 0.31496063,6.6906688 6.637526 0.31496063,
  6.703897 6.6573234 0.31496063,6.7236945 6.6705517 0.31496063,
  6.7470472 6.6751969 0.31496063,6.7704 6.6705517 0.31496063,
  6.7901975 6.6573234 0.31496063,6.8034257 6.637526 0.31496063,
  6.8080709 6.6141732 0.31496063,6.8034257 6.5908205 0.31496063,
  6.7901975 6.571023 0.31496063,6.7704 6.5577948 0.31496063,
  6.7470472 6.5531496 0.31496063,6.7236945 6.5577948 0.31496063,
  6.703897 6.571023 0.31496063,6.6906688 6.5908205 0.31496063,
  6.6565697 6.217652 0.31496063,6.6360598 6.1821283 0.31496063,
  6.628937 6.1417323 0.31496063,6.6360598 6.1013362 0.31496063,
  6.6565697 6.0658126 0.31496063,6.6879921 6.0394457 0.31496063,
  6.7265378 6.0254165 0.31496063,6.7675567 6.0254165 0.31496063,
  6.8061024 6.0394457 0.31496063,6.8375248 6.0658126 0.31496063,
  6.8580346 6.1013362 0.31496063,6.8651575 6.1417323 0.31496063,
  6.8580346 6.1821283 0.31496063,6.8375248 6.217652 0.31496063,
  6.8061024 6.2440189 0.31496063,6.7675567 6.258048 0.31496063,
  6.7265378 6.258048 0.31496063,6.6879921 6.2440189 0.31496063,
  6.6860236 6.1417323 0.31496063,6.6906688 6.165085 0.31496063,
  6.703897 6.1848825 0.31496063,6.7236945 6.1981108 0.31496063,
  6.7470472 6.2027559 0.31496063,6.7704 6.1981108 0.31496063,
  6.7901975 6.1848825 0.31496063,6.8034257 6.165085 0.31496063,
  6.8080709 6.1417323 0.31496063,6.8034257 6.1183796 0.31496063,
  6.7901975 6.0985821 0.31496063,6.7704 6.0853538 0.31496063,
  6.7470472 6.0807087 0.31496063,6.7236945 6.0853538 0.31496063,
  6.703897 6.0985821 0.31496063,6.6906688 6.1183796 0.31496063,
  6.6565697 7.1625339 0.31496063,6.6360598 7.1270102 0.31496063,
  6.628937 7.0866142 0.31496063,6.6360598 7.0462181 0.31496063,
  6.6565697 7.0106945 0.31496063,6.6879921 6.9843276 0.31496063,
  6.7265378 6.9702984 0.31496063,6.7675567 6.9702984 0.31496063,
  6.8061024 6.9843276 0.31496063,6.8375248 7.0106945 0.31496063,
  6.8580346 7.0462181 0.31496063,6.8582157 7.0472441 0.31496063,
  7.0703063 7.0472441 0.31496063,7.6493264 6.4682244 0.31496063,
  7.6552921 6.463328 0.31496063,7.6594488 6.4616063 0.31496063,
  7.6694846 6.4574492 0.31496063,7.6771654 6.4566929 0.31496063,
  8.6093039 6.4566929 0.31496063,8.609485 6.4556669 0.31496063,
  8.6299949 6.4201433 0.31496063,8.6614173 6.3937764 0.31496063,
  8.699963 6.3797472 0.31496063,8.7409819 6.3797472 0.31496063,
  8.7795276 6.3937764 0.31496063,8.81095 6.4201433 0.31496063,
  8.8314598 6.4556669 0.31496063,8.8385827 6.496063 0.31496063,
  8.8314598 6.5364591 0.31496063,8.81095 6.5719827 0.31496063,
  8.7795276 6.5983496 0.31496063,8.7409819 6.6123787 0.31496063,
  8.699963 6.6123787 0.31496063,8.6614173 6.5983496 0.31496063,
  8.6299949 6.5719827 0.31496063,8.609485 6.5364591 0.31496063,
  8.6093039 6.5354331 0.31496063,7.6934728 6.5354331 0.31496063,
  7.1144531 7.1144531 0.31496063,7.108487 7.1193492 0.31496063,
  7.0942949 7.125228 0.31496063,7.0866142 7.1259843 0.31496063,
  6.8582157 7.1259843 0.31496063,6.8580346 7.1270102 0.31496063,
  6.8375248 7.1625339 0.31496063,6.8061024 7.1889008 0.31496063,
  6.7675567 7.2029299 0.31496063,6.7265378 7.2029299 0.31496063,
  6.6879921 7.1889008 0.31496063,6.6860236 7.0866142 0.31496063,
  6.6906688 7.1099669 0.31496063,6.703897 7.1297644 0.31496063,
  6.7236945 7.1429926 0.31496063,6.7470472 7.1476378 0.31496063,
  6.7704 7.1429926 0.31496063,6.7901975 7.1297644 0.31496063,
  6.8034257 7.1099669 0.31496063,6.8080709 7.0866142 0.31496063,
  6.8034257 7.0632614 0.31496063,6.7901975 7.043464 0.31496063,
  6.7704 7.0302357 0.31496063,6.7470472 7.0255906 0.31496063,
  6.7236945 7.0302357 0.31496063,6.703897 7.043464 0.31496063,
  6.6906688 7.0632614 0.31496063,6.6565697 7.6349748 0.31496063,
  6.6360598 7.5994512 0.31496063,6.628937 7.5590551 0.31496063,
  6.6360598 7.5186591 0.31496063,6.6565697 7.4831354 0.31496063,
  6.6879921 7.4567685 0.31496063,6.7265378 7.4427394 0.31496063,
  6.7675567 7.4427394 0.31496063,6.8061024 7.4567685 0.31496063,
  6.8375248 7.4831354 0.31496063,6.8580346 7.5186591 0.31496063,
  6.8651575 7.5590551 0.31496063,6.8580346 7.5994512 0.31496063,
  6.8375248 7.6349748 0.31496063,6.8061024 7.6613417 0.31496063,
  6.7675567 7.6753709 0.31496063,6.7265378 7.6753709 0.31496063,
  6.6879921 7.6613417 0.31496063,6.6860236 7.5590551 0.31496063,
  6.6906688 7.5824078 0.31496063,6.703897 7.6022053 0.31496063,
  6.7236945 7.6154336 0.31496063,6.7470472 7.6200787 0.31496063,
  6.7704 7.6154336 0.31496063,6.7901975 7.6022053 0.31496063,
  6.8034257 7.5824078 0.31496063,6.8080709 7.5590551 0.31496063,
  6.8034257 7.5357024 0.31496063,6.7901975 7.5159049 0.31496063,
  6.7704 7.5026766 0.31496063,6.7470472 7.4980315 0.31496063,
  6.7236945 7.5026766 0.31496063,6.703897 7.5159049 0.31496063,
  6.6906688 7.5357024 0.31496063,0.97743583 5.0916677 0.31496063,
  0.95692598 5.0561441 0.31496063,0.94980315 5.015748 0.31496063,
  0.95692598 4.975352 0.31496063,0.97743583 4.9398283 0.31496063,
  1.0088583 4.9134614 0.31496063,1.0474039 4.8994323 0.31496063,
  1.0884228 4.8994323 0.31496063,1.1269685 4.9134614 0.31496063,
  1.1583909 4.9398283 0.31496063,1.1789008 4.975352 0.31496063,
  1.1860236 5.015748 0.31496063,1.1789008 5.0561441 0.31496063,
  1.1583909 5.0916677 0.31496063,1.1269685 5.1180346 0.31496063,
  1.0884228 5.1320638 0.31496063,1.0474039 5.1320638 0.31496063,
  1.0088583 5.1180346 0.31496063,1.0068898 5.015748 0.31496063,
  1.0115349 5.0391008 0.31496063,1.0247632 5.0588982 0.31496063,
  1.0445607 5.0721265 0.31496063,1.0679134 5.0767717 0.31496063,
  1.0912661 5.0721265 0.31496063,1.1110636 5.0588982 0.31496063,
  1.1242919 5.0391008 0.31496063,1.128937 5.015748 0.31496063,
  1.1242919 4.9923953 0.31496063,1.1110636 4.9725978 0.31496063,
  1.0912661 4.9593696 0.31496063,1.0679134 4.9547244 0.31496063,
  1.0445607 4.9593696 0.31496063,1.0247632 4.9725978 0.31496063,
  1.0115349 4.9923953 0.31496063,0.97743583 4.6979669 0.31496063,
  0.95692598 4.6624433 0.31496063,0.94980315 4.6220472 0.31496063,
  0.95692598 4.5816512 0.31496063,0.97743583 4.5461276 0.31496063,
  1.0088583 4.5197606 0.31496063,1.0474039 4.5057315 0.31496063,
  1.0884228 4.5057315 0.31496063,1.1269685 4.5197606 0.31496063,
  1.1583909 4.5461276 0.31496063,1.1789008 4.5816512 0.31496063,
  1.1860236 4.6220472 0.31496063,1.1789008 4.6624433 0.31496063,
  1.1583909 4.6979669 0.31496063,1.1269685 4.7243339 0.31496063,
  1.0884228 4.738363 0.31496063,1.0474039 4.738363 0.31496063,
  1.0088583 4.7243339 0.31496063,1.0068898 4.6220472 0.31496063,
  1.0115349 4.6454 0.31496063,1.0247632 4.6651975 0.31496063,
  1.0445607 4.6784257 0.31496063,1.0679134 4.6830709 0.31496063,
  1.0912661 4.6784257 0.31496063,1.1110636 4.6651975 0.31496063,
  1.1242919 4.6454 0.31496063,1.128937 4.6220472 0.31496063,
  1.1242919 4.5986945 0.31496063,1.1110636 4.578897 0.31496063,
  1.0912661 4.5656688 0.31496063,1.0679134 4.5610236 0.31496063,
  1.0445607 4.5656688 0.31496063,1.0247632 4.578897 0.31496063,
  1.0115349 4.5986945 0.31496063] }
 coordIndex [
  22,23,24,-1,22,24,25,-1,22,25,26,-1,22,26,27,-1,22,27,11,-1,22,11,12,-1,22,12,21,-1,21,13,20,-1,
  20,13,14,-1,20,14,19,-1,19,14,15,-1,19,15,18,-1,18,15,16,-1,18,16,17,-1,11,27,10,-1,10,27,28,-1,
  10,28,9,-1,9,28,29,-1,9,29,8,-1,8,29,0,-1,8,0,5,-1,5,0,1,-1,5,1,4,-1,4,1,2,-1,
  4,2,3,-1,6,7,8,-1,6,8,5,-1,39,40,72,-1,39,72,73,-1,39,73,74,-1,39,74,57,-1,39,57,52,-1,
  39,52,56,-1,68,69,41,-1,41,69,70,-1,41,70,40,-1,40,70,71,-1,40,71,72,-1,63,64,49,-1,49,64,65,-1,
  49,65,48,-1,48,65,66,-1,48,66,42,-1,42,66,67,-1,42,67,41,-1,41,67,68,-1,45,46,44,-1,44,46,47,-1,
  44,47,43,-1,43,47,48,-1,43,48,42,-1,53,54,55,-1,53,55,56,-1,53,56,52,-1,51,52,57,-1,51,57,58,-1,
  51,58,59,-1,51,59,60,-1,51,60,50,-1,63,49,62,-1,62,49,50,-1,62,50,61,-1,61,50,60,-1,84,86,83,-1,
  83,86,87,-1,83,87,82,-1,82,87,88,-1,82,88,81,-1,81,88,89,-1,81,89,80,-1,80,89,90,-1,80,90,79,-1,
  79,90,91,-1,79,91,78,-1,78,91,92,-1,78,92,77,-1,77,92,93,-1,77,93,76,-1,76,93,94,-1,76,94,75,-1,
  104,106,103,-1,103,106,107,-1,103,107,102,-1,102,107,108,-1,102,108,101,-1,101,108,109,-1,101,109,100,-1,100,109,110,-1,
  100,110,99,-1,99,110,111,-1,99,111,98,-1,98,111,112,-1,98,112,97,-1,97,112,113,-1,97,113,96,-1,96,113,114,-1,
  96,114,95,-1,124,126,123,-1,123,126,127,-1,123,127,122,-1,122,127,128,-1,122,128,121,-1,121,128,129,-1,121,129,120,-1,
  120,129,130,-1,120,130,119,-1,119,130,131,-1,119,131,118,-1,118,131,132,-1,118,132,117,-1,117,132,133,-1,117,133,116,-1,
  116,133,134,-1,116,134,115,-1,144,146,143,-1,143,146,147,-1,143,147,142,-1,142,147,148,-1,142,148,141,-1,141,148,149,-1,
  141,149,140,-1,140,149,150,-1,140,150,139,-1,139,150,151,-1,139,151,138,-1,138,151,152,-1,138,152,137,-1,137,152,153,-1,
  137,153,136,-1,136,153,154,-1,136,154,135,-1,164,166,163,-1,163,166,167,-1,163,167,162,-1,162,167,168,-1,162,168,161,-1,
  161,168,169,-1,161,169,160,-1,160,169,170,-1,160,170,159,-1,159,170,171,-1,159,171,158,-1,158,171,172,-1,158,172,157,-1,
  157,172,173,-1,157,173,156,-1,156,173,174,-1,156,174,155,-1,184,186,183,-1,183,186,187,-1,183,187,182,-1,182,187,188,-1,
  182,188,181,-1,181,188,189,-1,181,189,180,-1,180,189,190,-1,180,190,179,-1,179,190,191,-1,179,191,178,-1,178,191,192,-1,
  178,192,177,-1,177,192,193,-1,177,193,176,-1,176,193,194,-1,176,194,175,-1,204,206,203,-1,203,206,207,-1,203,207,202,-1,
  202,207,208,-1,202,208,201,-1,201,208,209,-1,201,209,200,-1,200,209,210,-1,200,210,199,-1,199,210,211,-1,199,211,198,-1,
  198,211,212,-1,198,212,197,-1,197,212,213,-1,197,213,196,-1,196,213,214,-1,196,214,195,-1,224,226,223,-1,223,226,227,-1,
  223,227,222,-1,222,227,228,-1,222,228,221,-1,221,228,229,-1,221,229,220,-1,220,229,230,-1,220,230,219,-1,219,230,231,-1,
  219,231,218,-1,218,231,232,-1,218,232,217,-1,217,232,233,-1,217,233,216,-1,216,233,234,-1,216,234,215,-1,236,237,239,-1,
  236,239,240,-1,236,240,241,-1,236,241,235,-1,261,262,263,-1,261,263,264,-1,261,264,265,-1,261,265,266,-1,261,266,250,-1,
  261,250,251,-1,261,251,260,-1,260,252,259,-1,259,252,253,-1,259,253,258,-1,258,253,254,-1,258,254,257,-1,257,254,255,-1,
  257,255,256,-1,243,245,242,-1,242,245,247,-1,242,247,269,-1,269,247,248,-1,269,248,268,-1,268,248,249,-1,268,249,267,-1,
  267,249,250,-1,267,250,266,-1,279,281,278,-1,278,281,282,-1,278,282,277,-1,277,282,283,-1,277,283,276,-1,276,283,284,-1,
  276,284,275,-1,275,284,285,-1,275,285,274,-1,274,285,286,-1,274,286,273,-1,273,286,287,-1,273,287,272,-1,272,287,288,-1,
  272,288,271,-1,271,288,289,-1,271,289,270,-1,325,326,290,-1,290,326,308,-1,290,308,303,-1,303,309,302,-1,302,309,310,-1,
  302,310,311,-1,322,323,291,-1,291,323,324,-1,291,324,290,-1,290,324,325,-1,292,293,319,-1,292,319,320,-1,292,320,321,-1,
  292,321,322,-1,292,322,291,-1,296,297,295,-1,295,297,298,-1,295,298,294,-1,294,298,299,-1,294,299,293,-1,293,299,318,-1,
  293,318,319,-1,290,303,307,-1,307,303,304,-1,307,304,306,-1,306,304,305,-1,312,313,301,-1,312,301,302,-1,312,302,311,-1,
  314,315,300,-1,314,300,301,-1,314,301,313,-1,318,299,317,-1,317,299,300,-1,317,300,316,-1,316,300,315,-1,331,332,327,-1,
  331,327,328,-1,331,328,329,-1,331,329,330,-1,334,335,336,-1,334,336,333,-1,338,341,337,-1,337,341,342,-1,337,342,345,-1,
  345,342,343,-1,345,343,344,-1,339,340,341,-1,339,341,338,-1,347,348,349,-1,347,349,346,-1,37,38,30,-1,37,30,31,-1,
  37,31,32,-1,37,32,36,-1,33,34,35,-1,33,35,36,-1,33,36,32,-1,365,366,374,-1,365,374,375,-1,365,375,376,-1,
  365,376,377,-1,365,377,360,-1,365,360,364,-1,370,371,367,-1,367,371,372,-1,367,372,366,-1,366,372,373,-1,366,373,374,-1,
  383,384,357,-1,357,384,385,-1,357,385,356,-1,356,385,368,-1,356,368,350,-1,350,368,369,-1,350,369,367,-1,367,369,370,-1,
  361,362,363,-1,361,363,364,-1,361,364,360,-1,359,360,377,-1,359,377,378,-1,359,378,379,-1,359,379,380,-1,359,380,358,-1,
  383,357,382,-1,382,357,358,-1,382,358,381,-1,381,358,380,-1,353,354,352,-1,352,354,355,-1,352,355,351,-1,351,355,356,-1,
  351,356,350,-1,397,398,396,-1,396,398,399,-1,396,399,395,-1,395,399,412,-1,395,412,394,-1,394,412,413,-1,394,413,414,-1,
  400,401,409,-1,400,409,410,-1,400,410,411,-1,400,411,412,-1,400,412,399,-1,406,407,402,-1,402,407,408,-1,402,408,401,-1,
  401,408,409,-1,390,391,386,-1,386,391,404,-1,386,404,403,-1,403,404,405,-1,403,405,402,-1,402,405,406,-1,417,392,416,-1,
  416,392,393,-1,416,393,415,-1,415,393,394,-1,415,394,414,-1,404,391,419,-1,419,391,392,-1,419,392,418,-1,418,392,417,-1,
  387,388,389,-1,387,389,390,-1,387,390,386,-1,433,434,432,-1,432,434,435,-1,432,435,431,-1,431,435,450,-1,431,450,451,-1,
  442,443,441,-1,441,443,444,-1,441,444,440,-1,440,444,445,-1,440,445,439,-1,439,445,446,-1,439,446,438,-1,438,446,447,-1,
  438,447,437,-1,437,447,448,-1,437,448,436,-1,436,448,449,-1,436,449,435,-1,435,449,450,-1,420,421,424,-1,420,424,425,-1,
  420,425,442,-1,420,442,441,-1,431,451,430,-1,430,451,452,-1,430,452,429,-1,429,452,453,-1,429,453,428,-1,428,453,454,-1,
  428,454,427,-1,427,454,455,-1,427,455,426,-1,426,455,456,-1,426,456,425,-1,425,456,457,-1,425,457,442,-1,421,422,423,-1,
  421,423,424,-1,471,472,470,-1,470,472,473,-1,470,473,469,-1,469,473,488,-1,469,488,489,-1,480,481,479,-1,479,481,482,-1,
  479,482,478,-1,478,482,483,-1,478,483,477,-1,477,483,484,-1,477,484,476,-1,476,484,485,-1,476,485,475,-1,475,485,486,-1,
  475,486,474,-1,474,486,487,-1,474,487,473,-1,473,487,488,-1,458,459,462,-1,458,462,463,-1,458,463,480,-1,458,480,479,-1,
  469,489,468,-1,468,489,490,-1,468,490,467,-1,467,490,491,-1,467,491,466,-1,466,491,492,-1,466,492,465,-1,465,492,493,-1,
  465,493,464,-1,464,493,494,-1,464,494,463,-1,463,494,495,-1,463,495,480,-1,459,460,461,-1,459,461,462,-1,509,510,508,-1,
  508,510,511,-1,508,511,507,-1,507,511,526,-1,507,526,527,-1,518,519,517,-1,517,519,520,-1,517,520,516,-1,516,520,521,-1,
  516,521,515,-1,515,521,522,-1,515,522,514,-1,514,522,523,-1,514,523,513,-1,513,523,524,-1,513,524,512,-1,512,524,525,-1,
  512,525,511,-1,511,525,526,-1,496,497,500,-1,496,500,501,-1,496,501,518,-1,496,518,517,-1,507,527,506,-1,506,527,528,-1,
  506,528,505,-1,505,528,529,-1,505,529,504,-1,504,529,530,-1,504,530,503,-1,503,530,531,-1,503,531,502,-1,502,531,532,-1,
  502,532,501,-1,501,532,533,-1,501,533,518,-1,497,498,499,-1,497,499,500,-1,547,548,546,-1,546,548,549,-1,546,549,545,-1,
  545,549,564,-1,545,564,565,-1,556,557,555,-1,555,557,558,-1,555,558,554,-1,554,558,559,-1,554,559,553,-1,553,559,560,-1,
  553,560,552,-1,552,560,561,-1,552,561,551,-1,551,561,562,-1,551,562,550,-1,550,562,563,-1,550,563,549,-1,549,563,564,-1,
  534,535,538,-1,534,538,539,-1,534,539,556,-1,534,556,555,-1,545,565,544,-1,544,565,566,-1,544,566,543,-1,543,566,567,-1,
  543,567,542,-1,542,567,568,-1,542,568,541,-1,541,568,569,-1,541,569,540,-1,540,569,570,-1,540,570,539,-1,539,570,571,-1,
  539,571,556,-1,535,536,537,-1,535,537,538,-1,583,584,582,-1,582,584,585,-1,582,585,581,-1,581,585,598,-1,581,598,580,-1,
  580,598,599,-1,580,599,600,-1,586,587,595,-1,586,595,596,-1,586,596,597,-1,586,597,598,-1,586,598,585,-1,592,593,588,-1,
  588,593,594,-1,588,594,587,-1,587,594,595,-1,576,577,572,-1,572,577,590,-1,572,590,589,-1,589,590,591,-1,589,591,588,-1,
  588,591,592,-1,603,578,602,-1,602,578,579,-1,602,579,601,-1,601,579,580,-1,601,580,600,-1,590,577,605,-1,605,577,578,-1,
  605,578,604,-1,604,578,603,-1,573,574,575,-1,573,575,576,-1,573,576,572,-1,617,618,616,-1,616,618,619,-1,616,619,615,-1,
  615,619,632,-1,615,632,614,-1,614,632,633,-1,614,633,634,-1,620,621,629,-1,620,629,630,-1,620,630,631,-1,620,631,632,-1,
  620,632,619,-1,626,627,622,-1,622,627,628,-1,622,628,621,-1,621,628,629,-1,610,611,606,-1,606,611,624,-1,606,624,623,-1,
  623,624,625,-1,623,625,622,-1,622,625,626,-1,637,612,636,-1,636,612,613,-1,636,613,635,-1,635,613,614,-1,635,614,634,-1,
  624,611,639,-1,639,611,612,-1,639,612,638,-1,638,612,637,-1,607,608,609,-1,607,609,610,-1,607,610,606,-1,651,652,650,-1,
  650,652,653,-1,650,653,649,-1,649,653,666,-1,649,666,648,-1,648,666,667,-1,648,667,668,-1,654,655,663,-1,654,663,664,-1,
  654,664,665,-1,654,665,666,-1,654,666,653,-1,660,661,656,-1,656,661,662,-1,656,662,655,-1,655,662,663,-1,644,645,640,-1,
  640,645,658,-1,640,658,657,-1,657,658,659,-1,657,659,656,-1,656,659,660,-1,671,646,670,-1,670,646,647,-1,670,647,669,-1,
  669,647,648,-1,669,648,668,-1,658,645,673,-1,673,645,646,-1,673,646,672,-1,672,646,671,-1,641,642,643,-1,641,643,644,-1,
  641,644,640,-1,685,686,684,-1,684,686,687,-1,684,687,683,-1,683,687,700,-1,683,700,682,-1,682,700,701,-1,682,701,702,-1,
  688,689,697,-1,688,697,698,-1,688,698,699,-1,688,699,700,-1,688,700,687,-1,694,695,690,-1,690,695,696,-1,690,696,689,-1,
  689,696,697,-1,678,679,674,-1,674,679,692,-1,674,692,691,-1,691,692,693,-1,691,693,690,-1,690,693,694,-1,705,680,704,-1,
  704,680,681,-1,704,681,703,-1,703,681,682,-1,703,682,702,-1,692,679,707,-1,707,679,680,-1,707,680,706,-1,706,680,705,-1,
  675,676,677,-1,675,677,678,-1,675,678,674,-1,719,720,718,-1,718,720,721,-1,718,721,717,-1,717,721,734,-1,717,734,716,-1,
  716,734,735,-1,716,735,736,-1,722,723,731,-1,722,731,732,-1,722,732,733,-1,722,733,734,-1,722,734,721,-1,728,729,724,-1,
  724,729,730,-1,724,730,723,-1,723,730,731,-1,712,713,708,-1,708,713,726,-1,708,726,725,-1,725,726,727,-1,725,727,724,-1,
  724,727,728,-1,739,714,738,-1,738,714,715,-1,738,715,737,-1,737,715,716,-1,737,716,736,-1,726,713,741,-1,741,713,714,-1,
  741,714,740,-1,740,714,739,-1,709,710,711,-1,709,711,712,-1,709,712,708,-1,753,754,752,-1,752,754,755,-1,752,755,751,-1,
  751,755,768,-1,751,768,750,-1,750,768,769,-1,750,769,770,-1,756,757,765,-1,756,765,766,-1,756,766,767,-1,756,767,768,-1,
  756,768,755,-1,762,763,758,-1,758,763,764,-1,758,764,757,-1,757,764,765,-1,746,747,742,-1,742,747,760,-1,742,760,759,-1,
  759,760,761,-1,759,761,758,-1,758,761,762,-1,773,748,772,-1,772,748,749,-1,772,749,771,-1,771,749,750,-1,771,750,770,-1,
  760,747,775,-1,775,747,748,-1,775,748,774,-1,774,748,773,-1,743,744,745,-1,743,745,746,-1,743,746,742,-1,787,788,786,-1,
  786,788,789,-1,786,789,785,-1,785,789,802,-1,785,802,784,-1,784,802,803,-1,784,803,804,-1,790,791,799,-1,790,799,800,-1,
  790,800,801,-1,790,801,802,-1,790,802,789,-1,796,797,792,-1,792,797,798,-1,792,798,791,-1,791,798,799,-1,780,781,776,-1,
  776,781,794,-1,776,794,793,-1,793,794,795,-1,793,795,792,-1,792,795,796,-1,807,782,806,-1,806,782,783,-1,806,783,805,-1,
  805,783,784,-1,805,784,804,-1,794,781,809,-1,809,781,782,-1,809,782,808,-1,808,782,807,-1,777,778,779,-1,777,779,780,-1,
  777,780,776,-1,821,822,820,-1,820,822,823,-1,820,823,819,-1,819,823,836,-1,819,836,818,-1,818,836,837,-1,818,837,838,-1,
  824,825,833,-1,824,833,834,-1,824,834,835,-1,824,835,836,-1,824,836,823,-1,830,831,826,-1,826,831,832,-1,826,832,825,-1,
  825,832,833,-1,814,815,810,-1,810,815,828,-1,810,828,827,-1,827,828,829,-1,827,829,826,-1,826,829,830,-1,841,816,840,-1,
  840,816,817,-1,840,817,839,-1,839,817,818,-1,839,818,838,-1,828,815,843,-1,843,815,816,-1,843,816,842,-1,842,816,841,-1,
  811,812,813,-1,811,813,814,-1,811,814,810,-1,855,856,854,-1,854,856,857,-1,854,857,853,-1,853,857,870,-1,853,870,852,-1,
  852,870,871,-1,852,871,872,-1,858,859,867,-1,858,867,868,-1,858,868,869,-1,858,869,870,-1,858,870,857,-1,864,865,860,-1,
  860,865,866,-1,860,866,859,-1,859,866,867,-1,848,849,844,-1,844,849,862,-1,844,862,861,-1,861,862,863,-1,861,863,860,-1,
  860,863,864,-1,875,850,874,-1,874,850,851,-1,874,851,873,-1,873,851,852,-1,873,852,872,-1,862,849,877,-1,877,849,850,-1,
  877,850,876,-1,876,850,875,-1,845,846,847,-1,845,847,848,-1,845,848,844,-1,891,892,916,-1,891,916,924,-1,891,924,925,-1,
  891,925,926,-1,891,926,927,-1,891,927,928,-1,891,928,890,-1,945,886,944,-1,944,886,887,-1,944,887,931,-1,931,887,888,-1,
  931,888,930,-1,930,888,889,-1,930,889,929,-1,929,889,890,-1,929,890,928,-1,932,933,941,-1,932,941,942,-1,932,942,943,-1,
  932,943,944,-1,932,944,931,-1,938,939,934,-1,934,939,940,-1,934,940,933,-1,933,940,941,-1,882,883,878,-1,878,883,936,-1,
  878,936,935,-1,935,936,937,-1,935,937,934,-1,934,937,938,-1,922,916,917,-1,922,917,921,-1,921,917,918,-1,921,918,919,-1,
  892,893,912,-1,892,912,913,-1,892,913,914,-1,892,914,915,-1,892,915,916,-1,902,904,901,-1,901,904,905,-1,901,905,900,-1,
  900,905,906,-1,900,906,899,-1,899,906,907,-1,899,907,898,-1,898,907,908,-1,898,908,897,-1,897,908,909,-1,897,909,896,-1,
  896,909,910,-1,896,910,895,-1,895,910,911,-1,895,911,894,-1,894,911,912,-1,894,912,893,-1,945,946,886,-1,886,946,947,-1,
  886,947,885,-1,885,947,948,-1,885,948,884,-1,884,948,949,-1,884,949,950,-1,951,936,883,-1,951,883,884,-1,951,884,950,-1,
  879,880,881,-1,879,881,882,-1,879,882,878,-1,1097,1098,1096,-1,1096,1098,1099,-1,1096,1099,1095,-1,1095,1099,960,-1,1095,960,1094,-1,
  1094,960,961,-1,1094,961,962,-1,1100,1101,957,-1,1100,957,958,-1,1100,958,959,-1,1100,959,960,-1,1100,960,1099,-1,954,955,1102,-1,
  1102,955,956,-1,1102,956,1101,-1,1101,956,957,-1,1090,1091,1104,-1,1104,1091,952,-1,1104,952,1103,-1,1103,952,953,-1,1103,953,1102,-1,
  1102,953,954,-1,965,1092,964,-1,964,1092,1093,-1,964,1093,963,-1,963,1093,1094,-1,963,1094,962,-1,952,1091,967,-1,967,1091,1092,-1,
  967,1092,966,-1,966,1092,965,-1,1086,1087,1107,-1,1107,1087,1088,-1,1107,1088,1106,-1,1106,1088,1089,-1,1106,1089,1105,-1,1105,1089,1090,-1,
  1105,1090,1104,-1,1107,1108,1083,-1,1107,1083,1084,-1,1107,1084,1085,-1,1107,1085,1086,-1,1083,1108,1109,-1,1083,1109,1110,-1,1083,1110,1111,-1,
  1083,1111,1082,-1,1128,1078,1127,-1,1127,1078,1079,-1,1127,1079,1114,-1,1114,1079,1080,-1,1114,1080,1113,-1,1113,1080,1081,-1,1113,1081,1112,-1,
  1112,1081,1082,-1,1112,1082,1111,-1,1115,1116,1124,-1,1115,1124,1125,-1,1115,1125,1126,-1,1115,1126,1127,-1,1115,1127,1114,-1,1121,1122,1117,-1,
  1117,1122,1123,-1,1117,1123,1116,-1,1116,1123,1124,-1,1074,1075,1070,-1,1070,1075,1119,-1,1070,1119,1118,-1,1118,1119,1120,-1,1118,1120,1117,-1,
  1117,1120,1121,-1,979,980,978,-1,978,980,981,-1,978,981,977,-1,977,981,994,-1,977,994,976,-1,976,994,995,-1,976,995,996,-1,
  982,983,991,-1,982,991,992,-1,982,992,993,-1,982,993,994,-1,982,994,981,-1,988,989,984,-1,984,989,990,-1,984,990,983,-1,
  983,990,991,-1,972,973,968,-1,968,973,986,-1,968,986,985,-1,985,986,987,-1,985,987,984,-1,984,987,988,-1,999,974,998,-1,
  998,974,975,-1,998,975,997,-1,997,975,976,-1,997,976,996,-1,986,973,1001,-1,1001,973,974,-1,1001,974,1000,-1,1000,974,999,-1,
  969,970,971,-1,969,971,972,-1,969,972,968,-1,1013,1014,1012,-1,1012,1014,1015,-1,1012,1015,1011,-1,1011,1015,1028,-1,1011,1028,1010,-1,
  1010,1028,1029,-1,1010,1029,1030,-1,1016,1017,1025,-1,1016,1025,1026,-1,1016,1026,1027,-1,1016,1027,1028,-1,1016,1028,1015,-1,1022,1023,1018,-1,
  1018,1023,1024,-1,1018,1024,1017,-1,1017,1024,1025,-1,1006,1007,1002,-1,1002,1007,1020,-1,1002,1020,1019,-1,1019,1020,1021,-1,1019,1021,1018,-1,
  1018,1021,1022,-1,1033,1008,1032,-1,1032,1008,1009,-1,1032,1009,1031,-1,1031,1009,1010,-1,1031,1010,1030,-1,1020,1007,1035,-1,1035,1007,1008,-1,
  1035,1008,1034,-1,1034,1008,1033,-1,1003,1004,1005,-1,1003,1005,1006,-1,1003,1006,1002,-1,1047,1048,1046,-1,1046,1048,1049,-1,1046,1049,1045,-1,
  1045,1049,1062,-1,1045,1062,1044,-1,1044,1062,1063,-1,1044,1063,1064,-1,1050,1051,1059,-1,1050,1059,1060,-1,1050,1060,1061,-1,1050,1061,1062,-1,
  1050,1062,1049,-1,1056,1057,1052,-1,1052,1057,1058,-1,1052,1058,1051,-1,1051,1058,1059,-1,1040,1041,1036,-1,1036,1041,1054,-1,1036,1054,1053,-1,
  1053,1054,1055,-1,1053,1055,1052,-1,1052,1055,1056,-1,1067,1042,1066,-1,1066,1042,1043,-1,1066,1043,1065,-1,1065,1043,1044,-1,1065,1044,1064,-1,
  1054,1041,1069,-1,1069,1041,1042,-1,1069,1042,1068,-1,1068,1042,1067,-1,1037,1038,1039,-1,1037,1039,1040,-1,1037,1040,1036,-1,1128,1129,1078,-1,
  1078,1129,1130,-1,1078,1130,1077,-1,1077,1130,1131,-1,1077,1131,1076,-1,1076,1131,1132,-1,1076,1132,1133,-1,1134,1119,1075,-1,1134,1075,1076,-1,
  1134,1076,1133,-1,1071,1072,1073,-1,1071,1073,1074,-1,1071,1074,1070,-1,1146,1147,1145,-1,1145,1147,1148,-1,1145,1148,1144,-1,1144,1148,1161,-1,
  1144,1161,1143,-1,1143,1161,1162,-1,1143,1162,1163,-1,1149,1150,1158,-1,1149,1158,1159,-1,1149,1159,1160,-1,1149,1160,1161,-1,1149,1161,1148,-1,
  1155,1156,1151,-1,1151,1156,1157,-1,1151,1157,1150,-1,1150,1157,1158,-1,1139,1140,1135,-1,1135,1140,1153,-1,1135,1153,1152,-1,1152,1153,1154,-1,
  1152,1154,1151,-1,1151,1154,1155,-1,1166,1141,1165,-1,1165,1141,1142,-1,1165,1142,1164,-1,1164,1142,1143,-1,1164,1143,1163,-1,1153,1140,1168,-1,
  1168,1140,1141,-1,1168,1141,1167,-1,1167,1141,1166,-1,1136,1137,1138,-1,1136,1138,1139,-1,1136,1139,1135,-1,1180,1181,1179,-1,1179,1181,1182,-1,
  1179,1182,1178,-1,1178,1182,1195,-1,1178,1195,1177,-1,1177,1195,1196,-1,1177,1196,1197,-1,1183,1184,1192,-1,1183,1192,1193,-1,1183,1193,1194,-1,
  1183,1194,1195,-1,1183,1195,1182,-1,1189,1190,1185,-1,1185,1190,1191,-1,1185,1191,1184,-1,1184,1191,1192,-1,1173,1174,1169,-1,1169,1174,1187,-1,
  1169,1187,1186,-1,1186,1187,1188,-1,1186,1188,1185,-1,1185,1188,1189,-1,1200,1175,1199,-1,1199,1175,1176,-1,1199,1176,1198,-1,1198,1176,1177,-1,
  1198,1177,1197,-1,1187,1174,1202,-1,1202,1174,1175,-1,1202,1175,1201,-1,1201,1175,1200,-1,1170,1171,1172,-1,1170,1172,1173,-1,1170,1173,1169,-1,
  1214,1215,1213,-1,1213,1215,1216,-1,1213,1216,1212,-1,1212,1216,1229,-1,1212,1229,1211,-1,1211,1229,1230,-1,1211,1230,1231,-1,1217,1218,1226,-1,
  1217,1226,1227,-1,1217,1227,1228,-1,1217,1228,1229,-1,1217,1229,1216,-1,1223,1224,1219,-1,1219,1224,1225,-1,1219,1225,1218,-1,1218,1225,1226,-1,
  1207,1208,1203,-1,1203,1208,1221,-1,1203,1221,1220,-1,1220,1221,1222,-1,1220,1222,1219,-1,1219,1222,1223,-1,1234,1209,1233,-1,1233,1209,1210,-1,
  1233,1210,1232,-1,1232,1210,1211,-1,1232,1211,1231,-1,1221,1208,1236,-1,1236,1208,1209,-1,1236,1209,1235,-1,1235,1209,1234,-1,1204,1205,1206,-1,
  1204,1206,1207,-1,1204,1207,1203,-1,921,919,920,-1,904,902,903,-1,924,916,923,-1,281,279,280,-1,245,243,244,-1,247,245,246,-1,
  260,251,252,-1,239,237,238,-1,226,224,225,-1,206,204,205,-1,186,184,185,-1,166,164,165,-1,146,144,145,-1,126,124,125,-1,
  106,104,105,-1,86,84,85,-1,21,12,13,-1]
  normalPerVertex TRUE
  normal DEF NORM_3 Normal { vector [
  0 0 1,0 0 1,
  0 0 1,0 0 1,
  0 0 1,0 0 1,
  0 0 1,0 0 1,
  0 0 1,0 0 1,
  0 0 1,0 0 1,
  0 0 1,0 0 1,
  0 0 1,0 0 1,
  0 0 1,0 0 1,
  0 0 1,0 0 1,
  0 0 1,0 0 1,
  0 0 1,0 0 1,
  0 0 1,0 0 1,
  0 0 1,0 0 1,
  0 0 1,0 0 1,
  0 0 1,0 0 1,
  0 0 1,0 0 1,
  0 0 1,0 0 1,
  0 0 1,0 0 1,
  0 0 1,0 0 1,
  0 0 1,0 0 1,
  0 0 1,0 0 1,
  0 0 1,0 0 1,
  0 0 1,0 0 1,
  0 0 1,0 0 1,
  0 0 1,0 0 1,
  0 0 1,0 0 1,
  0 0 1,0 0 1,
  0 0 1,0 0 1,
  0 0 1,0 0 1,
  0 0 1,0 0 1,
  0 0 1,0 0 1,
  0 0 1,0 0 1,
  0 0 1,0 0 1,
  0 0 1,0 0 1,
  0 0 1,0 0 1,
  0 0 1,0 0 1,
  0 0 1,0 0 1,
  0 0 1,0 0 1,
  0 0 1,0 0 1,
  0 0 1,0 0 1,
  0 0 1,0 0 1,
  0 0 1,0 0 1,
  0 0 1,0 0 1,
  0 0 1,0 0 1,
  0 0 1,0 0 1,
  0 0 1,0 0 1,
  0 0 1,0 0 1,
  0 0 1,0 0 1,
  0 0 1,0 0 1,
  0 0 1,0 0 1,
  0 0 1,0 0 1,
  0 0 1,0 0 1,
  0 0 1,0 0 1,
  0 0 1,0 0 1,
  0 0 1,0 0 1,
  0 0 1,0 0 1,
  0 0 1,0 0 1,
  0 0 1,0 0 1,
  0 0 1,0 0 1,
  0 0 1,0 0 1,
  0 0 1,0 0 1,
  0 0 1,0 0 1,
  0 0 1,0 0 1,
  0 0 1,0 0 1,
  0 0 1,0 0 1,
  0 0 1,0 0 1,
  0 0 1,0 0 1,
  0 0 1,0 0 1,
  0 0 1,0 0 1,
  0 0 1,0 0 1,
  0 0 1,0 0 1,
  0 0 1,0 0 1,
  0 0 1,0 0 1,
  0 0 1,0 0 1,
  0 0 1,0 0 1,
  0 0 1,0 0 1,
  0 0 1,0 0 1,
  0 0 1,0 0 1,
  0 0 1,0 0 1,
  0 0 1,0 0 1,
  0 0 1,0 0 1,
  0 0 1,0 0 1,
  0 0 1,0 0 1,
  0 0 1,0 0 1,
  0 0 1,0 0 1,
  0 0 1,0 0 1,
  0 0 1,0 0 1,
  0 0 1,0 0 1,
  0 0 1,0 0 1,
  0 0 1,0 0 1,
  0 0 1,0 0 1,
  0 0 1,0 0 1,
  0 0 1,0 0 1,
  0 0 1,0 0 1,
  0 0 1,0 0 1,
  0 0 1,0 0 1,
  0 0 1,0 0 1,
  0 0 1,0 0 1,
  0 0 1,0 0 1,
  0 0 1,0 0 1,
  0 0 1,0 0 1,
  0 0 1,0 0 1,
  0 0 1,0 0 1,
  0 0 1,0 0 1,
  0 0 1,0 0 1,
  0 0 1,0 0 1,
  0 0 1,0 0 1,
  0 0 1,0 0 1,
  0 0 1,0 0 1,
  0 0 1,0 0 1,
  0 0 1,0 0 1,
  0 0 1,0 0 1,
  0 0 1,0 0 1,
  0 0 1,0 0 1,
  0 0 1,0 0 1,
  0 0 1,0 0 1,
  0 0 1,0 0 1,
  0 0 1,0 0 1,
  0 0 1,0 0 1,
  0 0 1,0 0 1,
  0 0 1,0 0 1,
  0 0 1,0 0 1,
  0 0 1,0 0 1,
  0 0 1,0 0 1,
  0 0 1,0 0 1,
  0 0 1,0 0 1,
  0 0 1,0 0 1,
  0 0 1,0 0 1,
  0 0 1,0 0 1,
  0 0 1,0 0 1,
  0 0 1,0 0 1,
  0 0 1,0 0 1,
  0 0 1,0 0 1,
  0 0 1,0 0 1,
  0 0 1,0 0 1,
  0 0 1,0 0 1,
  0 0 1,0 0 1,
  0 0 1,0 0 1,
  0 0 1,0 0 1,
  0 0 1,0 0 1,
  0 0 1,0 0 1,
  0 0 1,0 0 1,
  0 0 1,0 0 1,
  0 0 1,0 0 1,
  0 0 1,0 0 1,
  0 0 1,0 0 1,
  0 0 1,0 0 1,
  0 0 1,0 0 1,
  0 0 1,0 0 1,
  0 0 1,0 0 1,
  0 0 1,0 0 1,
  0 0 1,0 0 1,
  0 0 1,0 0 1,
  0 0 1,0 0 1,
  0 0 1,0 0 1,
  0 0 1,0 0 1,
  0 0 1,0 0 1,
  0 0 1,0 0 1,
  0 0 1,0 0 1,
  0 0 1,0 0 1,
  0 0 1,0 0 1,
  0 0 1,0 0 1,
  0 0 1,0 0 1,
  0 0 1,0 0 1,
  0 0 1,0 0 1,
  0 0 1,0 0 1,
  0 0 1,0 0 1,
  0 0 1,0 0 1,
  0 0 1,0 0 1,
  0 0 1,0 0 1,
  0 0 1,0 0 1,
  0 0 1,0 0 1,
  0 0 1,0 0 1,
  0 0 1,0 0 1,
  0 0 1,0 0 1,
  0 0 1,0 0 1,
  0 0 1,0 0 1,
  0 0 1,0 0 1,
  0 0 1,0 0 1,
  0 0 1,0 0 1,
  0 0 1,0 0 1,
  0 0 1,0 0 1,
  0 0 1,0 0 1,
  0 0 1,0 0 1,
  0 0 1,0 0 1,
  0 0 1,0 0 1,
  0 0 1,0 0 1,
  0 0 1,0 0 1,
  0 0 1,0 0 1,
  0 0 1,0 0 1,
  0 0 1,0 0 1,
  0 0 1,0 0 1,
  0 0 1,0 0 1,
  0 0 1,0 0 1,
  0 0 1,0 0 1,
  0 0 1,0 0 1,
  0 0 1,0 0 1,
  0 0 1,0 0 1,
  0 0 1,0 0 1,
  0 0 1,0 0 1,
  0 0 1,0 0 1,
  0 0 1,0 0 1,
  0 0 1,0 0 1,
  0 0 1,0 0 1,
  0 0 1,0 0 1,
  0 0 1,0 0 1,
  0 0 1,0 0 1,
  0 0 1,0 0 1,
  0 0 1,0 0 1,
  0 0 1,0 0 1,
  0 0 1,0 0 1,
  0 0 1,0 0 1,
  0 0 1,0 0 1,
  0 0 1,0 0 1,
  0 0 1,0 0 1,
  0 0 1,0 0 1,
  0 0 1,0 0 1,
  0 0 1,0 0 1,
  0 0 1,0 0 1,
  0 0 1,0 0 1,
  0 0 1,0 0 1,
  0 0 1,0 0 1,
  0 0 1,0 0 1,
  0 0 1,0 0 1,
  0 0 1,0 0 1,
  0 0 1,0 0 1,
  0 0 1,0 0 1,
  0 0 1,0 0 1,
  0 0 1,0 0 1,
  0 0 1,0 0 1,
  0 0 1,0 0 1,
  0 0 1,0 0 1,
  0 0 1,0 0 1,
  0 0 1,0 0 1,
  0 0 1,0 0 1,
  0 0 1,0 0 1,
  0 0 1,0 0 1,
  0 0 1,0 0 1,
  0 0 1,0 0 1,
  0 0 1,0 0 1,
  0 0 1,0 0 1,
  0 0 1,0 0 1,
  0 0 1,0 0 1,
  0 0 1,0 0 1,
  0 0 1,0 0 1,
  0 0 1,0 0 1,
  0 0 1,0 0 1,
  0 0 1,0 0 1,
  0 0 1,0 0 1,
  0 0 1,0 0 1,
  0 0 1,0 0 1,
  0 0 1,0 0 1,
  0 0 1,0 0 1,
  0 0 1,0 0 1,
  0 0 1,0 0 1,
  0 0 1,0 0 1,
  0 0 1,0 0 1,
  0 0 1,0 0 1,
  0 0 1,0 0 1,
  0 0 1,0 0 1,
  0 0 1,0 0 1,
  0 0 1,0 0 1,
  0 0 1,0 0 1,
  0 0 1,0 0 1,
  0 0 1,0 0 1,
  0 0 1,0 0 1,
  0 0 1,0 0 1,
  0 0 1,0 0 1,
  0 0 1,0 0 1,
  0 0 1,0 0 1,
  0 0 1,0 0 1,
  0 0 1,0 0 1,
  0 0 1,0 0 1,
  0 0 1,0 0 1,
  0 0 1,0 0 1,
  0 0 1,0 0 1,
  0 0 1,0 0 1,
  0 0 1,0 0 1,
  0 0 1,0 0 1,
  0 0 1,0 0 1,
  0 0 1,0 0 1,
  0 0 1,0 0 1,
  0 0 1,0 0 1,
  0 0 1,0 0 1,
  0 0 1,0 0 1,
  0 0 1,0 0 1,
  0 0 1,0 0 1,
  0 0 1,0 0 1,
  0 0 1,0 0 1,
  0 0 1,0 0 1,
  0 0 1,0 0 1,
  0 0 1,0 0 1,
  0 0 1,0 0 1,
  0 0 1,0 0 1,
  0 0 1,0 0 1,
  0 0 1,0 0 1,
  0 0 1,0 0 1,
  0 0 1,0 0 1,
  0 0 1,0 0 1,
  0 0 1,0 0 1,
  0 0 1,0 0 1,
  0 0 1,0 0 1,
  0 0 1,0 0 1,
  0 0 1,0 0 1,
  0 0 1,0 0 1,
  0 0 1,0 0 1,
  0 0 1,0 0 1,
  0 0 1,0 0 1,
  0 0 1,0 0 1,
  0 0 1,0 0 1,
  0 0 1,0 0 1,
  0 0 1,0 0 1,
  0 0 1,0 0 1,
  0 0 1,0 0 1,
  0 0 1,0 0 1,
  0 0 1,0 0 1,
  0 0 1,0 0 1,
  0 0 1,0 0 1,
  0 0 1,0 0 1,
  0 0 1,0 0 1,
  0 0 1,0 0 1,
  0 0 1,0 0 1,
  0 0 1,0 0 1,
  0 0 1,0 0 1,
  0 0 1,0 0 1,
  0 0 1,0 0 1,
  0 0 1,0 0 1,
  0 0 1,0 0 1,
  0 0 1,0 0 1,
  0 0 1,0 0 1,
  0 0 1,0 0 1,
  0 0 1,0 0 1,
  0 0 1,0 0 1,
  0 0 1,0 0 1,
  0 0 1,0 0 1,
  0 0 1,0 0 1,
  0 0 1,0 0 1,
  0 0 1,0 0 1,
  0 0 1,0 0 1,
  0 0 1,0 0 1,
  0 0 1,0 0 1,
  0 0 1,0 0 1,
  0 0 1,0 0 1,
  0 0 1,0 0 1,
  0 0 1,0 0 1,
  0 0 1,0 0 1,
  0 0 1,0 0 1,
  0 0 1,0 0 1,
  0 0 1,0 0 1,
  0 0 1,0 0 1,
  0 0 1,0 0 1,
  0 0 1,0 0 1,
  0 0 1,0 0 1,
  0 0 1,0 0 1,
  0 0 1,0 0 1,
  0 0 1,0 0 1,
  0 0 1,0 0 1,
  0 0 1,0 0 1,
  0 0 1,0 0 1,
  0 0 1,0 0 1,
  0 0 1,0 0 1,
  0 0 1,0 0 1,
  0 0 1,0 0 1,
  0 0 1,0 0 1,
  0 0 1,0 0 1,
  0 0 1,0 0 1,
  0 0 1,0 0 1,
  0 0 1,0 0 1,
  0 0 1,0 0 1,
  0 0 1,0 0 1,
  0 0 1,0 0 1,
  0 0 1,0 0 1,
  0 0 1,0 0 1,
  0 0 1,0 0 1,
  0 0 1,0 0 1,
  0 0 1,0 0 1,
  0 0 1,0 0 1,
  0 0 1,0 0 1,
  0 0 1,0 0 1,
  0 0 1,0 0 1,
  0 0 1,0 0 1,
  0 0 1,0 0 1,
  0 0 1,0 0 1,
  0 0 1,0 0 1,
  0 0 1,0 0 1,
  0 0 1,0 0 1,
  0 0 1,0 0 1,
  0 0 1,0 0 1,
  0 0 1,0 0 1,
  0 0 1,0 0 1,
  0 0 1,0 0 1,
  0 0 1,0 0 1,
  0 0 1,0 0 1,
  0 0 1,0 0 1,
  0 0 1,0 0 1,
  0 0 1,0 0 1,
  0 0 1,0 0 1,
  0 0 1,0 0 1,
  0 0 1,0 0 1,
  0 0 1,0 0 1,
  0 0 1,0 0 1,
  0 0 1,0 0 1,
  0 0 1,0 0 1,
  0 0 1,0 0 1,
  0 0 1,0 0 1,
  0 0 1,0 0 1,
  0 0 1,0 0 1,
  0 0 1,0 0 1,
  0 0 1,0 0 1,
  0 0 1,0 0 1,
  0 0 1,0 0 1,
  0 0 1,0 0 1,
  0 0 1,0 0 1,
  0 0 1,0 0 1,
  0 0 1,0 0 1,
  0 0 1,0 0 1,
  0 0 1,0 0 1,
  0 0 1,0 0 1,
  0 0 1,0 0 1,
  0 0 1,0 0 1,
  0 0 1,0 0 1,
  0 0 1,0 0 1,
  0 0 1,0 0 1,
  0 0 1,0 0 1,
  0 0 1,0 0 1,
  0 0 1,0 0 1,
  0 0 1,0 0 1,
  0 0 1,0 0 1,
  0 0 1,0 0 1,
  0 0 1,0 0 1,
  0 0 1,0 0 1,
  0 0 1,0 0 1,
  0 0 1,0 0 1,
  0 0 1,0 0 1,
  0 0 1,0 0 1,
  0 0 1,0 0 1,
  0 0 1,0 0 1,
  0 0 1,0 0 1,
  0 0 1,0 0 1,
  0 0 1,0 0 1,
  0 0 1,0 0 1,
  0 0 1,0 0 1,
  0 0 1,0 0 1,
  0 0 1,0 0 1,
  0 0 1,0 0 1,
  0 0 1,0 0 1,
  0 0 1,0 0 1,
  0 0 1,0 0 1,
  0 0 1,0 0 1,
  0 0 1,0 0 1,
  0 0 1,0 0 1,
  0 0 1,0 0 1,
  0 0 1,0 0 1,
  0 0 1,0 0 1,
  0 0 1,0 0 1,
  0 0 1,0 0 1,
  0 0 1,0 0 1,
  0 0 1,0 0 1,
  0 0 1,0 0 1,
  0 0 1,0 0 1,
  0 0 1,0 0 1,
  0 0 1,0 0 1,
  0 0 1,0 0 1,
  0 0 1,0 0 1,
  0 0 1,0 0 1,
  0 0 1,0 0 1,
  0 0 1,0 0 1,
  0 0 1,0 0 1,
  0 0 1,0 0 1,
  0 0 1,0 0 1,
  0 0 1,0 0 1,
  0 0 1,0 0 1,
  0 0 1,0 0 1,
  0 0 1,0 0 1,
  0 0 1,0 0 1,
  0 0 1,0 0 1,
  0 0 1,0 0 1,
  0 0 1,0 0 1,
  0 0 1,0 0 1,
  0 0 1,0 0 1,
  0 0 1,0 0 1,
  0 0 1,0 0 1,
  0 0 1,0 0 1,
  0 0 1,0 0 1,
  0 0 1,0 0 1,
  0 0 1,0 0 1,
  0 0 1,0 0 1,
  0 0 1,0 0 1,
  0 0 1,0 0 1,
  0 0 1,0 0 1,
  0 0 1,0 0 1,
  0 0 1,0 0 1,
  0 0 1,0 0 1,
  0 0 1,0 0 1,
  0 0 1,0 0 1,
  0 0 1,0 0 1,
  0 0 1,0 0 1,
  0 0 1,0 0 1,
  0 0 1,0 0 1,
  0 0 1,0 0 1,
  0 0 1,0 0 1,
  0 0 1,0 0 1,
  0 0 1,0 0 1,
  0 0 1,0 0 1,
  0 0 1,0 0 1,
  0 0 1,0 0 1,
  0 0 1,0 0 1,
  0 0 1,0 0 1,
  0 0 1,0 0 1,
  0 0 1,0 0 1,
  0 0 1,0 0 1,
  0 0 1,0 0 1,
  0 0 1,0 0 1,
  0 0 1,0 0 1,
  0 0 1,0 0 1,
  0 0 1,0 0 1,
  0 0 1,0 0 1,
  0 0 1,0 0 1,
  0 0 1,0 0 1,
  0 0 1,0 0 1,
  0 0 1,0 0 1,
  0 0 1,0 0 1,
  0 0 1,0 0 1,
  0 0 1,0 0 1,
  0 0 1,0 0 1,
  0 0 1,0 0 1,
  0 0 1,0 0 1,
  0 0 1,0 0 1,
  0 0 1,0 0 1,
  0 0 1,0 0 1,
  0 0 1,0 0 1,
  0 0 1,0 0 1,
  0 0 1,0 0 1,
  0 0 1,0 0 1,
  0 0 1,0 0 1,
  0 0 1,0 0 1,
  0 0 1,0 0 1,
  0 0 1,0 0 1,
  0 0 1,0 0 1,
  0 0 1,0 0 1,
  0 0 1,0 0 1,
  0 0 1,0 0 1,
  0 0 1,0 0 1,
  0 0 1,0 0 1,
  0 0 1,0 0 1,
  0 0 1,0 0 1,
  0 0 1,0 0 1,
  0 0 1,0 0 1,
  0 0 1,0 0 1,
  0 0 1,0 0 1,
  0 0 1,0 0 1,
  0 0 1,0 0 1,
  0 0 1,0 0 1,
  0 0 1,0 0 1,
  0 0 1,0 0 1,
  0 0 1,0 0 1,
  0 0 1,0 0 1,
  0 0 1,0 0 1,
  0 0 1,0 0 1,
  0 0 1,0 0 1,
  0 0 1,0 0 1,
  0 0 1,0 0 1,
  0 0 1,0 0 1,
  0 0 1,0 0 1,
  0 0 1,0 0 1,
  0 0 1,0 0 1,
  0 0 1,0 0 1,
  0 0 1,0 0 1,
  0 0 1,0 0 1,
  0 0 1,0 0 1,
  0 0 1,0 0 1,
  0 0 1,0 0 1,
  0 0 1,0 0 1,
  0 0 1,0 0 1,
  0 0 1,0 0 1,
  0 0 1,0 0 1,
  0 0 1,0 0 1,
  0 0 1,0 0 1,
  0 0 1,0 0 1,
  0 0 1,0 0 1,
  0 0 1,0 0 1,
  0 0 1,0 0 1,
  0 0 1,0 0 1,
  0 0 1,0 0 1,
  0 0 1,0 0 1,
  0 0 1,0 0 1,
  0 0 1,0 0 1,
  0 0 1,0 0 1,
  0 0 1,0 0 1,
  0 0 1,0 0 1,
  0 0 1,0 0 1,
  0 0 1,0 0 1,
  0 0 1,0 0 1,
  0 0 1,0 0 1,
  0 0 1,0 0 1,
  0 0 1,0 0 1,
  0 0 1,0 0 1,
  0 0 1,0 0 1,
  0 0 1,0 0 1,
  0 0 1,0 0 1,
  0 0 1,0 0 1,
  0 0 1,0 0 1,
  0 0 1,0 0 1,
  0 0 1,0 0 1,
  0 0 1,0 0 1,
  0 0 1,0 0 1,
  0 0 1,0 0 1,
  0 0 1,0 0 1,
  0 0 1,0 0 1,
  0 0 1,0 0 1,
  0 0 1,0 0 1,
  0 0 1,0 0 1,
  0 0 1,0 0 1,
  0 0 1,0 0 1,
  0 0 1,0 0 1,
  0 0 1,0 0 1,
  0 0 1,0 0 1,
  0 0 1] }
}
}
] }
DEF TXFM_4 Transform {
  center 0 0 0
  rotation 0 0 1 0
  scale 1 1 1
  scaleOrientation 0 0 1 0
  translation 0 0 0
 children [
DEF SHAPE_4 Shape {
 appearance DEF APP_3 Appearance {
  material Material {
   ambientIntensity 1
   diffuseColor 0.5 0.5 0.5
   emissiveColor 0 0 0
   shininess 0.69999999
   specularColor 0.80000001 0.80000001 0.80000001
   transparency 0
} }
 geometry DEF FACE_4 IndexedFaceSet {
  coord DEF COORD_4 Coordinate { point [
  12.577794 0.74778976 0.31988189,12.570446 0.76552992 0.31988189,
  12.556868 0.77910787 0.31988189,12.539128 0.78645591 0.31988189,
  12.529527 0.78740157 0.31988189,12.431102 0.78740157 0.31988189,
  12.421501 0.78645591 0.31988189,12.403761 0.77910787 0.31988189,
  12.390183 0.76552992 0.31988189,12.382835 0.74778976 0.31988189,
  12.382835 0.72858819 0.31988189,12.390183 0.71084803 0.31988189,
  12.403761 0.69727008 0.31988189,12.421501 0.68992205 0.31988189,
  12.431102 0.68897638 0.31988189,12.529527 0.68897638 0.31988189,
  12.539128 0.68992205 0.31988189,12.556868 0.69727008 0.31988189,
  12.570446 0.71084803 0.31988189,12.577794 0.72858819 0.31988189,
  7.3326772 3.3956693 0.31988189,7.3317315 3.4052701 0.31988189,
  7.3243835 3.4230102 0.31988189,7.3108055 3.4365882 0.31988189,
  7.2930654 3.4439362 0.31988189,7.2738638 3.4439362 0.31988189,
  7.2561236 3.4365882 0.31988189,7.2425457 3.4230102 0.31988189,
  7.2351976 3.4052701 0.31988189,7.234252 3.3956693 0.31988189,
  7.234252 3.2972441 0.31988189,7.2351976 3.2876433 0.31988189,
  7.2425457 3.2699031 0.31988189,7.2561236 3.2563252 0.31988189,
  7.2738638 3.2489772 0.31988189,7.2930654 3.2489772 0.31988189,
  7.3108055 3.2563252 0.31988189,7.3243835 3.2699031 0.31988189,
  7.3317315 3.2876433 0.31988189,7.3326772 3.2972441 0.31988189,
  5.114852 0.98542835 0.31988189,5.1075039 1.0031685 0.31988189,
  5.093926 1.0167465 0.31988189,5.0761858 1.0240945 0.31988189,
  5.066585 1.0250402 0.31988189,4.9681598 1.0250402 0.31988189,
  4.9585591 1.0240945 0.31988189,4.9408189 1.0167465 0.31988189,
  4.9272409 1.0031685 0.31988189,4.9198929 0.98542835 0.31988189,
  4.9198929 0.96622677 0.31988189,4.9272409 0.94848661 0.31988189,
  4.9408189 0.93490866 0.31988189,4.9585591 0.92756063 0.31988189,
  4.9681598 0.92661496 0.31988189,5.066585 0.92661496 0.31988189,
  5.0761858 0.92756063 0.31988189,5.093926 0.93490866 0.31988189,
  5.1075039 0.94848661 0.31988189,5.114852 0.96622677 0.31988189,
  12.577794 1.4170803 0.31988189,12.570446 1.4348205 0.31988189,
  12.556868 1.4483984 0.31988189,12.539128 1.4557465 0.31988189,
  12.529527 1.4566921 0.31988189,12.431102 1.4566921 0.31988189,
  12.421501 1.4557465 0.31988189,12.403761 1.4483984 0.31988189,
  12.390183 1.4348205 0.31988189,12.382835 1.4170803 0.31988189,
  12.382835 1.3978787 0.31988189,12.390183 1.3801386 0.31988189,
  12.403761 1.3665606 0.31988189,12.421501 1.3592126 0.31988189,
  12.431102 1.3582669 0.31988189,12.529527 1.3582669 0.31988189,
  12.539128 1.3592126 0.31988189,12.556868 1.3665606 0.31988189,
  12.570446 1.3801386 0.31988189,12.577794 1.3978787 0.31988189,
  12.577794 2.0962142 0.31988189,12.570446 2.1139543 0.31988189,
  12.556868 2.1275323 0.31988189,12.539128 2.1348803 0.31988189,
  12.529527 2.135826 0.31988189,12.431102 2.135826 0.31988189,
  12.421501 2.1348803 0.31988189,12.403761 2.1275323 0.31988189,
  12.390183 2.1139543 0.31988189,12.382835 2.0962142 0.31988189,
  12.382835 2.0770126 0.31988189,12.390183 2.0592724 0.31988189,
  12.403761 2.0456945 0.31988189,12.421501 2.0383465 0.31988189,
  12.431102 2.0374008 0.31988189,12.529527 2.0374008 0.31988189,
  12.539128 2.0383465 0.31988189,12.556868 2.0456945 0.31988189,
  12.570446 2.0592724 0.31988189,12.577794 2.0770126 0.31988189,
  5.1171638 2.4111756 0.31988189,5.1098157 2.4289157 0.31988189,
  5.0962378 2.4424937 0.31988189,5.0784976 2.4498417 0.31988189,
  5.0688969 2.4507874 0.31988189,4.9704717 2.4507874 0.31988189,
  4.9608709 2.4498417 0.31988189,4.9431307 2.4424937 0.31988189,
  4.9295528 2.4289157 0.31988189,4.9222047 2.4111756 0.31988189,
  4.9222047 2.391974 0.31988189,4.9295528 2.3742339 0.31988189,
  4.9431307 2.3606559 0.31988189,4.9608709 2.3533079 0.31988189,
  4.9704717 2.3523622 0.31988189,5.0688969 2.3523622 0.31988189,
  5.0784976 2.3533079 0.31988189,5.0962378 2.3606559 0.31988189,
  5.1098157 2.3742339 0.31988189,5.1171638 2.391974 0.31988189,
  12.577794 2.7753488 0.31988189,12.570446 2.793089 0.31988189,
  12.556868 2.8066669 0.31988189,12.539128 2.814015 0.31988189,
  12.529527 2.8149606 0.31988189,12.431102 2.8149606 0.31988189,
  12.421501 2.814015 0.31988189,12.403761 2.8066669 0.31988189,
  12.390183 2.793089 0.31988189,12.382835 2.7753488 0.31988189,
  12.382835 2.7561472 0.31988189,12.390183 2.7384071 0.31988189,
  12.403761 2.7248291 0.31988189,12.421501 2.7174811 0.31988189,
  12.431102 2.7165354 0.31988189,12.529527 2.7165354 0.31988189,
  12.539128 2.7174811 0.31988189,12.556868 2.7248291 0.31988189,
  12.570446 2.7384071 0.31988189,12.577794 2.7561472 0.31988189] }
 coordIndex [
  9,11,8,-1,8,11,12,-1,8,12,7,-1,7,12,13,-1,7,13,6,-1,6,13,14,-1,6,14,5,-1,5,14,15,-1,
  5,15,4,-1,4,15,16,-1,4,16,3,-1,3,16,17,-1,3,17,2,-1,2,17,18,-1,2,18,1,-1,1,18,19,-1,
  1,19,0,-1,29,31,28,-1,28,31,32,-1,28,32,27,-1,27,32,33,-1,27,33,26,-1,26,33,34,-1,26,34,25,-1,
  25,34,35,-1,25,35,24,-1,24,35,36,-1,24,36,23,-1,23,36,37,-1,23,37,22,-1,22,37,38,-1,22,38,21,-1,
  21,38,39,-1,21,39,20,-1,49,51,48,-1,48,51,52,-1,48,52,47,-1,47,52,53,-1,47,53,46,-1,46,53,54,-1,
  46,54,45,-1,45,54,55,-1,45,55,44,-1,44,55,56,-1,44,56,43,-1,43,56,57,-1,43,57,42,-1,42,57,58,-1,
  42,58,41,-1,41,58,59,-1,41,59,40,-1,69,71,68,-1,68,71,72,-1,68,72,67,-1,67,72,73,-1,67,73,66,-1,
  66,73,74,-1,66,74,65,-1,65,74,75,-1,65,75,64,-1,64,75,76,-1,64,76,63,-1,63,76,77,-1,63,77,62,-1,
  62,77,78,-1,62,78,61,-1,61,78,79,-1,61,79,60,-1,89,91,88,-1,88,91,92,-1,88,92,87,-1,87,92,93,-1,
  87,93,86,-1,86,93,94,-1,86,94,85,-1,85,94,95,-1,85,95,84,-1,84,95,96,-1,84,96,83,-1,83,96,97,-1,
  83,97,82,-1,82,97,98,-1,82,98,81,-1,81,98,99,-1,81,99,80,-1,109,111,108,-1,108,111,112,-1,108,112,107,-1,
  107,112,113,-1,107,113,106,-1,106,113,114,-1,106,114,105,-1,105,114,115,-1,105,115,104,-1,104,115,116,-1,104,116,103,-1,
  103,116,117,-1,103,117,102,-1,102,117,118,-1,102,118,101,-1,101,118,119,-1,101,119,100,-1,129,131,128,-1,128,131,132,-1,
  128,132,127,-1,127,132,133,-1,127,133,126,-1,126,133,134,-1,126,134,125,-1,125,134,135,-1,125,135,124,-1,124,135,136,-1,
  124,136,123,-1,123,136,137,-1,123,137,122,-1,122,137,138,-1,122,138,121,-1,121,138,139,-1,121,139,120,-1,131,129,130,-1,
  111,109,110,-1,91,89,90,-1,71,69,70,-1,51,49,50,-1,31,29,30,-1,11,9,10,-1]
  normalPerVertex TRUE
  normal DEF NORM_4 Normal { vector [
  0 0 1,0 0 1,
  0 0 1,0 0 1,
  0 0 1,0 0 1,
  0 0 1,0 0 1,
  0 0 1,0 0 1,
  0 0 1,0 0 1,
  0 0 1,0 0 1,
  0 0 1,0 0 1,
  0 0 1,0 0 1,
  0 0 1,0 0 1,
  0 0 1,0 0 1,
  0 0 1,0 0 1,
  0 0 1,0 0 1,
  0 0 1,0 0 1,
  0 0 1,0 0 1,
  0 0 1,0 0 1,
  0 0 1,0 0 1,
  0 0 1,0 0 1,
  0 0 1,0 0 1,
  0 0 1,0 0 1,
  0 0 1,0 0 1,
  0 0 1,0 0 1,
  0 0 1,0 0 1,
  0 0 1,0 0 1,
  0 0 1,0 0 1,
  0 0 1,0 0 1,
  0 0 1,0 0 1,
  0 0 1,0 0 1,
  0 0 1,0 0 1,
  0 0 1,0 0 1,
  0 0 1,0 0 1,
  0 0 1,0 0 1,
  0 0 1,0 0 1,
  0 0 1,0 0 1,
  0 0 1,0 0 1,
  0 0 1,0 0 1,
  0 0 1,0 0 1,
  0 0 1,0 0 1,
  0 0 1,0 0 1,
  0 0 1,0 0 1,
  0 0 1,0 0 1,
  0 0 1,0 0 1,
  0 0 1,0 0 1,
  0 0 1,0 0 1,
  0 0 1,0 0 1,
  0 0 1,0 0 1,
  0 0 1,0 0 1,
  0 0 1,0 0 1,
  0 0 1,0 0 1,
  0 0 1,0 0 1,
  0 0 1,0 0 1,
  0 0 1,0 0 1,
  0 0 1,0 0 1,
  0 0 1,0 0 1,
  0 0 1,0 0 1,
  0 0 1,0 0 1,
  0 0 1,0 0 1,
  0 0 1,0 0 1,
  0 0 1,0 0 1,
  0 0 1,0 0 1,
  0 0 1,0 0 1,
  0 0 1,0 0 1,
  0 0 1,0 0 1,
  0 0 1,0 0 1,
  0 0 1,0 0 1,
  0 0 1,0 0 1,
  0 0 1,0 0 1,
  0 0 1,0 0 1,
  0 0 1,0 0 1,
  0 0 1,0 0 1] }
}
}
] }
DEF TXFM_5 Transform {
  center 0 0 0
  rotation 0 0 1 0
  scale 1 1 1
  scaleOrientation 0 0 1 0
  translation 0 0 0
 children [
DEF SHAPE_5 Shape {
 appearance DEF APP_4 Appearance {
  material Material {
   ambientIntensity 1
   diffuseColor 0.078431375 0.2 0.14117648
   emissiveColor 0 0 0
   shininess 0.30000001
   specularColor 0.35490197 0.44 0.39882353
   transparency 0.17
} }
 geometry DEF FACE_5 IndexedFaceSet {
  coord DEF COORD_5 Coordinate { point [
  4.4901575 8.5551181 0.31988189,4.5007964 8.6086034 0.31988189,
  4.5310933 8.653946 0.31988189,4.576436 8.684243 0.31988189,
  4.6299213 8.6948819 0.31988189,4.6834065 8.684243 0.31988189,
  4.7287492 8.653946 0.31988189,4.7590462 8.6086034 0.31988189,
  4.769685 8.5551181 0.31988189,4.7590462 8.5016328 0.31988189,
  4.7287492 8.4562902 0.31988189,4.6834065 8.4259932 0.31988189,
  4.6299213 8.4153543 0.31988189,4.576436 8.4259932 0.31988189,
  4.5310933 8.4562902 0.31988189,4.5007964 8.5016328 0.31988189,
  3.7814961 12.177165 0.31988189,3.7861412 12.200518 0.31988189,
  3.7993695 12.220316 0.31988189,3.819167 12.233544 0.31988189,
  3.8425197 12.238189 0.31988189,3.8658724 12.233544 0.31988189,
  3.8856699 12.220316 0.31988189,3.8988982 12.200518 0.31988189,
  3.9035433 12.177165 0.31988189,3.8988982 12.153813 0.31988189,
  3.8856699 12.134015 0.31988189,3.8658724 12.120787 0.31988189,
  3.8425197 12.116142 0.31988189,3.819167 12.120787 0.31988189,
  3.7993695 12.134015 0.31988189,3.7861412 12.153813 0.31988189,
  3.5885827 12.177165 0.31988189,3.5839375 12.153813 0.31988189,
  3.5707093 12.134015 0.31988189,3.5509118 12.120787 0.31988189,
  3.5275591 12.116142 0.31988189,3.5042063 12.120787 0.31988189,
  3.4844088 12.134015 0.31988189,3.4711806 12.153813 0.31988189,
  3.4665354 12.177165 0.31988189,3.4711806 12.200518 0.31988189,
  3.4844088 12.220316 0.31988189,3.5042063 12.233544 0.31988189,
  3.5275591 12.238189 0.31988189,3.5509118 12.233544 0.31988189,
  3.5707093 12.220316 0.31988189,3.5839375 12.200518 0.31988189,
  3.5885827 11.862205 0.31988189,3.5839375 11.838852 0.31988189,
  3.5707093 11.819055 0.31988189,3.5509118 11.805826 0.31988189,
  3.5275591 11.801181 0.31988189,3.5042063 11.805826 0.31988189,
  3.4844088 11.819055 0.31988189,3.4711806 11.838852 0.31988189,
  3.4665354 11.862205 0.31988189,3.4711806 11.885557 0.31988189,
  3.4844088 11.905355 0.31988189,3.5042063 11.918583 0.31988189,
  3.5275591 11.923228 0.31988189,3.5509118 11.918583 0.31988189,
  3.5707093 11.905355 0.31988189,3.5839375 11.885557 0.31988189,
  3.5885827 11.547244 0.31988189,3.5839375 11.523891 0.31988189,
  3.5707093 11.504094 0.31988189,3.5509118 11.490866 0.31988189,
  3.5275591 11.48622 0.31988189,3.5042063 11.490866 0.31988189,
  3.4844088 11.504094 0.31988189,3.4711806 11.523891 0.31988189,
  3.4665354 11.547244 0.31988189,3.4711806 11.570597 0.31988189,
  3.4844088 11.590394 0.31988189,3.5042063 11.603623 0.31988189,
  3.5275591 11.608268 0.31988189,3.5509118 11.603623 0.31988189,
  3.5707093 11.590394 0.31988189,3.5839375 11.570597 0.31988189,
  3.5885827 11.232283 0.31988189,3.5839375 11.208931 0.31988189,
  3.5707093 11.189133 0.31988189,3.5509118 11.175905 0.31988189,
  3.5275591 11.17126 0.31988189,3.5042063 11.175905 0.31988189,
  3.4844088 11.189133 0.31988189,3.4711806 11.208931 0.31988189,
  3.4665354 11.232283 0.31988189,3.4711806 11.255636 0.31988189,
  3.4844088 11.275434 0.31988189,3.5042063 11.288662 0.31988189,
  3.5275591 11.293307 0.31988189,3.5509118 11.288662 0.31988189,
  3.5707093 11.275434 0.31988189,3.5839375 11.255636 0.31988189,
  3.5885827 10.917323 0.31988189,3.5839375 10.89397 0.31988189,
  3.5707093 10.874173 0.31988189,3.5509118 10.860944 0.31988189,
  3.5275591 10.856299 0.31988189,3.5042063 10.860944 0.31988189,
  3.4844088 10.874173 0.31988189,3.4711806 10.89397 0.31988189,
  3.4665354 10.917323 0.31988189,3.4711806 10.940676 0.31988189,
  3.4844088 10.960473 0.31988189,3.5042063 10.973701 0.31988189,
  3.5275591 10.978346 0.31988189,3.5509118 10.973701 0.31988189,
  3.5707093 10.960473 0.31988189,3.5839375 10.940676 0.31988189,
  3.5885827 10.602362 0.31988189,3.5839375 10.579009 0.31988189,
  3.5707093 10.559212 0.31988189,3.5509118 10.545984 0.31988189,
  3.5275591 10.541339 0.31988189,3.5042063 10.545984 0.31988189,
  3.4844088 10.559212 0.31988189,3.4711806 10.579009 0.31988189,
  3.4665354 10.602362 0.31988189,3.4711806 10.625715 0.31988189,
  3.4844088 10.645512 0.31988189,3.5042063 10.658741 0.31988189,
  3.5275591 10.663386 0.31988189,3.5509118 10.658741 0.31988189,
  3.5707093 10.645512 0.31988189,3.5839375 10.625715 0.31988189,
  3.5885827 10.287402 0.31988189,3.5839375 10.264049 0.31988189,
  3.5707093 10.244251 0.31988189,3.5509118 10.231023 0.31988189,
  3.5275591 10.226378 0.31988189,3.5042063 10.231023 0.31988189,
  3.4844088 10.244251 0.31988189,3.4711806 10.264049 0.31988189,
  3.4665354 10.287402 0.31988189,3.4711806 10.310754 0.31988189,
  3.4844088 10.330552 0.31988189,3.5042063 10.34378 0.31988189,
  3.5275591 10.348425 0.31988189,3.5509118 10.34378 0.31988189,
  3.5707093 10.330552 0.31988189,3.5839375 10.310754 0.31988189,
  4.0177165 8.5551181 0.31988189,4.0283554 8.6086034 0.31988189,
  4.0586524 8.653946 0.31988189,4.103995 8.684243 0.31988189,
  4.1574803 8.6948819 0.31988189,4.2109656 8.684243 0.31988189,
  4.2563082 8.653946 0.31988189,4.2866052 8.6086034 0.31988189,
  4.2972441 8.5551181 0.31988189,4.2866052 8.5016328 0.31988189,
  4.2563082 8.4562902 0.31988189,4.2109656 8.4259932 0.31988189,
  4.1574803 8.4153543 0.31988189,4.103995 8.4259932 0.31988189,
  4.0586524 8.4562902 0.31988189,4.0283554 8.5016328 0.31988189,
  0.94980315 5.015748 0.31988189,0.95692598 5.0561441 0.31988189,
  0.97743583 5.0916677 0.31988189,1.0088583 5.1180346 0.31988189,
  1.0474039 5.1320638 0.31988189,1.0884228 5.1320638 0.31988189,
  1.1269685 5.1180346 0.31988189,1.1583909 5.0916677 0.31988189,
  1.1789008 5.0561441 0.31988189,1.1860236 5.015748 0.31988189,
  1.1789008 4.975352 0.31988189,1.1583909 4.9398283 0.31988189,
  1.1269685 4.9134614 0.31988189,1.0884228 4.8994323 0.31988189,
  1.0474039 4.8994323 0.31988189,1.0088583 4.9134614 0.31988189,
  0.97743583 4.9398283 0.31988189,0.95692598 4.975352 0.31988189,
  0.94980315 4.6220472 0.31988189,0.95692598 4.6624433 0.31988189,
  0.97743583 4.6979669 0.31988189,1.0088583 4.7243339 0.31988189,
  1.0474039 4.738363 0.31988189,1.0884228 4.738363 0.31988189,
  1.1269685 4.7243339 0.31988189,1.1583909 4.6979669 0.31988189,
  1.1789008 4.6624433 0.31988189,1.1860236 4.6220472 0.31988189,
  1.1789008 4.5816512 0.31988189,1.1583909 4.5461276 0.31988189,
  1.1269685 4.5197606 0.31988189,1.0884228 4.5057315 0.31988189,
  1.0474039 4.5057315 0.31988189,1.0088583 4.5197606 0.31988189,
  0.97743583 4.5461276 0.31988189,0.95692598 4.5816512 0.31988189,
  13.582677 0 0.31988189,13.582677 13.877953 0.31988189,
  0 13.877953 0.31988189,0 7.5590551 0.31988189,
  0 7.0866142 0.31988189,0 6.8503937 0.31988189,
  0 6.6141732 0.31988189,0 6.496063 0.31988189,
  0 6.1417323 0.31988189,0 5.015748 0.31988189,
  0 4.6220472 0.31988189,0 3.3956693 0.31988189,
  0 2.7753488 0.31988189,0 2.4111756 0.31988189,
  0 2.0962142 0.31988189,0 1.4170803 0.31988189,
  0 0.98542835 0.31988189,0 0.74778976 0.31988189,
  0 0 0.31988189,13.051181 7.480315 0.31988189,
  13.051181 7.480315 0.31988189,13.04762 7.4601169 0.31988189,
  13.037365 7.4423551 0.31988189,13.021654 7.4291717 0.31988189,
  13.002381 7.422157 0.31988189,12.981871 7.422157 0.31988189,
  12.962598 7.4291717 0.31988189,12.946887 7.4423551 0.31988189,
  12.936632 7.4601169 0.31988189,12.933071 7.480315 0.31988189,
  12.936632 7.500513 0.31988189,12.946887 7.5182749 0.31988189,
  12.962598 7.5314582 0.31988189,12.981871 7.5384729 0.31988189,
  13.002381 7.5384729 0.31988189,13.021654 7.5314582 0.31988189,
  13.037365 7.5182749 0.31988189,13.04762 7.500513 0.31988189,
  12.577794 2.7753488 0.31988189,12.577794 2.7561472 0.31988189,
  12.570446 2.7384071 0.31988189,12.556868 2.7248291 0.31988189,
  12.539128 2.7174811 0.31988189,12.529527 2.7165354 0.31988189,
  12.431102 2.7165354 0.31988189,12.421501 2.7174811 0.31988189,
  12.403761 2.7248291 0.31988189,12.390183 2.7384071 0.31988189,
  12.382835 2.7561472 0.31988189,12.382835 2.7753488 0.31988189,
  12.390183 2.793089 0.31988189,12.403761 2.8066669 0.31988189,
  12.421501 2.814015 0.31988189,12.431102 2.8149606 0.31988189,
  12.529527 2.8149606 0.31988189,12.539128 2.814015 0.31988189,
  12.556868 2.8066669 0.31988189,12.570446 2.793089 0.31988189,
  12.933071 0.59055118 0.31988189,12.936632 0.61074922 0.31988189,
  12.946887 0.62851108 0.31988189,12.962598 0.64169441 0.31988189,
  12.981871 0.64870912 0.31988189,13.002381 0.64870912 0.31988189,
  13.021654 0.64169441 0.31988189,13.037365 0.62851108 0.31988189,
  13.04762 0.61074922 0.31988189,13.051181 0.59055118 0.31988189,
  13.04762 0.57035314 0.31988189,13.037365 0.55259128 0.31988189,
  13.021654 0.53940795 0.31988189,13.002381 0.53239324 0.31988189,
  12.981871 0.53239324 0.31988189,12.962598 0.53940795 0.31988189,
  12.946887 0.55259128 0.31988189,12.936632 0.57035314 0.31988189,
  0.53149606 0.59055118 0.31988189,0.53505752 0.61074922 0.31988189,
  0.54531234 0.62851108 0.31988189,0.56102362 0.64169441 0.31988189,
  0.58029637 0.64870912 0.31988189,0.60080599 0.64870912 0.31988189,
  0.62007874 0.64169441 0.31988189,0.63579003 0.62851108 0.31988189,
  0.64604484 0.61074922 0.31988189,0.6496063 0.59055118 0.31988189,
  0.64604484 0.57035314 0.31988189,0.63579003 0.55259128 0.31988189,
  0.62007874 0.53940795 0.31988189,0.60080599 0.53239324 0.31988189,
  0.58029637 0.53239324 0.31988189,0.56102362 0.53940795 0.31988189,
  0.54531234 0.55259128 0.31988189,0.53505752 0.57035314 0.31988189,
  5.114852 0.98542835 0.31988189,5.114852 0.96622677 0.31988189,
  5.1075039 0.94848661 0.31988189,5.093926 0.93490866 0.31988189,
  5.0761858 0.92756063 0.31988189,5.066585 0.92661496 0.31988189,
  4.9681598 0.92661496 0.31988189,4.9585591 0.92756063 0.31988189,
  4.9408189 0.93490866 0.31988189,4.9272409 0.94848661 0.31988189,
  4.9198929 0.96622677 0.31988189,4.9198929 0.98542835 0.31988189,
  4.9272409 1.0031685 0.31988189,4.9408189 1.0167465 0.31988189,
  4.9585591 1.0240945 0.31988189,4.9681598 1.0250402 0.31988189,
  5.066585 1.0250402 0.31988189,5.0761858 1.0240945 0.31988189,
  5.093926 1.0167465 0.31988189,5.1075039 1.0031685 0.31988189,
  6.8523622 12.098425 0.31988189,6.8630011 12.15191 0.31988189,
  6.8932981 12.197253 0.31988189,6.9386407 12.22755 0.31988189,
  6.992126 12.238189 0.31988189,7.0456113 12.22755 0.31988189,
  7.0909539 12.197253 0.31988189,7.1212509 12.15191 0.31988189,
  7.1318898 12.098425 0.31988189,7.1212509 12.04494 0.31988189,
  7.0909539 11.999597 0.31988189,7.0456113 11.9693 0.31988189,
  6.992126 11.958661 0.31988189,6.9386407 11.9693 0.31988189,
  6.8932981 11.999597 0.31988189,6.8630011 12.04494 0.31988189,
  6.8651575 7.5590551 0.31988189,6.8580346 7.5186591 0.31988189,
  6.8375248 7.4831354 0.31988189,6.8061024 7.4567685 0.31988189,
  6.7675567 7.4427394 0.31988189,6.7265378 7.4427394 0.31988189,
  6.6879921 7.4567685 0.31988189,6.6565697 7.4831354 0.31988189,
  6.6360598 7.5186591 0.31988189,6.628937 7.5590551 0.31988189,
  6.6360598 7.5994512 0.31988189,6.6565697 7.6349748 0.31988189,
  6.6879921 7.6613417 0.31988189,6.7265378 7.6753709 0.31988189,
  6.7675567 7.6753709 0.31988189,6.8061024 7.6613417 0.31988189,
  6.8375248 7.6349748 0.31988189,6.8580346 7.5994512 0.31988189,
  6.8651575 7.0866142 0.31988189,6.8580346 7.0462181 0.31988189,
  6.8375248 7.0106945 0.31988189,6.8061024 6.9843276 0.31988189,
  6.7675567 6.9702984 0.31988189,6.7265378 6.9702984 0.31988189,
  6.6879921 6.9843276 0.31988189,6.6565697 7.0106945 0.31988189,
  6.6360598 7.0462181 0.31988189,6.628937 7.0866142 0.31988189,
  6.6360598 7.1270102 0.31988189,6.6565697 7.1625339 0.31988189,
  6.6879921 7.1889008 0.31988189,6.7265378 7.2029299 0.31988189,
  6.7675567 7.2029299 0.31988189,6.8061024 7.1889008 0.31988189,
  6.8375248 7.1625339 0.31988189,6.8580346 7.1270102 0.31988189,
  6.8651575 6.6141732 0.31988189,6.8580346 6.5737772 0.31988189,
  6.8375248 6.5382535 0.31988189,6.8061024 6.5118866 0.31988189,
  6.7675567 6.4978575 0.31988189,6.7265378 6.4978575 0.31988189,
  6.6879921 6.5118866 0.31988189,6.6565697 6.5382535 0.31988189,
  6.6360598 6.5737772 0.31988189,6.628937 6.6141732 0.31988189,
  6.6360598 6.6545693 0.31988189,6.6565697 6.6900929 0.31988189,
  6.6879921 6.7164598 0.31988189,6.7265378 6.730489 0.31988189,
  6.7675567 6.730489 0.31988189,6.8061024 6.7164598 0.31988189,
  6.8375248 6.6900929 0.31988189,6.8580346 6.6545693 0.31988189,
  12.027559 6.8503937 0.31988189,12.034682 6.8907898 0.31988189,
  12.055192 6.9263134 0.31988189,12.086614 6.9526803 0.31988189,
  12.12516 6.9667094 0.31988189,12.166179 6.9667094 0.31988189,
  12.204724 6.9526803 0.31988189,12.236147 6.9263134 0.31988189,
  12.256657 6.8907898 0.31988189,12.26378 6.8503937 0.31988189,
  12.256657 6.8099976 0.31988189,12.236147 6.774474 0.31988189,
  12.204724 6.7481071 0.31988189,12.166179 6.734078 0.31988189,
  12.12516 6.734078 0.31988189,12.086614 6.7481071 0.31988189,
  12.055192 6.774474 0.31988189,12.034682 6.8099976 0.31988189,
  12.027559 6.476378 0.31988189,12.034682 6.516774 0.31988189,
  12.055192 6.5522976 0.31988189,12.086614 6.5786646 0.31988189,
  12.12516 6.5926937 0.31988189,12.166179 6.5926937 0.31988189,
  12.204724 6.5786646 0.31988189,12.236147 6.5522976 0.31988189,
  12.256657 6.516774 0.31988189,12.26378 6.476378 0.31988189,
  12.256657 6.4359819 0.31988189,12.236147 6.4004583 0.31988189,
  12.204724 6.3740913 0.31988189,12.166179 6.3600622 0.31988189,
  12.12516 6.3600622 0.31988189,12.086614 6.3740913 0.31988189,
  12.055192 6.4004583 0.31988189,12.034682 6.4359819 0.31988189,
  12.027559 6.102363 0.31988189,12.034682 6.1427591 0.31988189,
  12.055192 6.1782827 0.31988189,12.086614 6.2046496 0.31988189,
  12.12516 6.2186787 0.31988189,12.166179 6.2186787 0.31988189,
  12.204724 6.2046496 0.31988189,12.236147 6.1782827 0.31988189,
  12.256657 6.1427591 0.31988189,12.26378 6.102363 0.31988189,
  12.256657 6.0619669 0.31988189,12.236147 6.0264433 0.31988189,
  12.204724 6.0000764 0.31988189,12.166179 5.9860472 0.31988189,
  12.12516 5.9860472 0.31988189,12.086614 6.0000764 0.31988189,
  12.055192 6.0264433 0.31988189,12.034682 6.0619669 0.31988189,
  7.3326772 3.3956693 0.31988189,7.3326772 3.2972441 0.31988189,
  7.3317315 3.2876433 0.31988189,7.3243835 3.2699031 0.31988189,
  7.3108055 3.2563252 0.31988189,7.2930654 3.2489772 0.31988189,
  7.2738638 3.2489772 0.31988189,7.2561236 3.2563252 0.31988189,
  7.2425457 3.2699031 0.31988189,7.2351976 3.2876433 0.31988189,
  7.234252 3.2972441 0.31988189,7.234252 3.3956693 0.31988189,
  7.2351976 3.4052701 0.31988189,7.2425457 3.4230102 0.31988189,
  7.2561236 3.4365882 0.31988189,7.2738638 3.4439362 0.31988189,
  7.2930654 3.4439362 0.31988189,7.3108055 3.4365882 0.31988189,
  7.3243835 3.4230102 0.31988189,7.3317315 3.4052701 0.31988189,
  6.8651575 6.1417323 0.31988189,6.8582157 6.102363 0.31988189,
  6.8580346 6.1013362 0.31988189,6.8375248 6.0658126 0.31988189,
  6.8061024 6.0394457 0.31988189,6.7675567 6.0254165 0.31988189,
  6.7265378 6.0254165 0.31988189,6.6879921 6.0394457 0.31988189,
  6.6565697 6.0658126 0.31988189,6.6360598 6.1013362 0.31988189,
  6.628937 6.1417323 0.31988189,6.6360598 6.1821283 0.31988189,
  6.6565697 6.217652 0.31988189,6.6879921 6.2440189 0.31988189,
  6.7265378 6.258048 0.31988189,6.7675567 6.258048 0.31988189,
  6.8061024 6.2440189 0.31988189,6.8375248 6.217652 0.31988189,
  6.8580346 6.1821283 0.31988189,5.1171638 2.4111756 0.31988189,
  5.1171638 2.391974 0.31988189,5.1098157 2.3742339 0.31988189,
  5.0962378 2.3606559 0.31988189,5.0784976 2.3533079 0.31988189,
  5.0688969 2.3523622 0.31988189,4.9704717 2.3523622 0.31988189,
  4.9608709 2.3533079 0.31988189,4.9431307 2.3606559 0.31988189,
  4.9295528 2.3742339 0.31988189,4.9222047 2.391974 0.31988189,
  4.9222047 2.4111756 0.31988189,4.9295528 2.4289157 0.31988189,
  4.9431307 2.4424937 0.31988189,4.9608709 2.4498417 0.31988189,
  4.9704717 2.4507874 0.31988189,5.0688969 2.4507874 0.31988189,
  5.0784976 2.4498417 0.31988189,5.0962378 2.4424937 0.31988189,
  5.1098157 2.4289157 0.31988189,7.9980315 8.5551181 0.31988189,
  7.9873926 8.5016328 0.31988189,7.9570956 8.4562902 0.31988189,
  7.911753 8.4259932 0.31988189,7.8582677 8.4153543 0.31988189,
  7.8047824 8.4259932 0.31988189,7.7594398 8.4562902 0.31988189,
  7.7291428 8.5016328 0.31988189,7.7185039 8.5551181 0.31988189,
  7.7291428 8.6086034 0.31988189,7.7594398 8.653946 0.31988189,
  7.8047824 8.684243 0.31988189,7.8582677 8.6948819 0.31988189,
  7.911753 8.684243 0.31988189,7.9570956 8.653946 0.31988189,
  7.9873926 8.6086034 0.31988189,8.8385827 6.8503937 0.31988189,
  8.8314598 6.8099976 0.31988189,8.81095 6.774474 0.31988189,
  8.7795276 6.7481071 0.31988189,8.7409819 6.734078 0.31988189,
  8.699963 6.734078 0.31988189,8.6614173 6.7481071 0.31988189,
  8.6299949 6.774474 0.31988189,8.609485 6.8099976 0.31988189,
  8.6023622 6.8503937 0.31988189,8.609485 6.8907898 0.31988189,
  8.6299949 6.9263134 0.31988189,8.6614173 6.9526803 0.31988189,
  8.699963 6.9667094 0.31988189,8.7409819 6.9667094 0.31988189,
  8.7795276 6.9526803 0.31988189,8.81095 6.9263134 0.31988189,
  8.8314598 6.8907898 0.31988189,8.8385827 6.496063 0.31988189,
  8.8351118 6.476378 0.31988189,8.8314598 6.4556669 0.31988189,
  8.81095 6.4201433 0.31988189,8.7795276 6.3937764 0.31988189,
  8.7409819 6.3797472 0.31988189,8.699963 6.3797472 0.31988189,
  8.6614173 6.3937764 0.31988189,8.6299949 6.4201433 0.31988189,
  8.609485 6.4556669 0.31988189,8.6023622 6.496063 0.31988189,
  8.609485 6.5364591 0.31988189,8.6299949 6.5719827 0.31988189,
  8.6614173 6.5983496 0.31988189,8.699963 6.6123787 0.31988189,
  8.7409819 6.6123787 0.31988189,8.7795276 6.5983496 0.31988189,
  8.81095 6.5719827 0.31988189,8.8314598 6.5364591 0.31988189,
  12.577794 0.74778976 0.31988189,12.577794 0.72858819 0.31988189,
  12.570446 0.71084803 0.31988189,12.556868 0.69727008 0.31988189,
  12.539128 0.68992205 0.31988189,12.529527 0.68897638 0.31988189,
  12.431102 0.68897638 0.31988189,12.421501 0.68992205 0.31988189,
  12.403761 0.69727008 0.31988189,12.390183 0.71084803 0.31988189,
  12.382835 0.72858819 0.31988189,12.382835 0.74778976 0.31988189,
  12.390183 0.76552992 0.31988189,12.403761 0.77910787 0.31988189,
  12.421501 0.78645591 0.31988189,12.431102 0.78740157 0.31988189,
  12.529527 0.78740157 0.31988189,12.539128 0.78645591 0.31988189,
  12.556868 0.77910787 0.31988189,12.570446 0.76552992 0.31988189,
  12.577794 1.4170803 0.31988189,12.577794 1.3978787 0.31988189,
  12.570446 1.3801386 0.31988189,12.556868 1.3665606 0.31988189,
  12.539128 1.3592126 0.31988189,12.529527 1.3582669 0.31988189,
  12.431102 1.3582669 0.31988189,12.421501 1.3592126 0.31988189,
  12.403761 1.3665606 0.31988189,12.390183 1.3801386 0.31988189,
  12.382835 1.3978787 0.31988189,12.382835 1.4170803 0.31988189,
  12.390183 1.4348205 0.31988189,12.403761 1.4483984 0.31988189,
  12.421501 1.4557465 0.31988189,12.431102 1.4566921 0.31988189,
  12.529527 1.4566921 0.31988189,12.539128 1.4557465 0.31988189,
  12.556868 1.4483984 0.31988189,12.570446 1.4348205 0.31988189,
  12.577794 2.0962142 0.31988189,12.577794 2.0770126 0.31988189,
  12.570446 2.0592724 0.31988189,12.556868 2.0456945 0.31988189,
  12.539128 2.0383465 0.31988189,12.529527 2.0374008 0.31988189,
  12.431102 2.0374008 0.31988189,12.421501 2.0383465 0.31988189,
  12.403761 2.0456945 0.31988189,12.390183 2.0592724 0.31988189,
  12.382835 2.0770126 0.31988189,12.382835 2.0962142 0.31988189,
  12.390183 2.1139543 0.31988189,12.403761 2.1275323 0.31988189,
  12.421501 2.1348803 0.31988189,12.431102 2.135826 0.31988189,
  12.529527 2.135826 0.31988189,12.539128 2.1348803 0.31988189,
  12.556868 2.1275323 0.31988189,12.570446 2.1139543 0.31988189] }
 coordIndex [
  194,195,281,-1,281,195,178,-1,281,178,160,-1,160,178,179,-1,160,179,177,-1,177,179,180,-1,177,180,176,-1,176,180,181,-1,
  176,181,175,-1,175,181,182,-1,175,182,174,-1,174,182,183,-1,174,183,173,-1,173,183,184,-1,173,184,172,-1,172,184,185,-1,
  172,185,171,-1,171,185,186,-1,171,186,170,-1,170,186,187,-1,170,187,169,-1,169,187,299,-1,169,299,300,-1,167,168,41,-1,
  41,168,169,-1,41,169,40,-1,40,169,136,-1,40,136,120,-1,120,136,137,-1,120,137,119,-1,119,137,138,-1,119,138,118,-1,
  118,138,139,-1,118,139,117,-1,117,139,140,-1,117,140,116,-1,116,140,141,-1,116,141,115,-1,115,141,142,-1,115,142,114,-1,
  114,142,143,-1,114,143,113,-1,113,143,128,-1,113,128,112,-1,112,128,300,-1,112,300,96,-1,96,300,80,-1,96,80,81,-1,
  40,120,104,-1,104,120,121,-1,104,121,103,-1,103,121,122,-1,103,122,102,-1,102,122,123,-1,102,123,101,-1,101,123,124,-1,
  101,124,100,-1,100,124,125,-1,100,125,99,-1,99,125,126,-1,99,126,98,-1,98,126,127,-1,98,127,97,-1,97,127,112,-1,
  97,112,96,-1,40,104,88,-1,88,104,105,-1,88,105,87,-1,87,105,106,-1,87,106,86,-1,86,106,107,-1,86,107,85,-1,
  85,107,108,-1,85,108,84,-1,84,108,109,-1,84,109,83,-1,83,109,110,-1,83,110,82,-1,82,110,111,-1,82,111,81,-1,
  81,111,96,-1,40,88,72,-1,72,88,89,-1,72,89,71,-1,71,89,90,-1,71,90,70,-1,70,90,91,-1,70,91,69,-1,
  69,91,92,-1,69,92,68,-1,68,92,93,-1,68,93,67,-1,67,93,94,-1,67,94,66,-1,66,94,95,-1,66,95,65,-1,
  65,95,80,-1,65,80,64,-1,64,80,300,-1,64,300,48,-1,48,300,144,-1,48,144,32,-1,32,144,16,-1,32,16,17,-1,
  40,72,56,-1,56,72,73,-1,56,73,55,-1,55,73,74,-1,55,74,54,-1,54,74,75,-1,54,75,53,-1,53,75,76,-1,
  53,76,52,-1,52,76,77,-1,52,77,51,-1,51,77,78,-1,51,78,50,-1,50,78,79,-1,50,79,49,-1,49,79,64,-1,
  49,64,48,-1,40,57,39,-1,39,57,58,-1,39,58,38,-1,38,58,59,-1,38,59,37,-1,37,59,60,-1,37,60,36,-1,
  36,60,61,-1,36,61,35,-1,35,61,62,-1,35,62,34,-1,34,62,63,-1,34,63,33,-1,33,63,48,-1,33,48,32,-1,
  6,7,311,-1,311,7,8,-1,311,8,484,-1,484,8,301,-1,484,301,483,-1,483,301,302,-1,483,302,482,-1,482,302,303,-1,
  482,303,481,-1,481,303,304,-1,481,304,480,-1,480,304,305,-1,480,305,479,-1,479,305,306,-1,479,306,478,-1,478,306,307,-1,
  478,307,477,-1,477,307,308,-1,477,308,476,-1,476,308,309,-1,476,309,475,-1,475,309,290,-1,475,290,474,-1,474,290,196,-1,
  474,196,473,-1,473,196,441,-1,473,441,442,-1,491,492,310,-1,310,492,473,-1,310,473,335,-1,335,473,464,-1,335,464,371,-1,
  371,464,465,-1,371,465,370,-1,370,465,466,-1,370,466,369,-1,369,466,467,-1,369,467,368,-1,368,467,468,-1,368,468,367,-1,
  367,468,469,-1,367,469,366,-1,366,469,470,-1,366,470,365,-1,365,470,471,-1,365,471,364,-1,364,471,472,-1,364,472,363,-1,
  363,472,454,-1,363,454,362,-1,362,454,443,-1,362,443,444,-1,335,371,353,-1,353,371,372,-1,353,372,352,-1,352,372,373,-1,
  352,373,351,-1,351,373,374,-1,351,374,350,-1,350,374,375,-1,350,375,349,-1,349,375,376,-1,349,376,348,-1,348,376,377,-1,
  348,377,347,-1,347,377,378,-1,347,378,346,-1,346,378,379,-1,346,379,345,-1,345,379,362,-1,345,362,344,-1,344,362,444,-1,
  344,444,326,-1,326,444,324,-1,326,324,325,-1,335,354,334,-1,334,354,355,-1,334,355,333,-1,333,355,356,-1,333,356,332,-1,
  332,356,357,-1,332,357,331,-1,331,357,358,-1,331,358,330,-1,330,358,359,-1,330,359,329,-1,329,359,360,-1,329,360,328,-1,
  328,360,361,-1,328,361,327,-1,327,361,344,-1,327,344,326,-1,341,342,310,-1,310,342,343,-1,310,343,325,-1,325,343,326,-1,
  494,536,493,-1,493,536,537,-1,493,537,518,-1,518,537,538,-1,518,538,517,-1,517,538,539,-1,517,539,516,-1,516,539,540,-1,
  516,540,515,-1,515,540,541,-1,515,541,514,-1,514,541,542,-1,514,542,513,-1,513,542,543,-1,513,543,512,-1,512,543,544,-1,
  512,544,511,-1,511,544,545,-1,511,545,510,-1,510,545,527,-1,510,527,509,-1,509,527,555,-1,509,555,556,-1,382,197,381,-1,
  381,197,509,-1,381,509,380,-1,380,509,416,-1,380,416,398,-1,398,416,417,-1,398,417,415,-1,415,417,418,-1,415,418,414,-1,
  414,418,419,-1,414,419,413,-1,413,419,420,-1,413,420,412,-1,412,420,421,-1,412,421,411,-1,411,421,422,-1,411,422,410,-1,
  410,422,423,-1,410,423,409,-1,409,423,424,-1,409,424,408,-1,408,424,425,-1,408,425,407,-1,407,425,556,-1,407,556,389,-1,
  389,556,245,-1,389,245,197,-1,197,245,246,-1,197,246,247,-1,380,399,397,-1,397,399,400,-1,397,400,396,-1,396,400,401,-1,
  396,401,395,-1,395,401,402,-1,395,402,394,-1,394,402,403,-1,394,403,393,-1,393,403,404,-1,393,404,392,-1,392,404,405,-1,
  392,405,391,-1,391,405,406,-1,391,406,390,-1,390,406,407,-1,390,407,389,-1,245,557,576,-1,576,557,558,-1,576,558,575,-1,
  575,558,559,-1,575,559,574,-1,574,559,560,-1,574,560,573,-1,573,560,561,-1,573,561,572,-1,572,561,562,-1,572,562,571,-1,
  571,562,563,-1,571,563,570,-1,570,563,564,-1,570,564,569,-1,569,564,565,-1,569,565,568,-1,568,565,546,-1,568,546,567,-1,
  567,546,271,-1,567,271,566,-1,566,271,587,-1,566,587,588,-1,566,588,585,-1,585,588,589,-1,585,589,584,-1,584,589,590,-1,
  584,590,583,-1,583,590,591,-1,583,591,582,-1,582,591,592,-1,582,592,581,-1,581,592,593,-1,581,593,580,-1,580,593,594,-1,
  580,594,579,-1,579,594,595,-1,579,595,578,-1,578,595,596,-1,578,596,577,-1,577,596,245,-1,577,245,576,-1,252,253,225,-1,
  225,253,234,-1,225,234,254,-1,254,234,235,-1,254,235,586,-1,586,235,236,-1,586,236,605,-1,605,236,237,-1,605,237,604,-1,
  604,237,238,-1,604,238,603,-1,603,238,239,-1,603,239,602,-1,602,239,240,-1,602,240,601,-1,601,240,241,-1,601,241,600,-1,
  600,241,242,-1,600,242,599,-1,599,242,243,-1,599,243,598,-1,598,243,244,-1,598,244,597,-1,597,244,245,-1,597,245,596,-1,
  232,233,197,-1,197,233,215,-1,197,215,196,-1,196,216,263,-1,263,216,217,-1,263,217,262,-1,262,217,218,-1,262,218,261,-1,
  261,218,219,-1,261,219,260,-1,260,219,220,-1,260,220,259,-1,259,220,221,-1,259,221,258,-1,258,221,222,-1,258,222,257,-1,
  257,222,223,-1,257,223,256,-1,256,223,224,-1,256,224,255,-1,255,224,225,-1,255,225,254,-1,197,247,248,-1,197,248,249,-1,
  197,249,225,-1,197,225,226,-1,197,226,227,-1,197,227,228,-1,197,228,229,-1,197,229,230,-1,197,230,231,-1,197,231,232,-1,
  225,249,250,-1,225,250,251,-1,225,251,252,-1,197,382,383,-1,197,383,384,-1,197,384,385,-1,197,385,386,-1,197,386,387,-1,
  197,387,388,-1,197,388,389,-1,197,198,44,-1,197,44,45,-1,197,45,46,-1,197,46,47,-1,197,47,20,-1,197,20,21,-1,
  197,21,22,-1,197,22,23,-1,197,23,24,-1,197,24,313,-1,197,313,314,-1,197,314,315,-1,197,315,316,-1,197,316,317,-1,
  197,317,318,-1,197,318,503,-1,197,503,504,-1,197,504,505,-1,197,505,506,-1,197,506,507,-1,197,507,508,-1,197,508,493,-1,
  197,493,520,-1,197,520,521,-1,197,521,522,-1,197,522,523,-1,197,523,524,-1,197,524,525,-1,197,525,526,-1,197,526,509,-1,
  519,520,493,-1,519,493,518,-1,501,502,318,-1,501,318,445,-1,501,445,446,-1,501,446,447,-1,501,447,448,-1,501,448,449,-1,
  501,449,450,-1,501,450,451,-1,501,451,452,-1,501,452,453,-1,501,453,434,-1,501,434,500,-1,444,445,318,-1,444,318,319,-1,
  444,319,320,-1,444,320,321,-1,444,321,322,-1,444,322,323,-1,444,323,324,-1,310,335,336,-1,310,336,337,-1,310,337,338,-1,
  310,338,339,-1,310,339,340,-1,310,340,341,-1,310,311,484,-1,310,484,485,-1,310,485,486,-1,310,486,487,-1,310,487,488,-1,
  310,488,489,-1,310,489,490,-1,310,490,491,-1,300,301,8,-1,300,8,9,-1,300,9,10,-1,300,10,11,-1,300,11,12,-1,
  300,12,13,-1,300,13,14,-1,300,14,15,-1,300,15,0,-1,300,0,152,-1,300,152,153,-1,300,153,154,-1,300,154,155,-1,
  300,155,156,-1,300,156,157,-1,300,157,158,-1,300,158,159,-1,300,159,144,-1,311,312,152,-1,311,152,1,-1,311,1,2,-1,
  311,2,3,-1,311,3,4,-1,311,4,5,-1,311,5,6,-1,312,313,24,-1,312,24,146,-1,312,146,147,-1,312,147,148,-1,
  312,148,149,-1,312,149,150,-1,312,150,151,-1,312,151,152,-1,144,145,24,-1,144,24,25,-1,144,25,26,-1,144,26,27,-1,
  144,27,28,-1,144,28,29,-1,144,29,30,-1,144,30,31,-1,144,31,16,-1,20,47,19,-1,19,47,32,-1,19,32,18,-1,
  18,32,17,-1,41,42,198,-1,41,198,161,-1,41,161,162,-1,41,162,163,-1,41,163,164,-1,41,164,165,-1,41,165,166,-1,
  41,166,167,-1,160,161,198,-1,160,198,272,-1,160,272,273,-1,160,273,274,-1,160,274,275,-1,160,275,276,-1,160,276,277,-1,
  160,277,278,-1,160,278,279,-1,160,279,280,-1,160,280,281,-1,43,44,198,-1,43,198,42,-1,196,263,264,-1,196,264,265,-1,
  196,265,266,-1,196,266,267,-1,196,267,268,-1,196,268,269,-1,196,269,270,-1,196,270,546,-1,196,546,547,-1,196,547,548,-1,
  196,548,549,-1,196,549,550,-1,196,550,551,-1,196,551,552,-1,196,552,553,-1,196,553,554,-1,196,554,434,-1,196,434,435,-1,
  196,435,436,-1,196,436,437,-1,196,437,438,-1,196,438,439,-1,196,439,440,-1,196,440,441,-1,586,587,271,-1,586,271,254,-1,
  556,425,426,-1,556,426,427,-1,556,427,428,-1,556,428,429,-1,556,429,430,-1,556,430,431,-1,556,431,432,-1,556,432,433,-1,
  556,433,416,-1,556,416,509,-1,555,527,528,-1,555,528,529,-1,555,529,530,-1,555,530,531,-1,555,531,532,-1,555,532,533,-1,
  555,533,534,-1,555,534,535,-1,555,535,434,-1,555,434,554,-1,536,494,495,-1,536,495,496,-1,536,496,497,-1,536,497,498,-1,
  536,498,499,-1,536,499,500,-1,536,500,434,-1,536,434,535,-1,443,454,455,-1,443,455,456,-1,443,456,457,-1,443,457,458,-1,
  443,458,459,-1,443,459,460,-1,443,460,461,-1,443,461,462,-1,443,462,463,-1,443,463,473,-1,443,473,442,-1,196,290,291,-1,
  196,291,292,-1,196,292,293,-1,196,293,294,-1,196,294,295,-1,196,295,296,-1,196,296,297,-1,196,297,281,-1,196,281,282,-1,
  196,282,283,-1,196,283,284,-1,196,284,285,-1,196,285,286,-1,196,286,214,-1,300,128,129,-1,300,129,130,-1,300,130,131,-1,
  300,131,132,-1,300,132,133,-1,300,133,134,-1,300,134,135,-1,300,135,136,-1,300,136,169,-1,298,299,187,-1,298,187,188,-1,
  298,188,189,-1,298,189,190,-1,298,190,191,-1,298,191,192,-1,298,192,193,-1,298,193,194,-1,298,194,281,-1,298,281,297,-1,
  272,198,199,-1,272,199,200,-1,272,200,201,-1,272,201,202,-1,272,202,203,-1,272,203,204,-1,272,204,205,-1,272,205,206,-1,
  272,206,207,-1,272,207,289,-1,289,207,208,-1,289,208,209,-1,289,209,210,-1,289,210,211,-1,289,211,288,-1,212,213,287,-1,
  212,287,288,-1,212,288,211,-1,287,213,214,-1,287,214,286,-1,473,463,464,-1,546,270,271,-1,146,24,145,-1,1,152,0,-1,
  503,318,502,-1,245,556,557,-1,399,380,398,-1,354,335,353,-1,57,40,56,-1]
  normalPerVertex TRUE
  normal DEF NORM_5 Normal { vector [
  0 0 1,0 0 1,
  0 0 1,0 0 1,
  0 0 1,0 0 1,
  0 0 1,0 0 1,
  0 0 1,0 0 1,
  0 0 1,0 0 1,
  0 0 1,0 0 1,
  0 0 1,0 0 1,
  0 0 1,0 0 1,
  0 0 1,0 0 1,
  0 0 1,0 0 1,
  0 0 1,0 0 1,
  0 0 1,0 0 1,
  0 0 1,0 0 1,
  0 0 1,0 0 1,
  0 0 1,0 0 1,
  0 0 1,0 0 1,
  0 0 1,0 0 1,
  0 0 1,0 0 1,
  0 0 1,0 0 1,
  0 0 1,0 0 1,
  0 0 1,0 0 1,
  0 0 1,0 0 1,
  0 0 1,0 0 1,
  0 0 1,0 0 1,
  0 0 1,0 0 1,
  0 0 1,0 0 1,
  0 0 1,0 0 1,
  0 0 1,0 0 1,
  0 0 1,0 0 1,
  0 0 1,0 0 1,
  0 0 1,0 0 1,
  0 0 1,0 0 1,
  0 0 1,0 0 1,
  0 0 1,0 0 1,
  0 0 1,0 0 1,
  0 0 1,0 0 1,
  0 0 1,0 0 1,
  0 0 1,0 0 1,
  0 0 1,0 0 1,
  0 0 1,0 0 1,
  0 0 1,0 0 1,
  0 0 1,0 0 1,
  0 0 1,0 0 1,
  0 0 1,0 0 1,
  0 0 1,0 0 1,
  0 0 1,0 0 1,
  0 0 1,0 0 1,
  0 0 1,0 0 1,
  0 0 1,0 0 1,
  0 0 1,0 0 1,
  0 0 1,0 0 1,
  0 0 1,0 0 1,
  0 0 1,0 0 1,
  0 0 1,0 0 1,
  0 0 1,0 0 1,
  0 0 1,0 0 1,
  0 0 1,0 0 1,
  0 0 1,0 0 1,
  0 0 1,0 0 1,
  0 0 1,0 0 1,
  0 0 1,0 0 1,
  0 0 1,0 0 1,
  0 0 1,0 0 1,
  0 0 1,0 0 1,
  0 0 1,0 0 1,
  0 0 1,0 0 1,
  0 0 1,0 0 1,
  0 0 1,0 0 1,
  0 0 1,0 0 1,
  0 0 1,0 0 1,
  0 0 1,0 0 1,
  0 0 1,0 0 1,
  0 0 1,0 0 1,
  0 0 1,0 0 1,
  0 0 1,0 0 1,
  0 0 1,0 0 1,
  0 0 1,0 0 1,
  0 0 1,0 0 1,
  0 0 1,0 0 1,
  0 0 1,0 0 1,
  0 0 1,0 0 1,
  0 0 1,0 0 1,
  0 0 1,0 0 1,
  0 0 1,0 0 1,
  0 0 1,0 0 1,
  0 0 1,0 0 1,
  0 0 1,0 0 1,
  0 0 1,0 0 1,
  0 0 1,0 0 1,
  0 0 1,0 0 1,
  0 0 1,0 0 1,
  0 0 1,0 0 1,
  0 0 1,0 0 1,
  0 0 1,0 0 1,
  0 0 1,0 0 1,
  0 0 1,0 0 1,
  0 0 1,0 0 1,
  0 0 1,0 0 1,
  0 0 1,0 0 1,
  0 0 1,0 0 1,
  0 0 1,0 0 1,
  0 0 1,0 0 1,
  0 0 1,0 0 1,
  0 0 1,0 0 1,
  0 0 1,0 0 1,
  0 0 1,0 0 1,
  0 0 1,0 0 1,
  0 0 1,0 0 1,
  0 0 1,0 0 1,
  0 0 1,0 0 1,
  0 0 1,0 0 1,
  0 0 1,0 0 1,
  0 0 1,0 0 1,
  0 0 1,0 0 1,
  0 0 1,0 0 1,
  0 0 1,0 0 1,
  0 0 1,0 0 1,
  0 0 1,0 0 1,
  0 0 1,0 0 1,
  0 0 1,0 0 1,
  0 0 1,0 0 1,
  0 0 1,0 0 1,
  0 0 1,0 0 1,
  0 0 1,0 0 1,
  0 0 1,0 0 1,
  0 0 1,0 0 1,
  0 0 1,0 0 1,
  0 0 1,0 0 1,
  0 0 1,0 0 1,
  0 0 1,0 0 1,
  0 0 1,0 0 1,
  0 0 1,0 0 1,
  0 0 1,0 0 1,
  0 0 1,0 0 1,
  0 0 1,0 0 1,
  0 0 1,0 0 1,
  0 0 1,0 0 1,
  0 0 1,0 0 1,
  0 0 1,0 0 1,
  0 0 1,0 0 1,
  0 0 1,0 0 1,
  0 0 1,0 0 1,
  0 0 1,0 0 1,
  0 0 1,0 0 1,
  0 0 1,0 0 1,
  0 0 1,0 0 1,
  0 0 1,0 0 1,
  0 0 1,0 0 1,
  0 0 1,0 0 1,
  0 0 1,0 0 1,
  0 0 1,0 0 1,
  0 0 1,0 0 1,
  0 0 1,0 0 1,
  0 0 1,0 0 1,
  0 0 1,0 0 1,
  0 0 1,0 0 1,
  0 0 1,0 0 1,
  0 0 1,0 0 1,
  0 0 1,0 0 1,
  0 0 1,0 0 1,
  0 0 1,0 0 1,
  0 0 1,0 0 1,
  0 0 1,0 0 1,
  0 0 1,0 0 1,
  0 0 1,0 0 1,
  0 0 1,0 0 1,
  0 0 1,0 0 1,
  0 0 1,0 0 1,
  0 0 1,0 0 1,
  0 0 1,0 0 1,
  0 0 1,0 0 1,
  0 0 1,0 0 1,
  0 0 1,0 0 1,
  0 0 1,0 0 1,
  0 0 1,0 0 1,
  0 0 1,0 0 1,
  0 0 1,0 0 1,
  0 0 1,0 0 1,
  0 0 1,0 0 1,
  0 0 1,0 0 1,
  0 0 1,0 0 1,
  0 0 1,0 0 1,
  0 0 1,0 0 1,
  0 0 1,0 0 1,
  0 0 1,0 0 1,
  0 0 1,0 0 1,
  0 0 1,0 0 1,
  0 0 1,0 0 1,
  0 0 1,0 0 1,
  0 0 1,0 0 1,
  0 0 1,0 0 1,
  0 0 1,0 0 1,
  0 0 1,0 0 1,
  0 0 1,0 0 1,
  0 0 1,0 0 1,
  0 0 1,0 0 1,
  0 0 1,0 0 1,
  0 0 1,0 0 1,
  0 0 1,0 0 1,
  0 0 1,0 0 1,
  0 0 1,0 0 1,
  0 0 1,0 0 1,
  0 0 1,0 0 1,
  0 0 1,0 0 1,
  0 0 1,0 0 1,
  0 0 1,0 0 1,
  0 0 1,0 0 1,
  0 0 1,0 0 1,
  0 0 1,0 0 1,
  0 0 1,0 0 1,
  0 0 1,0 0 1,
  0 0 1,0 0 1,
  0 0 1,0 0 1,
  0 0 1,0 0 1,
  0 0 1,0 0 1,
  0 0 1,0 0 1,
  0 0 1,0 0 1,
  0 0 1,0 0 1,
  0 0 1,0 0 1,
  0 0 1,0 0 1,
  0 0 1,0 0 1,
  0 0 1,0 0 1,
  0 0 1,0 0 1,
  0 0 1,0 0 1,
  0 0 1,0 0 1,
  0 0 1,0 0 1,
  0 0 1,0 0 1,
  0 0 1,0 0 1,
  0 0 1,0 0 1,
  0 0 1,0 0 1,
  0 0 1,0 0 1,
  0 0 1,0 0 1,
  0 0 1,0 0 1,
  0 0 1,0 0 1,
  0 0 1,0 0 1,
  0 0 1,0 0 1,
  0 0 1,0 0 1,
  0 0 1,0 0 1,
  0 0 1,0 0 1,
  0 0 1,0 0 1,
  0 0 1,0 0 1,
  0 0 1,0 0 1,
  0 0 1,0 0 1,
  0 0 1,0 0 1,
  0 0 1,0 0 1,
  0 0 1,0 0 1,
  0 0 1,0 0 1,
  0 0 1,0 0 1,
  0 0 1,0 0 1,
  0 0 1,0 0 1,
  0 0 1,0 0 1,
  0 0 1,0 0 1,
  0 0 1,0 0 1,
  0 0 1,0 0 1,
  0 0 1,0 0 1,
  0 0 1,0 0 1,
  0 0 1,0 0 1,
  0 0 1,0 0 1,
  0 0 1,0 0 1,
  0 0 1,0 0 1,
  0 0 1,0 0 1,
  0 0 1,0 0 1,
  0 0 1,0 0 1,
  0 0 1,0 0 1,
  0 0 1,0 0 1,
  0 0 1,0 0 1,
  0 0 1,0 0 1,
  0 0 1,0 0 1,
  0 0 1,0 0 1,
  0 0 1,0 0 1,
  0 0 1,0 0 1,
  0 0 1,0 0 1,
  0 0 1,0 0 1,
  0 0 1,0 0 1,
  0 0 1,0 0 1,
  0 0 1,0 0 1,
  0 0 1,0 0 1,
  0 0 1,0 0 1,
  0 0 1,0 0 1,
  0 0 1,0 0 1,
  0 0 1,0 0 1,
  0 0 1,0 0 1,
  0 0 1,0 0 1,
  0 0 1,0 0 1,
  0 0 1,0 0 1,
  0 0 1,0 0 1,
  0 0 1,0 0 1,
  0 0 1,0 0 1,
  0 0 1,0 0 1,
  0 0 1,0 0 1,
  0 0 1,0 0 1,
  0 0 1,0 0 1,
  0 0 1,0 0 1,
  0 0 1,0 0 1,
  0 0 1,0 0 1,
  0 0 1,0 0 1,
  0 0 1,0 0 1,
  0 0 1,0 0 1,
  0 0 1,0 0 1,
  0 0 1,0 0 1,
  0 0 1,0 0 1,
  0 0 1,0 0 1] }
}
}
] }
DEF TXFM_6 Transform {
  center 0 0 0
  rotation 0 0 1 0
  scale 1 1 1
  scaleOrientation 0 0 1 0
  translation 0 0 0
 children [
DEF SHAPE_6 Shape {
 appearance USE APP_2
 geometry DEF FACE_6 IndexedFaceSet {
  coord DEF COORD_6 Coordinate { point [
  0.93011811 4.3464567 -0.31496063,0.93011811 3.9074803 -0.31496063,
  6.7765748 3.9074803 -0.31496063,6.875 3.9074803 -0.31496063,
  6.875 5.9448819 -0.31496063,6.7765748 5.9448819 -0.31496063,
  6.7765748 4.0059055 -0.31496063,1.0285433 4.0059055 -0.31496063,
  1.0285433 4.3464567 -0.31496063,13.051181 0.6928378 -0.31496063,
  13.012635 0.70686693 -0.31496063,12.971617 0.70686693 -0.31496063,
  12.933071 0.6928378 -0.31496063,12.901648 0.66647087 -0.31496063,
  12.881139 0.63094724 -0.31496063,12.874016 0.59055118 -0.31496063,
  12.881139 0.55015512 -0.31496063,12.901648 0.5146315 -0.31496063,
  12.933071 0.48826457 -0.31496063,12.971617 0.47423543 -0.31496063,
  13.012635 0.47423543 -0.31496063,13.051181 0.48826457 -0.31496063,
  13.082604 0.5146315 -0.31496063,13.103113 0.55015512 -0.31496063,
  13.110236 0.59055118 -0.31496063,13.103113 0.63094724 -0.31496063,
  13.082604 0.66647087 -0.31496063,13.051181 0.59055118 -0.31496063,
  13.04762 0.57035314 -0.31496063,13.037365 0.55259128 -0.31496063,
  13.021654 0.53940795 -0.31496063,13.002381 0.53239324 -0.31496063,
  12.981871 0.53239324 -0.31496063,12.962598 0.53940795 -0.31496063,
  12.946887 0.55259128 -0.31496063,12.936632 0.57035314 -0.31496063,
  12.933071 0.59055118 -0.31496063,12.936632 0.61074922 -0.31496063,
  12.946887 0.62851108 -0.31496063,12.962598 0.64169441 -0.31496063,
  12.981871 0.64870912 -0.31496063,13.002381 0.64870912 -0.31496063,
  13.021654 0.64169441 -0.31496063,13.037365 0.62851108 -0.31496063,
  13.04762 0.61074922 -0.31496063,6.5501969 7.726378 -0.31496063,
  1.0285433 7.726378 -0.31496063,0.93011811 7.726378 -0.31496063,
  0.93011811 5.2913386 -0.31496063,1.0285433 5.2913386 -0.31496063,
  1.0285433 7.6279528 -0.31496063,6.5501969 7.6279528 -0.31496063,
  8.6031185 6.282287 -0.31496063,8.6023622 6.2746063 -0.31496063,
  8.6023622 5.871063 -0.31496063,8.6031185 5.8633823 -0.31496063,
  8.6031185 5.858461 -0.31496063,8.6089972 5.8442689 -0.31496063,
  8.6198594 5.8334067 -0.31496063,8.6340516 5.827528 -0.31496063,
  8.6417323 5.8267717 -0.31496063,12.224409 5.8267717 -0.31496063,
  12.23209 5.827528 -0.31496063,12.246282 5.8334067 -0.31496063,
  12.257144 5.8442689 -0.31496063,12.263023 5.858461 -0.31496063,
  12.263023 5.8738224 -0.31496063,12.257144 5.8880146 -0.31496063,
  12.246282 5.8988768 -0.31496063,12.23209 5.9047555 -0.31496063,
  12.224409 5.9055118 -0.31496063,8.6811024 5.9055118 -0.31496063,
  8.6811024 6.2746063 -0.31496063,8.6803461 6.282287 -0.31496063,
  8.6744673 6.2964791 -0.31496063,8.6636051 6.3073413 -0.31496063,
  8.649413 6.3132201 -0.31496063,8.6340516 6.3132201 -0.31496063,
  8.6198594 6.3073413 -0.31496063,8.6089972 6.2964791 -0.31496063,
  12.263023 7.0942949 -0.31496063,12.257144 7.108487 -0.31496063,
  12.246282 7.1193492 -0.31496063,12.23209 7.125228 -0.31496063,
  12.224409 7.1259843 -0.31496063,8.6417323 7.1259843 -0.31496063,
  8.6340516 7.125228 -0.31496063,8.6198594 7.1193492 -0.31496063,
  8.6089972 7.108487 -0.31496063,8.6031185 7.0942949 -0.31496063,
  8.6031185 7.0789335 -0.31496063,8.6089972 7.0647413 -0.31496063,
  8.6198594 7.0538791 -0.31496063,8.6340516 7.0480004 -0.31496063,
  8.6417323 7.0472441 -0.31496063,12.224409 7.0472441 -0.31496063,
  12.23209 7.0480004 -0.31496063,12.246282 7.0538791 -0.31496063,
  12.257144 7.0647413 -0.31496063,12.263023 7.0789335 -0.31496063,
  13.051181 7.5826016 -0.31496063,13.012635 7.5966307 -0.31496063,
  12.971617 7.5966307 -0.31496063,12.933071 7.5826016 -0.31496063,
  12.901648 7.5562346 -0.31496063,12.881139 7.520711 -0.31496063,
  12.874016 7.480315 -0.31496063,12.881139 7.4399189 -0.31496063,
  12.901648 7.4043953 -0.31496063,12.933071 7.3780283 -0.31496063,
  12.971617 7.3639992 -0.31496063,13.012635 7.3639992 -0.31496063,
  13.051181 7.3780283 -0.31496063,13.082604 7.4043953 -0.31496063,
  13.103113 7.4399189 -0.31496063,13.110236 7.480315 -0.31496063,
  13.103113 7.520711 -0.31496063,13.082604 7.5562346 -0.31496063,
  13.051181 7.480315 -0.31496063,13.051181 7.480315 -0.31496063,
  13.04762 7.4601169 -0.31496063,13.037365 7.4423551 -0.31496063,
  13.021654 7.4291717 -0.31496063,13.002381 7.422157 -0.31496063,
  12.981871 7.422157 -0.31496063,12.962598 7.4291717 -0.31496063,
  12.946887 7.4423551 -0.31496063,12.936632 7.4601169 -0.31496063,
  12.933071 7.480315 -0.31496063,12.936632 7.500513 -0.31496063,
  12.946887 7.5182749 -0.31496063,12.962598 7.5314582 -0.31496063,
  12.981871 7.5384729 -0.31496063,13.002381 7.5384729 -0.31496063,
  13.021654 7.5314582 -0.31496063,13.037365 7.5182749 -0.31496063,
  13.04762 7.500513 -0.31496063,3.4094488 10.090551 -0.31496063,
  3.4094488 8.3582677 -0.31496063,3.8818898 8.3582677 -0.31496063,
  3.8818898 8.4370079 -0.31496063,3.488189 8.4370079 -0.31496063,
  3.488189 10.090551 -0.31496063,7.5826772 8.4370079 -0.31496063,
  4.9055118 8.4370079 -0.31496063,4.9055118 8.3582677 -0.31496063,
  7.5826772 8.3582677 -0.31496063,8.8425197 8.3582677 -0.31496063,
  8.8425197 12.295276 -0.31496063,7.2677165 12.295276 -0.31496063,
  7.2677165 12.216535 -0.31496063,8.7637795 12.216535 -0.31496063,
  8.7637795 8.4370079 -0.31496063,8.1338583 8.4370079 -0.31496063,
  8.1338583 8.3582677 -0.31496063,8.7637795 8.3582677 -0.31496063,
  6.7165354 12.295276 -0.31496063,4.0393701 12.295276 -0.31496063,
  4.0393701 12.216535 -0.31496063,6.7165354 12.216535 -0.31496063,
  0.53149606 0.6928378 -0.31496063,0.50007362 0.66647087 -0.31496063,
  0.47956378 0.63094724 -0.31496063,0.47244094 0.59055118 -0.31496063,
  0.47956378 0.55015512 -0.31496063,0.50007362 0.5146315 -0.31496063,
  0.53149606 0.48826457 -0.31496063,0.57004173 0.47423543 -0.31496063,
  0.61106063 0.47423543 -0.31496063,0.6496063 0.48826457 -0.31496063,
  0.68102874 0.5146315 -0.31496063,0.70153858 0.55015512 -0.31496063,
  0.70866142 0.59055118 -0.31496063,0.70153858 0.63094724 -0.31496063,
  0.68102874 0.66647087 -0.31496063,0.6496063 0.6928378 -0.31496063,
  0.61106063 0.70686693 -0.31496063,0.57004173 0.70686693 -0.31496063,
  0.53149606 0.59055118 -0.31496063,0.53505752 0.61074922 -0.31496063,
  0.54531234 0.62851108 -0.31496063,0.56102362 0.64169441 -0.31496063,
  0.58029637 0.64870912 -0.31496063,0.60080599 0.64870912 -0.31496063,
  0.62007874 0.64169441 -0.31496063,0.63579003 0.62851108 -0.31496063,
  0.64604484 0.61074922 -0.31496063,0.6496063 0.59055118 -0.31496063,
  0.64604484 0.57035314 -0.31496063,0.63579003 0.55259128 -0.31496063,
  0.62007874 0.53940795 -0.31496063,0.60080599 0.53239324 -0.31496063,
  0.58029637 0.53239324 -0.31496063,0.56102362 0.53940795 -0.31496063,
  0.54531234 0.55259128 -0.31496063,0.53505752 0.57035314 -0.31496063,
  3.7520421 12.253085 -0.31496063,3.7315323 12.217561 -0.31496063,
  3.7244094 12.177165 -0.31496063,3.7315323 12.136769 -0.31496063,
  3.7520421 12.101246 -0.31496063,3.7834646 12.074879 -0.31496063,
  3.8220102 12.06085 -0.31496063,3.8630291 12.06085 -0.31496063,
  3.9015748 12.074879 -0.31496063,3.9329972 12.101246 -0.31496063,
  3.9535071 12.136769 -0.31496063,3.9606299 12.177165 -0.31496063,
  3.9535071 12.217561 -0.31496063,3.9329972 12.253085 -0.31496063,
  3.9015748 12.279452 -0.31496063,3.8630291 12.293481 -0.31496063,
  3.8220102 12.293481 -0.31496063,3.7834646 12.279452 -0.31496063,
  3.7814961 12.177165 -0.31496063,3.7861412 12.200518 -0.31496063,
  3.7993695 12.220316 -0.31496063,3.819167 12.233544 -0.31496063,
  3.8425197 12.238189 -0.31496063,3.8658724 12.233544 -0.31496063,
  3.8856699 12.220316 -0.31496063,3.8988982 12.200518 -0.31496063,
  3.9035433 12.177165 -0.31496063,3.8988982 12.153813 -0.31496063,
  3.8856699 12.134015 -0.31496063,3.8658724 12.120787 -0.31496063,
  3.8425197 12.116142 -0.31496063,3.819167 12.120787 -0.31496063,
  3.7993695 12.134015 -0.31496063,3.7861412 12.153813 -0.31496063,
  6.8265248 12.20485 -0.31496063,6.8032496 12.153884 -0.31496063,
  6.7952756 12.098425 -0.31496063,6.8032496 12.042966 -0.31496063,
  6.8265248 11.992 -0.31496063,6.8632165 11.949656 -0.31496063,
  6.9103512 11.919364 -0.31496063,6.9641114 11.903578 -0.31496063,
  7.0201406 11.903578 -0.31496063,7.0739008 11.919364 -0.31496063,
  7.1210354 11.949656 -0.31496063,7.1577272 11.992 -0.31496063,
  7.1810024 12.042966 -0.31496063,7.1889764 12.098425 -0.31496063,
  7.1810024 12.153884 -0.31496063,7.1577272 12.20485 -0.31496063,
  7.1210354 12.247195 -0.31496063,7.0739008 12.277487 -0.31496063,
  7.0201406 12.293272 -0.31496063,6.9641114 12.293272 -0.31496063,
  6.9103512 12.277487 -0.31496063,6.8632165 12.247195 -0.31496063,
  6.8523622 12.098425 -0.31496063,6.8630011 12.15191 -0.31496063,
  6.8932981 12.197253 -0.31496063,6.9386407 12.22755 -0.31496063,
  6.992126 12.238189 -0.31496063,7.0456113 12.22755 -0.31496063,
  7.0909539 12.197253 -0.31496063,7.1212509 12.15191 -0.31496063,
  7.1318898 12.098425 -0.31496063,7.1212509 12.04494 -0.31496063,
  7.0909539 11.999597 -0.31496063,7.0456113 11.9693 -0.31496063,
  6.992126 11.958661 -0.31496063,6.9386407 11.9693 -0.31496063,
  6.8932981 11.999597 -0.31496063,6.8630011 12.04494 -0.31496063,
  3.9918791 8.6615433 -0.31496063,3.9686039 8.6105772 -0.31496063,
  3.9606299 8.5551181 -0.31496063,3.9686039 8.4996591 -0.31496063,
  3.9918791 8.4486929 -0.31496063,4.0285709 8.4063484 -0.31496063,
  4.0757055 8.3760567 -0.31496063,4.1294657 8.3602713 -0.31496063,
  4.1854949 8.3602713 -0.31496063,4.2392551 8.3760567 -0.31496063,
  4.2863898 8.4063484 -0.31496063,4.3230815 8.4486929 -0.31496063,
  4.3463567 8.4996591 -0.31496063,4.3543307 8.5551181 -0.31496063,
  4.3463567 8.6105772 -0.31496063,4.3230815 8.6615433 -0.31496063,
  4.2863898 8.7038878 -0.31496063,4.2392551 8.7341795 -0.31496063,
  4.1854949 8.749965 -0.31496063,4.1294657 8.749965 -0.31496063,
  4.0757055 8.7341795 -0.31496063,4.0285709 8.7038878 -0.31496063,
  4.0177165 8.5551181 -0.31496063,4.0283554 8.6086034 -0.31496063,
  4.0586524 8.653946 -0.31496063,4.103995 8.684243 -0.31496063,
  4.1574803 8.6948819 -0.31496063,4.2109656 8.684243 -0.31496063,
  4.2563082 8.653946 -0.31496063,4.2866052 8.6086034 -0.31496063,
  4.2972441 8.5551181 -0.31496063,4.2866052 8.5016328 -0.31496063,
  4.2563082 8.4562902 -0.31496063,4.2109656 8.4259932 -0.31496063,
  4.1574803 8.4153543 -0.31496063,4.103995 8.4259932 -0.31496063,
  4.0586524 8.4562902 -0.31496063,4.0283554 8.5016328 -0.31496063,
  4.4643201 8.6615433 -0.31496063,4.4410449 8.6105772 -0.31496063,
  4.4330709 8.5551181 -0.31496063,4.4410449 8.4996591 -0.31496063,
  4.4643201 8.4486929 -0.31496063,4.5010118 8.4063484 -0.31496063,
  4.5481465 8.3760567 -0.31496063,4.6019067 8.3602713 -0.31496063,
  4.6579358 8.3602713 -0.31496063,4.7116961 8.3760567 -0.31496063,
  4.7588307 8.4063484 -0.31496063,4.7955224 8.4486929 -0.31496063,
  4.8187976 8.4996591 -0.31496063,4.8267717 8.5551181 -0.31496063,
  4.8187976 8.6105772 -0.31496063,4.7955224 8.6615433 -0.31496063,
  4.7588307 8.7038878 -0.31496063,4.7116961 8.7341795 -0.31496063,
  4.6579358 8.749965 -0.31496063,4.6019067 8.749965 -0.31496063,
  4.5481465 8.7341795 -0.31496063,4.5010118 8.7038878 -0.31496063,
  4.4901575 8.5551181 -0.31496063,4.5007964 8.6086034 -0.31496063,
  4.5310933 8.653946 -0.31496063,4.576436 8.684243 -0.31496063,
  4.6299213 8.6948819 -0.31496063,4.6834065 8.684243 -0.31496063,
  4.7287492 8.653946 -0.31496063,4.7590462 8.6086034 -0.31496063,
  4.769685 8.5551181 -0.31496063,4.7590462 8.5016328 -0.31496063,
  4.7287492 8.4562902 -0.31496063,4.6834065 8.4259932 -0.31496063,
  4.6299213 8.4153543 -0.31496063,4.576436 8.4259932 -0.31496063,
  4.5310933 8.4562902 -0.31496063,4.5007964 8.5016328 -0.31496063,
  7.6926665 8.6615433 -0.31496063,7.6693913 8.6105772 -0.31496063,
  7.6614173 8.5551181 -0.31496063,7.6693913 8.4996591 -0.31496063,
  7.6926665 8.4486929 -0.31496063,7.7293583 8.4063484 -0.31496063,
  7.7764929 8.3760567 -0.31496063,7.8302531 8.3602713 -0.31496063,
  7.8862823 8.3602713 -0.31496063,7.9400425 8.3760567 -0.31496063,
  7.9871772 8.4063484 -0.31496063,8.0238689 8.4486929 -0.31496063,
  8.0471441 8.4996591 -0.31496063,8.0551181 8.5551181 -0.31496063,
  8.0471441 8.6105772 -0.31496063,8.0238689 8.6615433 -0.31496063,
  7.9871772 8.7038878 -0.31496063,7.9400425 8.7341795 -0.31496063,
  7.8862823 8.749965 -0.31496063,7.8302531 8.749965 -0.31496063,
  7.7764929 8.7341795 -0.31496063,7.7293583 8.7038878 -0.31496063,
  7.7185039 8.5551181 -0.31496063,7.7291428 8.6086034 -0.31496063,
  7.7594398 8.653946 -0.31496063,7.8047824 8.684243 -0.31496063,
  7.8582677 8.6948819 -0.31496063,7.911753 8.684243 -0.31496063,
  7.9570956 8.653946 -0.31496063,7.9873926 8.6086034 -0.31496063,
  7.9980315 8.5551181 -0.31496063,7.9873926 8.5016328 -0.31496063,
  7.9570956 8.4562902 -0.31496063,7.911753 8.4259932 -0.31496063,
  7.8582677 8.4153543 -0.31496063,7.8047824 8.4259932 -0.31496063,
  7.7594398 8.4562902 -0.31496063,7.7291428 8.5016328 -0.31496063,
  3.4370815 12.253085 -0.31496063,3.4165717 12.217561 -0.31496063,
  3.4094488 12.177165 -0.31496063,3.4165717 12.136769 -0.31496063,
  3.4370815 12.101246 -0.31496063,3.4685039 12.074879 -0.31496063,
  3.5070496 12.06085 -0.31496063,3.5480685 12.06085 -0.31496063,
  3.5866142 12.074879 -0.31496063,3.6180366 12.101246 -0.31496063,
  3.6385465 12.136769 -0.31496063,3.6456693 12.177165 -0.31496063,
  3.6385465 12.217561 -0.31496063,3.6180366 12.253085 -0.31496063,
  3.5866142 12.279452 -0.31496063,3.5480685 12.293481 -0.31496063,
  3.5070496 12.293481 -0.31496063,3.4685039 12.279452 -0.31496063,
  3.4665354 12.177165 -0.31496063,3.4711806 12.200518 -0.31496063,
  3.4844088 12.220316 -0.31496063,3.5042063 12.233544 -0.31496063,
  3.5275591 12.238189 -0.31496063,3.5509118 12.233544 -0.31496063,
  3.5707093 12.220316 -0.31496063,3.5839375 12.200518 -0.31496063,
  3.5885827 12.177165 -0.31496063,3.5839375 12.153813 -0.31496063,
  3.5707093 12.134015 -0.31496063,3.5509118 12.120787 -0.31496063,
  3.5275591 12.116142 -0.31496063,3.5042063 12.120787 -0.31496063,
  3.4844088 12.134015 -0.31496063,3.4711806 12.153813 -0.31496063,
  3.4370815 11.938124 -0.31496063,3.4165717 11.902601 -0.31496063,
  3.4094488 11.862205 -0.31496063,3.4165717 11.821809 -0.31496063,
  3.4370815 11.786285 -0.31496063,3.4685039 11.759918 -0.31496063,
  3.5070496 11.745889 -0.31496063,3.5480685 11.745889 -0.31496063,
  3.5866142 11.759918 -0.31496063,3.6180366 11.786285 -0.31496063,
  3.6385465 11.821809 -0.31496063,3.6456693 11.862205 -0.31496063,
  3.6385465 11.902601 -0.31496063,3.6180366 11.938124 -0.31496063,
  3.5866142 11.964491 -0.31496063,3.5480685 11.97852 -0.31496063,
  3.5070496 11.97852 -0.31496063,3.4685039 11.964491 -0.31496063,
  3.4665354 11.862205 -0.31496063,3.4711806 11.885557 -0.31496063,
  3.4844088 11.905355 -0.31496063,3.5042063 11.918583 -0.31496063,
  3.5275591 11.923228 -0.31496063,3.5509118 11.918583 -0.31496063,
  3.5707093 11.905355 -0.31496063,3.5839375 11.885557 -0.31496063,
  3.5885827 11.862205 -0.31496063,3.5839375 11.838852 -0.31496063,
  3.5707093 11.819055 -0.31496063,3.5509118 11.805826 -0.31496063,
  3.5275591 11.801181 -0.31496063,3.5042063 11.805826 -0.31496063,
  3.4844088 11.819055 -0.31496063,3.4711806 11.838852 -0.31496063,
  3.4370815 11.623164 -0.31496063,3.4165717 11.58764 -0.31496063,
  3.4094488 11.547244 -0.31496063,3.4165717 11.506848 -0.31496063,
  3.4370815 11.471324 -0.31496063,3.4685039 11.444957 -0.31496063,
  3.5070496 11.430928 -0.31496063,3.5480685 11.430928 -0.31496063,
  3.5866142 11.444957 -0.31496063,3.6180366 11.471324 -0.31496063,
  3.6385465 11.506848 -0.31496063,3.6456693 11.547244 -0.31496063,
  3.6385465 11.58764 -0.31496063,3.6180366 11.623164 -0.31496063,
  3.5866142 11.649531 -0.31496063,3.5480685 11.66356 -0.31496063,
  3.5070496 11.66356 -0.31496063,3.4685039 11.649531 -0.31496063,
  3.4665354 11.547244 -0.31496063,3.4711806 11.570597 -0.31496063,
  3.4844088 11.590394 -0.31496063,3.5042063 11.603623 -0.31496063,
  3.5275591 11.608268 -0.31496063,3.5509118 11.603623 -0.31496063,
  3.5707093 11.590394 -0.31496063,3.5839375 11.570597 -0.31496063,
  3.5885827 11.547244 -0.31496063,3.5839375 11.523891 -0.31496063,
  3.5707093 11.504094 -0.31496063,3.5509118 11.490866 -0.31496063,
  3.5275591 11.48622 -0.31496063,3.5042063 11.490866 -0.31496063,
  3.4844088 11.504094 -0.31496063,3.4711806 11.523891 -0.31496063,
  3.4370815 11.308203 -0.31496063,3.4165717 11.27268 -0.31496063,
  3.4094488 11.232283 -0.31496063,3.4165717 11.191887 -0.31496063,
  3.4370815 11.156364 -0.31496063,3.4685039 11.129997 -0.31496063,
  3.5070496 11.115968 -0.31496063,3.5480685 11.115968 -0.31496063,
  3.5866142 11.129997 -0.31496063,3.6180366 11.156364 -0.31496063,
  3.6385465 11.191887 -0.31496063,3.6456693 11.232283 -0.31496063,
  3.6385465 11.27268 -0.31496063,3.6180366 11.308203 -0.31496063,
  3.5866142 11.33457 -0.31496063,3.5480685 11.348599 -0.31496063,
  3.5070496 11.348599 -0.31496063,3.4685039 11.33457 -0.31496063,
  3.4665354 11.232283 -0.31496063,3.4711806 11.255636 -0.31496063,
  3.4844088 11.275434 -0.31496063,3.5042063 11.288662 -0.31496063,
  3.5275591 11.293307 -0.31496063,3.5509118 11.288662 -0.31496063,
  3.5707093 11.275434 -0.31496063,3.5839375 11.255636 -0.31496063,
  3.5885827 11.232283 -0.31496063,3.5839375 11.208931 -0.31496063,
  3.5707093 11.189133 -0.31496063,3.5509118 11.175905 -0.31496063,
  3.5275591 11.17126 -0.31496063,3.5042063 11.175905 -0.31496063,
  3.4844088 11.189133 -0.31496063,3.4711806 11.208931 -0.31496063,
  3.4370815 10.993243 -0.31496063,3.4165717 10.957719 -0.31496063,
  3.4094488 10.917323 -0.31496063,3.4165717 10.876927 -0.31496063,
  3.4370815 10.841403 -0.31496063,3.4685039 10.815036 -0.31496063,
  3.5070496 10.801007 -0.31496063,3.5480685 10.801007 -0.31496063,
  3.5866142 10.815036 -0.31496063,3.6180366 10.841403 -0.31496063,
  3.6385465 10.876927 -0.31496063,3.6456693 10.917323 -0.31496063,
  3.6385465 10.957719 -0.31496063,3.6180366 10.993243 -0.31496063,
  3.5866142 11.019609 -0.31496063,3.5480685 11.033639 -0.31496063,
  3.5070496 11.033639 -0.31496063,3.4685039 11.019609 -0.31496063,
  3.4665354 10.917323 -0.31496063,3.4711806 10.940676 -0.31496063,
  3.4844088 10.960473 -0.31496063,3.5042063 10.973701 -0.31496063,
  3.5275591 10.978346 -0.31496063,3.5509118 10.973701 -0.31496063,
  3.5707093 10.960473 -0.31496063,3.5839375 10.940676 -0.31496063,
  3.5885827 10.917323 -0.31496063,3.5839375 10.89397 -0.31496063,
  3.5707093 10.874173 -0.31496063,3.5509118 10.860944 -0.31496063,
  3.5275591 10.856299 -0.31496063,3.5042063 10.860944 -0.31496063,
  3.4844088 10.874173 -0.31496063,3.4711806 10.89397 -0.31496063,
  3.4370815 10.678282 -0.31496063,3.4165717 10.642758 -0.31496063,
  3.4094488 10.602362 -0.31496063,3.4165717 10.561966 -0.31496063,
  3.4370815 10.526443 -0.31496063,3.4685039 10.500076 -0.31496063,
  3.5070496 10.486046 -0.31496063,3.5480685 10.486046 -0.31496063,
  3.5866142 10.500076 -0.31496063,3.6180366 10.526443 -0.31496063,
  3.6385465 10.561966 -0.31496063,3.6456693 10.602362 -0.31496063,
  3.6385465 10.642758 -0.31496063,3.6180366 10.678282 -0.31496063,
  3.5866142 10.704649 -0.31496063,3.5480685 10.718678 -0.31496063,
  3.5070496 10.718678 -0.31496063,3.4685039 10.704649 -0.31496063,
  3.4665354 10.602362 -0.31496063,3.4711806 10.625715 -0.31496063,
  3.4844088 10.645512 -0.31496063,3.5042063 10.658741 -0.31496063,
  3.5275591 10.663386 -0.31496063,3.5509118 10.658741 -0.31496063,
  3.5707093 10.645512 -0.31496063,3.5839375 10.625715 -0.31496063,
  3.5885827 10.602362 -0.31496063,3.5839375 10.579009 -0.31496063,
  3.5707093 10.559212 -0.31496063,3.5509118 10.545984 -0.31496063,
  3.5275591 10.541339 -0.31496063,3.5042063 10.545984 -0.31496063,
  3.4844088 10.559212 -0.31496063,3.4711806 10.579009 -0.31496063,
  3.4370815 10.363321 -0.31496063,3.4165717 10.327798 -0.31496063,
  3.4094488 10.287402 -0.31496063,3.4165717 10.247006 -0.31496063,
  3.4370815 10.211482 -0.31496063,3.4685039 10.185115 -0.31496063,
  3.5070496 10.171086 -0.31496063,3.5480685 10.171086 -0.31496063,
  3.5866142 10.185115 -0.31496063,3.6180366 10.211482 -0.31496063,
  3.6385465 10.247006 -0.31496063,3.6456693 10.287402 -0.31496063,
  3.6385465 10.327798 -0.31496063,3.6180366 10.363321 -0.31496063,
  3.5866142 10.389688 -0.31496063,3.5480685 10.403717 -0.31496063,
  3.5070496 10.403717 -0.31496063,3.4685039 10.389688 -0.31496063,
  3.4665354 10.287402 -0.31496063,3.4711806 10.310754 -0.31496063,
  3.4844088 10.330552 -0.31496063,3.5042063 10.34378 -0.31496063,
  3.5275591 10.348425 -0.31496063,3.5509118 10.34378 -0.31496063,
  3.5707093 10.330552 -0.31496063,3.5839375 10.310754 -0.31496063,
  3.5885827 10.287402 -0.31496063,3.5839375 10.264049 -0.31496063,
  3.5707093 10.244251 -0.31496063,3.5509118 10.231023 -0.31496063,
  3.5275591 10.226378 -0.31496063,3.5042063 10.231023 -0.31496063,
  3.4844088 10.244251 -0.31496063,3.4711806 10.264049 -0.31496063,
  12.055192 6.9263134 -0.31496063,12.034682 6.8907898 -0.31496063,
  12.027559 6.8503937 -0.31496063,12.034682 6.8099976 -0.31496063,
  12.055192 6.774474 -0.31496063,12.086614 6.7481071 -0.31496063,
  12.12516 6.734078 -0.31496063,12.166179 6.734078 -0.31496063,
  12.204724 6.7481071 -0.31496063,12.236147 6.774474 -0.31496063,
  12.256657 6.8099976 -0.31496063,12.26378 6.8503937 -0.31496063,
  12.256657 6.8907898 -0.31496063,12.236147 6.9263134 -0.31496063,
  12.204724 6.9526803 -0.31496063,12.166179 6.9667094 -0.31496063,
  12.12516 6.9667094 -0.31496063,12.086614 6.9526803 -0.31496063,
  12.084646 6.8503937 -0.31496063,12.089291 6.8737464 -0.31496063,
  12.102519 6.8935439 -0.31496063,12.122317 6.9067722 -0.31496063,
  12.145669 6.9114173 -0.31496063,12.169022 6.9067722 -0.31496063,
  12.18882 6.8935439 -0.31496063,12.202048 6.8737464 -0.31496063,
  12.206693 6.8503937 -0.31496063,12.202048 6.827041 -0.31496063,
  12.18882 6.8072435 -0.31496063,12.169022 6.7940152 -0.31496063,
  12.145669 6.7893701 -0.31496063,12.122317 6.7940152 -0.31496063,
  12.102519 6.8072435 -0.31496063,12.089291 6.827041 -0.31496063,
  12.055192 6.5522976 -0.31496063,12.034682 6.516774 -0.31496063,
  12.027559 6.476378 -0.31496063,12.034682 6.4359819 -0.31496063,
  12.055192 6.4004583 -0.31496063,12.086614 6.3740913 -0.31496063,
  12.12516 6.3600622 -0.31496063,12.166179 6.3600622 -0.31496063,
  12.204724 6.3740913 -0.31496063,12.236147 6.4004583 -0.31496063,
  12.256657 6.4359819 -0.31496063,12.26378 6.476378 -0.31496063,
  12.256657 6.516774 -0.31496063,12.236147 6.5522976 -0.31496063,
  12.204724 6.5786646 -0.31496063,12.166179 6.5926937 -0.31496063,
  12.12516 6.5926937 -0.31496063,12.086614 6.5786646 -0.31496063,
  12.084646 6.476378 -0.31496063,12.089291 6.4997307 -0.31496063,
  12.102519 6.5195282 -0.31496063,12.122317 6.5327564 -0.31496063,
  12.145669 6.5374016 -0.31496063,12.169022 6.5327564 -0.31496063,
  12.18882 6.5195282 -0.31496063,12.202048 6.4997307 -0.31496063,
  12.206693 6.476378 -0.31496063,12.202048 6.4530252 -0.31496063,
  12.18882 6.4332277 -0.31496063,12.169022 6.4199995 -0.31496063,
  12.145669 6.4153543 -0.31496063,12.122317 6.4199995 -0.31496063,
  12.102519 6.4332277 -0.31496063,12.089291 6.4530252 -0.31496063,
  12.055192 6.1782827 -0.31496063,12.034682 6.1427591 -0.31496063,
  12.027559 6.102363 -0.31496063,12.034682 6.0619669 -0.31496063,
  12.055192 6.0264433 -0.31496063,12.086614 6.0000764 -0.31496063,
  12.12516 5.9860472 -0.31496063,12.166179 5.9860472 -0.31496063,
  12.204724 6.0000764 -0.31496063,12.236147 6.0264433 -0.31496063,
  12.256657 6.0619669 -0.31496063,12.26378 6.102363 -0.31496063,
  12.256657 6.1427591 -0.31496063,12.236147 6.1782827 -0.31496063,
  12.204724 6.2046496 -0.31496063,12.166179 6.2186787 -0.31496063,
  12.12516 6.2186787 -0.31496063,12.086614 6.2046496 -0.31496063,
  12.084646 6.102363 -0.31496063,12.089291 6.1257157 -0.31496063,
  12.102519 6.1455132 -0.31496063,12.122317 6.1587415 -0.31496063,
  12.145669 6.1633866 -0.31496063,12.169022 6.1587415 -0.31496063,
  12.18882 6.1455132 -0.31496063,12.202048 6.1257157 -0.31496063,
  12.206693 6.102363 -0.31496063,12.202048 6.0790103 -0.31496063,
  12.18882 6.0592128 -0.31496063,12.169022 6.0459845 -0.31496063,
  12.145669 6.0413394 -0.31496063,12.122317 6.0459845 -0.31496063,
  12.102519 6.0592128 -0.31496063,12.089291 6.0790103 -0.31496063,
  8.6299949 6.5719827 -0.31496063,8.609485 6.5364591 -0.31496063,
  8.6023622 6.496063 -0.31496063,8.609485 6.4556669 -0.31496063,
  8.6299949 6.4201433 -0.31496063,8.6614173 6.3937764 -0.31496063,
  8.699963 6.3797472 -0.31496063,8.7409819 6.3797472 -0.31496063,
  8.7795276 6.3937764 -0.31496063,8.81095 6.4201433 -0.31496063,
  8.8314598 6.4556669 -0.31496063,8.8385827 6.496063 -0.31496063,
  8.8314598 6.5364591 -0.31496063,8.81095 6.5719827 -0.31496063,
  8.7795276 6.5983496 -0.31496063,8.7409819 6.6123787 -0.31496063,
  8.699963 6.6123787 -0.31496063,8.6614173 6.5983496 -0.31496063,
  8.6594488 6.496063 -0.31496063,8.664094 6.5194157 -0.31496063,
  8.6773222 6.5392132 -0.31496063,8.6971197 6.5524415 -0.31496063,
  8.7204724 6.5570866 -0.31496063,8.7438252 6.5524415 -0.31496063,
  8.7636227 6.5392132 -0.31496063,8.7768509 6.5194157 -0.31496063,
  8.7814961 6.496063 -0.31496063,8.7768509 6.4727103 -0.31496063,
  8.7636227 6.4529128 -0.31496063,8.7438252 6.4396845 -0.31496063,
  8.7204724 6.4350394 -0.31496063,8.6971197 6.4396845 -0.31496063,
  8.6773222 6.4529128 -0.31496063,8.664094 6.4727103 -0.31496063,
  8.6299949 6.9263134 -0.31496063,8.609485 6.8907898 -0.31496063,
  8.6023622 6.8503937 -0.31496063,8.609485 6.8099976 -0.31496063,
  8.6299949 6.774474 -0.31496063,8.6614173 6.7481071 -0.31496063,
  8.699963 6.734078 -0.31496063,8.7409819 6.734078 -0.31496063,
  8.7795276 6.7481071 -0.31496063,8.81095 6.774474 -0.31496063,
  8.8314598 6.8099976 -0.31496063,8.8385827 6.8503937 -0.31496063,
  8.8314598 6.8907898 -0.31496063,8.81095 6.9263134 -0.31496063,
  8.7795276 6.9526803 -0.31496063,8.7409819 6.9667094 -0.31496063,
  8.699963 6.9667094 -0.31496063,8.6614173 6.9526803 -0.31496063,
  8.6594488 6.8503937 -0.31496063,8.664094 6.8737464 -0.31496063,
  8.6773222 6.8935439 -0.31496063,8.6971197 6.9067722 -0.31496063,
  8.7204724 6.9114173 -0.31496063,8.7438252 6.9067722 -0.31496063,
  8.7636227 6.8935439 -0.31496063,8.7768509 6.8737464 -0.31496063,
  8.7814961 6.8503937 -0.31496063,8.7768509 6.827041 -0.31496063,
  8.7636227 6.8072435 -0.31496063,8.7438252 6.7940152 -0.31496063,
  8.7204724 6.7893701 -0.31496063,8.6971197 6.7940152 -0.31496063,
  8.6773222 6.8072435 -0.31496063,8.664094 6.827041 -0.31496063,
  6.6565697 6.6900929 -0.31496063,6.6360598 6.6545693 -0.31496063,
  6.628937 6.6141732 -0.31496063,6.6360598 6.5737772 -0.31496063,
  6.6565697 6.5382535 -0.31496063,6.6879921 6.5118866 -0.31496063,
  6.7265378 6.4978575 -0.31496063,6.7675567 6.4978575 -0.31496063,
  6.8061024 6.5118866 -0.31496063,6.8375248 6.5382535 -0.31496063,
  6.8580346 6.5737772 -0.31496063,6.8651575 6.6141732 -0.31496063,
  6.8580346 6.6545693 -0.31496063,6.8375248 6.6900929 -0.31496063,
  6.8061024 6.7164598 -0.31496063,6.7675567 6.730489 -0.31496063,
  6.7265378 6.730489 -0.31496063,6.6879921 6.7164598 -0.31496063,
  6.6860236 6.6141732 -0.31496063,6.6906688 6.637526 -0.31496063,
  6.703897 6.6573234 -0.31496063,6.7236945 6.6705517 -0.31496063,
  6.7470472 6.6751969 -0.31496063,6.7704 6.6705517 -0.31496063,
  6.7901975 6.6573234 -0.31496063,6.8034257 6.637526 -0.31496063,
  6.8080709 6.6141732 -0.31496063,6.8034257 6.5908205 -0.31496063,
  6.7901975 6.571023 -0.31496063,6.7704 6.5577948 -0.31496063,
  6.7470472 6.5531496 -0.31496063,6.7236945 6.5577948 -0.31496063,
  6.703897 6.571023 -0.31496063,6.6906688 6.5908205 -0.31496063,
  6.6565697 6.217652 -0.31496063,6.6360598 6.1821283 -0.31496063,
  6.628937 6.1417323 -0.31496063,6.6360598 6.1013362 -0.31496063,
  6.6565697 6.0658126 -0.31496063,6.6879921 6.0394457 -0.31496063,
  6.7265378 6.0254165 -0.31496063,6.7675567 6.0254165 -0.31496063,
  6.8061024 6.0394457 -0.31496063,6.8375248 6.0658126 -0.31496063,
  6.8580346 6.1013362 -0.31496063,6.8651575 6.1417323 -0.31496063,
  6.8580346 6.1821283 -0.31496063,6.8375248 6.217652 -0.31496063,
  6.8061024 6.2440189 -0.31496063,6.7675567 6.258048 -0.31496063,
  6.7265378 6.258048 -0.31496063,6.6879921 6.2440189 -0.31496063,
  6.6860236 6.1417323 -0.31496063,6.6906688 6.165085 -0.31496063,
  6.703897 6.1848825 -0.31496063,6.7236945 6.1981108 -0.31496063,
  6.7470472 6.2027559 -0.31496063,6.7704 6.1981108 -0.31496063,
  6.7901975 6.1848825 -0.31496063,6.8034257 6.165085 -0.31496063,
  6.8080709 6.1417323 -0.31496063,6.8034257 6.1183796 -0.31496063,
  6.7901975 6.0985821 -0.31496063,6.7704 6.0853538 -0.31496063,
  6.7470472 6.0807087 -0.31496063,6.7236945 6.0853538 -0.31496063,
  6.703897 6.0985821 -0.31496063,6.6906688 6.1183796 -0.31496063,
  6.6565697 7.1625339 -0.31496063,6.6360598 7.1270102 -0.31496063,
  6.628937 7.0866142 -0.31496063,6.6360598 7.0462181 -0.31496063,
  6.6565697 7.0106945 -0.31496063,6.6879921 6.9843276 -0.31496063,
  6.7265378 6.9702984 -0.31496063,6.7675567 6.9702984 -0.31496063,
  6.8061024 6.9843276 -0.31496063,6.8375248 7.0106945 -0.31496063,
  6.8580346 7.0462181 -0.31496063,6.8651575 7.0866142 -0.31496063,
  6.8580346 7.1270102 -0.31496063,6.8375248 7.1625339 -0.31496063,
  6.8061024 7.1889008 -0.31496063,6.7675567 7.2029299 -0.31496063,
  6.7265378 7.2029299 -0.31496063,6.6879921 7.1889008 -0.31496063,
  6.6860236 7.0866142 -0.31496063,6.6906688 7.1099669 -0.31496063,
  6.703897 7.1297644 -0.31496063,6.7236945 7.1429926 -0.31496063,
  6.7470472 7.1476378 -0.31496063,6.7704 7.1429926 -0.31496063,
  6.7901975 7.1297644 -0.31496063,6.8034257 7.1099669 -0.31496063,
  6.8080709 7.0866142 -0.31496063,6.8034257 7.0632614 -0.31496063,
  6.7901975 7.043464 -0.31496063,6.7704 7.0302357 -0.31496063,
  6.7470472 7.0255906 -0.31496063,6.7236945 7.0302357 -0.31496063,
  6.703897 7.043464 -0.31496063,6.6906688 7.0632614 -0.31496063,
  6.6565697 7.6349748 -0.31496063,6.6360598 7.5994512 -0.31496063,
  6.628937 7.5590551 -0.31496063,6.6360598 7.5186591 -0.31496063,
  6.6565697 7.4831354 -0.31496063,6.6879921 7.4567685 -0.31496063,
  6.7265378 7.4427394 -0.31496063,6.7675567 7.4427394 -0.31496063,
  6.8061024 7.4567685 -0.31496063,6.8375248 7.4831354 -0.31496063,
  6.8580346 7.5186591 -0.31496063,6.8651575 7.5590551 -0.31496063,
  6.8580346 7.5994512 -0.31496063,6.8375248 7.6349748 -0.31496063,
  6.8061024 7.6613417 -0.31496063,6.7675567 7.6753709 -0.31496063,
  6.7265378 7.6753709 -0.31496063,6.6879921 7.6613417 -0.31496063,
  6.6860236 7.5590551 -0.31496063,6.6906688 7.5824078 -0.31496063,
  6.703897 7.6022053 -0.31496063,6.7236945 7.6154336 -0.31496063,
  6.7470472 7.6200787 -0.31496063,6.7704 7.6154336 -0.31496063,
  6.7901975 7.6022053 -0.31496063,6.8034257 7.5824078 -0.31496063,
  6.8080709 7.5590551 -0.31496063,6.8034257 7.5357024 -0.31496063,
  6.7901975 7.5159049 -0.31496063,6.7704 7.5026766 -0.31496063,
  6.7470472 7.4980315 -0.31496063,6.7236945 7.5026766 -0.31496063,
  6.703897 7.5159049 -0.31496063,6.6906688 7.5357024 -0.31496063,
  0.97743583 5.0916677 -0.31496063,0.95692598 5.0561441 -0.31496063,
  0.94980315 5.015748 -0.31496063,0.95692598 4.975352 -0.31496063,
  0.97743583 4.9398283 -0.31496063,1.0088583 4.9134614 -0.31496063,
  1.0474039 4.8994323 -0.31496063,1.0884228 4.8994323 -0.31496063,
  1.1269685 4.9134614 -0.31496063,1.1583909 4.9398283 -0.31496063,
  1.1789008 4.975352 -0.31496063,1.1860236 5.015748 -0.31496063,
  1.1789008 5.0561441 -0.31496063,1.1583909 5.0916677 -0.31496063,
  1.1269685 5.1180346 -0.31496063,1.0884228 5.1320638 -0.31496063,
  1.0474039 5.1320638 -0.31496063,1.0088583 5.1180346 -0.31496063,
  1.0068898 5.015748 -0.31496063,1.0115349 5.0391008 -0.31496063,
  1.0247632 5.0588982 -0.31496063,1.0445607 5.0721265 -0.31496063,
  1.0679134 5.0767717 -0.31496063,1.0912661 5.0721265 -0.31496063,
  1.1110636 5.0588982 -0.31496063,1.1242919 5.0391008 -0.31496063,
  1.128937 5.015748 -0.31496063,1.1242919 4.9923953 -0.31496063,
  1.1110636 4.9725978 -0.31496063,1.0912661 4.9593696 -0.31496063,
  1.0679134 4.9547244 -0.31496063,1.0445607 4.9593696 -0.31496063,
  1.0247632 4.9725978 -0.31496063,1.0115349 4.9923953 -0.31496063,
  0.97743583 4.6979669 -0.31496063,0.95692598 4.6624433 -0.31496063,
  0.94980315 4.6220472 -0.31496063,0.95692598 4.5816512 -0.31496063,
  0.97743583 4.5461276 -0.31496063,1.0088583 4.5197606 -0.31496063,
  1.0474039 4.5057315 -0.31496063,1.0884228 4.5057315 -0.31496063,
  1.1269685 4.5197606 -0.31496063,1.1583909 4.5461276 -0.31496063,
  1.1789008 4.5816512 -0.31496063,1.1860236 4.6220472 -0.31496063,
  1.1789008 4.6624433 -0.31496063,1.1583909 4.6979669 -0.31496063,
  1.1269685 4.7243339 -0.31496063,1.0884228 4.738363 -0.31496063,
  1.0474039 4.738363 -0.31496063,1.0088583 4.7243339 -0.31496063,
  1.0068898 4.6220472 -0.31496063,1.0115349 4.6454 -0.31496063,
  1.0247632 4.6651975 -0.31496063,1.0445607 4.6784257 -0.31496063,
  1.0679134 4.6830709 -0.31496063,1.0912661 4.6784257 -0.31496063,
  1.1110636 4.6651975 -0.31496063,1.1242919 4.6454 -0.31496063,
  1.128937 4.6220472 -0.31496063,1.1242919 4.5986945 -0.31496063,
  1.1110636 4.578897 -0.31496063,1.0912661 4.5656688 -0.31496063,
  1.0679134 4.5610236 -0.31496063,1.0445607 4.5656688 -0.31496063,
  1.0247632 4.578897 -0.31496063,1.0115349 4.5986945 -0.31496063] }
 coordIndex [
  10,9,42,-1,42,9,43,-1,43,9,44,-1,44,9,27,-1,27,9,22,-1,22,9,26,-1,39,38,11,-1,39,11,40,-1,
  40,11,10,-1,40,10,41,-1,41,10,42,-1,34,33,19,-1,34,19,35,-1,35,19,18,-1,35,18,36,-1,36,18,12,-1,
  36,12,37,-1,37,12,11,-1,37,11,38,-1,16,15,14,-1,16,14,17,-1,17,14,13,-1,17,13,18,-1,18,13,12,-1,
  24,23,25,-1,25,23,26,-1,26,23,22,-1,22,21,27,-1,27,21,28,-1,28,21,29,-1,29,21,30,-1,30,21,20,-1,
  19,33,32,-1,19,32,20,-1,20,32,31,-1,20,31,30,-1,47,46,49,-1,49,46,50,-1,50,46,51,-1,51,46,45,-1,
  72,71,73,-1,73,71,74,-1,74,71,75,-1,75,71,76,-1,76,71,60,-1,60,71,61,-1,61,71,70,-1,62,70,69,-1,
  62,69,63,-1,63,69,68,-1,63,68,64,-1,64,68,67,-1,64,67,65,-1,65,67,66,-1,55,53,52,-1,55,52,57,-1,
  57,52,79,-1,57,79,58,-1,58,79,78,-1,58,78,59,-1,59,78,77,-1,59,77,60,-1,60,77,76,-1,91,89,88,-1,
  91,88,92,-1,92,88,87,-1,92,87,93,-1,93,87,86,-1,93,86,94,-1,94,86,85,-1,94,85,95,-1,95,85,84,-1,
  95,84,96,-1,96,84,83,-1,96,83,97,-1,97,83,82,-1,97,82,98,-1,98,82,81,-1,98,81,99,-1,99,81,80,-1,
  136,135,100,-1,136,100,118,-1,118,100,113,-1,119,113,112,-1,119,112,120,-1,120,112,121,-1,133,132,101,-1,133,101,134,-1,
  134,101,100,-1,134,100,135,-1,103,102,129,-1,129,102,130,-1,130,102,131,-1,131,102,132,-1,132,102,101,-1,107,106,105,-1,
  107,105,108,-1,108,105,104,-1,108,104,109,-1,109,104,103,-1,109,103,128,-1,128,103,129,-1,113,100,117,-1,113,117,114,-1,
  114,117,116,-1,114,116,115,-1,123,122,111,-1,111,122,112,-1,112,122,121,-1,125,124,110,-1,110,124,111,-1,111,124,123,-1,
  109,128,127,-1,109,127,110,-1,110,127,126,-1,110,126,125,-1,142,141,137,-1,137,141,138,-1,138,141,139,-1,139,141,140,-1,
  145,144,146,-1,146,144,143,-1,151,148,147,-1,151,147,152,-1,152,147,155,-1,152,155,153,-1,153,155,154,-1,150,149,151,-1,
  151,149,148,-1,158,157,159,-1,159,157,156,-1,8,7,0,-1,0,7,1,-1,1,7,2,-1,2,7,6,-1,4,3,5,-1,
  5,3,6,-1,6,3,2,-1,176,175,184,-1,184,175,185,-1,185,175,186,-1,186,175,187,-1,187,175,170,-1,170,175,174,-1,
  181,180,177,-1,181,177,182,-1,182,177,176,-1,182,176,183,-1,183,176,184,-1,194,193,167,-1,194,167,195,-1,195,167,166,-1,
  195,166,178,-1,178,166,160,-1,178,160,179,-1,179,160,177,-1,179,177,180,-1,172,171,173,-1,173,171,174,-1,174,171,170,-1,
  170,169,187,-1,187,169,188,-1,188,169,189,-1,189,169,190,-1,190,169,168,-1,167,193,192,-1,167,192,168,-1,168,192,191,-1,
  168,191,190,-1,164,163,162,-1,164,162,165,-1,165,162,161,-1,165,161,166,-1,166,161,160,-1,208,207,206,-1,208,206,209,-1,
  209,206,205,-1,209,205,222,-1,222,205,204,-1,222,204,223,-1,223,204,224,-1,211,210,219,-1,219,210,220,-1,220,210,221,-1,
  221,210,222,-1,222,210,209,-1,217,216,212,-1,217,212,218,-1,218,212,211,-1,218,211,219,-1,201,200,196,-1,201,196,214,-1,
  214,196,213,-1,214,213,215,-1,215,213,212,-1,215,212,216,-1,202,227,226,-1,202,226,203,-1,203,226,225,-1,203,225,204,-1,
  204,225,224,-1,201,214,229,-1,201,229,202,-1,202,229,228,-1,202,228,227,-1,198,197,199,-1,199,197,200,-1,200,197,196,-1,
  244,243,242,-1,244,242,245,-1,245,242,241,-1,245,241,260,-1,260,241,261,-1,253,252,251,-1,253,251,254,-1,254,251,250,-1,
  254,250,255,-1,255,250,249,-1,255,249,256,-1,256,249,248,-1,256,248,257,-1,257,248,247,-1,257,247,258,-1,258,247,246,-1,
  258,246,259,-1,259,246,245,-1,259,245,260,-1,231,230,234,-1,234,230,235,-1,235,230,252,-1,252,230,251,-1,261,241,240,-1,
  261,240,262,-1,262,240,239,-1,262,239,263,-1,263,239,238,-1,263,238,264,-1,264,238,237,-1,264,237,265,-1,265,237,236,-1,
  265,236,266,-1,266,236,235,-1,266,235,267,-1,267,235,252,-1,232,231,233,-1,233,231,234,-1,282,281,280,-1,282,280,283,-1,
  283,280,279,-1,283,279,298,-1,298,279,299,-1,291,290,289,-1,291,289,292,-1,292,289,288,-1,292,288,293,-1,293,288,287,-1,
  293,287,294,-1,294,287,286,-1,294,286,295,-1,295,286,285,-1,295,285,296,-1,296,285,284,-1,296,284,297,-1,297,284,283,-1,
  297,283,298,-1,269,268,272,-1,272,268,273,-1,273,268,290,-1,290,268,289,-1,299,279,278,-1,299,278,300,-1,300,278,277,-1,
  300,277,301,-1,301,277,276,-1,301,276,302,-1,302,276,275,-1,302,275,303,-1,303,275,274,-1,303,274,304,-1,304,274,273,-1,
  304,273,305,-1,305,273,290,-1,270,269,271,-1,271,269,272,-1,320,319,318,-1,320,318,321,-1,321,318,317,-1,321,317,336,-1,
  336,317,337,-1,329,328,327,-1,329,327,330,-1,330,327,326,-1,330,326,331,-1,331,326,325,-1,331,325,332,-1,332,325,324,-1,
  332,324,333,-1,333,324,323,-1,333,323,334,-1,334,323,322,-1,334,322,335,-1,335,322,321,-1,335,321,336,-1,307,306,310,-1,
  310,306,311,-1,311,306,328,-1,328,306,327,-1,337,317,316,-1,337,316,338,-1,338,316,315,-1,338,315,339,-1,339,315,314,-1,
  339,314,340,-1,340,314,313,-1,340,313,341,-1,341,313,312,-1,341,312,342,-1,342,312,311,-1,342,311,343,-1,343,311,328,-1,
  308,307,309,-1,309,307,310,-1,358,357,356,-1,358,356,359,-1,359,356,355,-1,359,355,374,-1,374,355,375,-1,367,366,365,-1,
  367,365,368,-1,368,365,364,-1,368,364,369,-1,369,364,363,-1,369,363,370,-1,370,363,362,-1,370,362,371,-1,371,362,361,-1,
  371,361,372,-1,372,361,360,-1,372,360,373,-1,373,360,359,-1,373,359,374,-1,345,344,348,-1,348,344,349,-1,349,344,366,-1,
  366,344,365,-1,375,355,354,-1,375,354,376,-1,376,354,353,-1,376,353,377,-1,377,353,352,-1,377,352,378,-1,378,352,351,-1,
  378,351,379,-1,379,351,350,-1,379,350,380,-1,380,350,349,-1,380,349,381,-1,381,349,366,-1,346,345,347,-1,347,345,348,-1,
  394,393,392,-1,394,392,395,-1,395,392,391,-1,395,391,408,-1,408,391,390,-1,408,390,409,-1,409,390,410,-1,397,396,405,-1,
  405,396,406,-1,406,396,407,-1,407,396,408,-1,408,396,395,-1,403,402,398,-1,403,398,404,-1,404,398,397,-1,404,397,405,-1,
  387,386,382,-1,387,382,400,-1,400,382,399,-1,400,399,401,-1,401,399,398,-1,401,398,402,-1,388,413,412,-1,388,412,389,-1,
  389,412,411,-1,389,411,390,-1,390,411,410,-1,387,400,415,-1,387,415,388,-1,388,415,414,-1,388,414,413,-1,384,383,385,-1,
  385,383,386,-1,386,383,382,-1,428,427,426,-1,428,426,429,-1,429,426,425,-1,429,425,442,-1,442,425,424,-1,442,424,443,-1,
  443,424,444,-1,431,430,439,-1,439,430,440,-1,440,430,441,-1,441,430,442,-1,442,430,429,-1,437,436,432,-1,437,432,438,-1,
  438,432,431,-1,438,431,439,-1,421,420,416,-1,421,416,434,-1,434,416,433,-1,434,433,435,-1,435,433,432,-1,435,432,436,-1,
  422,447,446,-1,422,446,423,-1,423,446,445,-1,423,445,424,-1,424,445,444,-1,421,434,449,-1,421,449,422,-1,422,449,448,-1,
  422,448,447,-1,418,417,419,-1,419,417,420,-1,420,417,416,-1,462,461,460,-1,462,460,463,-1,463,460,459,-1,463,459,476,-1,
  476,459,458,-1,476,458,477,-1,477,458,478,-1,465,464,473,-1,473,464,474,-1,474,464,475,-1,475,464,476,-1,476,464,463,-1,
  471,470,466,-1,471,466,472,-1,472,466,465,-1,472,465,473,-1,455,454,450,-1,455,450,468,-1,468,450,467,-1,468,467,469,-1,
  469,467,466,-1,469,466,470,-1,456,481,480,-1,456,480,457,-1,457,480,479,-1,457,479,458,-1,458,479,478,-1,455,468,483,-1,
  455,483,456,-1,456,483,482,-1,456,482,481,-1,452,451,453,-1,453,451,454,-1,454,451,450,-1,496,495,494,-1,496,494,497,-1,
  497,494,493,-1,497,493,510,-1,510,493,492,-1,510,492,511,-1,511,492,512,-1,499,498,507,-1,507,498,508,-1,508,498,509,-1,
  509,498,510,-1,510,498,497,-1,505,504,500,-1,505,500,506,-1,506,500,499,-1,506,499,507,-1,489,488,484,-1,489,484,502,-1,
  502,484,501,-1,502,501,503,-1,503,501,500,-1,503,500,504,-1,490,515,514,-1,490,514,491,-1,491,514,513,-1,491,513,492,-1,
  492,513,512,-1,489,502,517,-1,489,517,490,-1,490,517,516,-1,490,516,515,-1,486,485,487,-1,487,485,488,-1,488,485,484,-1,
  530,529,528,-1,530,528,531,-1,531,528,527,-1,531,527,544,-1,544,527,526,-1,544,526,545,-1,545,526,546,-1,533,532,541,-1,
  541,532,542,-1,542,532,543,-1,543,532,544,-1,544,532,531,-1,539,538,534,-1,539,534,540,-1,540,534,533,-1,540,533,541,-1,
  523,522,518,-1,523,518,536,-1,536,518,535,-1,536,535,537,-1,537,535,534,-1,537,534,538,-1,524,549,548,-1,524,548,525,-1,
  525,548,547,-1,525,547,526,-1,526,547,546,-1,523,536,551,-1,523,551,524,-1,524,551,550,-1,524,550,549,-1,520,519,521,-1,
  521,519,522,-1,522,519,518,-1,564,563,562,-1,564,562,565,-1,565,562,561,-1,565,561,578,-1,578,561,560,-1,578,560,579,-1,
  579,560,580,-1,567,566,575,-1,575,566,576,-1,576,566,577,-1,577,566,578,-1,578,566,565,-1,573,572,568,-1,573,568,574,-1,
  574,568,567,-1,574,567,575,-1,557,556,552,-1,557,552,570,-1,570,552,569,-1,570,569,571,-1,571,569,568,-1,571,568,572,-1,
  558,583,582,-1,558,582,559,-1,559,582,581,-1,559,581,560,-1,560,581,580,-1,557,570,585,-1,557,585,558,-1,558,585,584,-1,
  558,584,583,-1,554,553,555,-1,555,553,556,-1,556,553,552,-1,598,597,596,-1,598,596,599,-1,599,596,595,-1,599,595,612,-1,
  612,595,594,-1,612,594,613,-1,613,594,614,-1,601,600,609,-1,609,600,610,-1,610,600,611,-1,611,600,612,-1,612,600,599,-1,
  607,606,602,-1,607,602,608,-1,608,602,601,-1,608,601,609,-1,591,590,586,-1,591,586,604,-1,604,586,603,-1,604,603,605,-1,
  605,603,602,-1,605,602,606,-1,592,617,616,-1,592,616,593,-1,593,616,615,-1,593,615,594,-1,594,615,614,-1,591,604,619,-1,
  591,619,592,-1,592,619,618,-1,592,618,617,-1,588,587,589,-1,589,587,590,-1,590,587,586,-1,632,631,630,-1,632,630,633,-1,
  633,630,629,-1,633,629,646,-1,646,629,628,-1,646,628,647,-1,647,628,648,-1,635,634,643,-1,643,634,644,-1,644,634,645,-1,
  645,634,646,-1,646,634,633,-1,641,640,636,-1,641,636,642,-1,642,636,635,-1,642,635,643,-1,625,624,620,-1,625,620,638,-1,
  638,620,637,-1,638,637,639,-1,639,637,636,-1,639,636,640,-1,626,651,650,-1,626,650,627,-1,627,650,649,-1,627,649,628,-1,
  628,649,648,-1,625,638,653,-1,625,653,626,-1,626,653,652,-1,626,652,651,-1,622,621,623,-1,623,621,624,-1,624,621,620,-1,
  666,665,664,-1,666,664,667,-1,667,664,663,-1,667,663,680,-1,680,663,662,-1,680,662,681,-1,681,662,682,-1,669,668,677,-1,
  677,668,678,-1,678,668,679,-1,679,668,680,-1,680,668,667,-1,675,674,670,-1,675,670,676,-1,676,670,669,-1,676,669,677,-1,
  659,658,654,-1,659,654,672,-1,672,654,671,-1,672,671,673,-1,673,671,670,-1,673,670,674,-1,660,685,684,-1,660,684,661,-1,
  661,684,683,-1,661,683,662,-1,662,683,682,-1,659,672,687,-1,659,687,660,-1,660,687,686,-1,660,686,685,-1,656,655,657,-1,
  657,655,658,-1,658,655,654,-1,700,699,698,-1,700,698,701,-1,701,698,697,-1,701,697,714,-1,714,697,696,-1,714,696,715,-1,
  715,696,716,-1,703,702,711,-1,711,702,712,-1,712,702,713,-1,713,702,714,-1,714,702,701,-1,709,708,704,-1,709,704,710,-1,
  710,704,703,-1,710,703,711,-1,693,692,688,-1,693,688,706,-1,706,688,705,-1,706,705,707,-1,707,705,704,-1,707,704,708,-1,
  694,719,718,-1,694,718,695,-1,695,718,717,-1,695,717,696,-1,696,717,716,-1,693,706,721,-1,693,721,694,-1,694,721,720,-1,
  694,720,719,-1,690,689,691,-1,691,689,692,-1,692,689,688,-1,734,733,732,-1,734,732,735,-1,735,732,731,-1,735,731,748,-1,
  748,731,730,-1,748,730,749,-1,749,730,750,-1,737,736,745,-1,745,736,746,-1,746,736,747,-1,747,736,748,-1,748,736,735,-1,
  743,742,738,-1,743,738,744,-1,744,738,737,-1,744,737,745,-1,727,726,722,-1,727,722,740,-1,740,722,739,-1,740,739,741,-1,
  741,739,738,-1,741,738,742,-1,728,753,752,-1,728,752,729,-1,729,752,751,-1,729,751,730,-1,730,751,750,-1,727,740,755,-1,
  727,755,728,-1,728,755,754,-1,728,754,753,-1,724,723,725,-1,725,723,726,-1,726,723,722,-1,768,767,766,-1,768,766,769,-1,
  769,766,765,-1,769,765,782,-1,782,765,764,-1,782,764,783,-1,783,764,784,-1,771,770,779,-1,779,770,780,-1,780,770,781,-1,
  781,770,782,-1,782,770,769,-1,777,776,772,-1,777,772,778,-1,778,772,771,-1,778,771,779,-1,761,760,756,-1,761,756,774,-1,
  774,756,773,-1,774,773,775,-1,775,773,772,-1,775,772,776,-1,762,787,786,-1,762,786,763,-1,763,786,785,-1,763,785,764,-1,
  764,785,784,-1,761,774,789,-1,761,789,762,-1,762,789,788,-1,762,788,787,-1,758,757,759,-1,759,757,760,-1,760,757,756,-1,
  802,801,800,-1,802,800,803,-1,803,800,799,-1,803,799,816,-1,816,799,798,-1,816,798,817,-1,817,798,818,-1,805,804,813,-1,
  813,804,814,-1,814,804,815,-1,815,804,816,-1,816,804,803,-1,811,810,806,-1,811,806,812,-1,812,806,805,-1,812,805,813,-1,
  795,794,790,-1,795,790,808,-1,808,790,807,-1,808,807,809,-1,809,807,806,-1,809,806,810,-1,796,821,820,-1,796,820,797,-1,
  797,820,819,-1,797,819,798,-1,798,819,818,-1,795,808,823,-1,795,823,796,-1,796,823,822,-1,796,822,821,-1,792,791,793,-1,
  793,791,794,-1,794,791,790,-1,836,835,834,-1,836,834,837,-1,837,834,833,-1,837,833,850,-1,850,833,832,-1,850,832,851,-1,
  851,832,852,-1,839,838,847,-1,847,838,848,-1,848,838,849,-1,849,838,850,-1,850,838,837,-1,845,844,840,-1,845,840,846,-1,
  846,840,839,-1,846,839,847,-1,829,828,824,-1,829,824,842,-1,842,824,841,-1,842,841,843,-1,843,841,840,-1,843,840,844,-1,
  830,855,854,-1,830,854,831,-1,831,854,853,-1,831,853,832,-1,832,853,852,-1,829,842,857,-1,829,857,830,-1,830,857,856,-1,
  830,856,855,-1,826,825,827,-1,827,825,828,-1,828,825,824,-1,870,869,868,-1,870,868,871,-1,871,868,867,-1,871,867,884,-1,
  884,867,866,-1,884,866,885,-1,885,866,886,-1,873,872,881,-1,881,872,882,-1,882,872,883,-1,883,872,884,-1,884,872,871,-1,
  879,878,874,-1,879,874,880,-1,880,874,873,-1,880,873,881,-1,863,862,858,-1,863,858,876,-1,876,858,875,-1,876,875,877,-1,
  877,875,874,-1,877,874,878,-1,864,889,888,-1,864,888,865,-1,865,888,887,-1,865,887,866,-1,866,887,886,-1,863,876,891,-1,
  863,891,864,-1,864,891,890,-1,864,890,889,-1,860,859,861,-1,861,859,862,-1,862,859,858,-1,904,903,902,-1,904,902,905,-1,
  905,902,901,-1,905,901,918,-1,918,901,900,-1,918,900,919,-1,919,900,920,-1,907,906,915,-1,915,906,916,-1,916,906,917,-1,
  917,906,918,-1,918,906,905,-1,913,912,908,-1,913,908,914,-1,914,908,907,-1,914,907,915,-1,897,896,892,-1,897,892,910,-1,
  910,892,909,-1,910,909,911,-1,911,909,908,-1,911,908,912,-1,898,923,922,-1,898,922,899,-1,899,922,921,-1,899,921,900,-1,
  900,921,920,-1,897,910,925,-1,897,925,898,-1,898,925,924,-1,898,924,923,-1,894,893,895,-1,895,893,896,-1,896,893,892,-1,
  938,937,936,-1,938,936,939,-1,939,936,935,-1,939,935,952,-1,952,935,934,-1,952,934,953,-1,953,934,954,-1,941,940,949,-1,
  949,940,950,-1,950,940,951,-1,951,940,952,-1,952,940,939,-1,947,946,942,-1,947,942,948,-1,948,942,941,-1,948,941,949,-1,
  931,930,926,-1,931,926,944,-1,944,926,943,-1,944,943,945,-1,945,943,942,-1,945,942,946,-1,932,957,956,-1,932,956,933,-1,
  933,956,955,-1,933,955,934,-1,934,955,954,-1,931,944,959,-1,931,959,932,-1,932,959,958,-1,932,958,957,-1,928,927,929,-1,
  929,927,930,-1,930,927,926,-1,972,971,970,-1,972,970,973,-1,973,970,969,-1,973,969,986,-1,986,969,968,-1,986,968,987,-1,
  987,968,988,-1,975,974,983,-1,983,974,984,-1,984,974,985,-1,985,974,986,-1,986,974,973,-1,981,980,976,-1,981,976,982,-1,
  982,976,975,-1,982,975,983,-1,965,964,960,-1,965,960,978,-1,978,960,977,-1,978,977,979,-1,979,977,976,-1,979,976,980,-1,
  966,991,990,-1,966,990,967,-1,967,990,989,-1,967,989,968,-1,968,989,988,-1,965,978,993,-1,965,993,966,-1,966,993,992,-1,
  966,992,991,-1,962,961,963,-1,963,961,964,-1,964,961,960,-1,89,91,90,-1,53,55,54,-1,55,57,56,-1,61,70,62,-1,
  47,49,48,-1]
  normalPerVertex TRUE
  normal DEF NORM_6 Normal { vector [
  0 0 -1,0 0 -1,
  0 0 -1,0 0 -1,
  0 0 -1,0 0 -1,
  0 0 -1,0 0 -1,
  0 0 -1,0 0 -1,
  0 0 -1,0 0 -1,
  0 0 -1,0 0 -1,
  0 0 -1,0 0 -1,
  0 0 -1,0 0 -1,
  0 0 -1,0 0 -1,
  0 0 -1,0 0 -1,
  0 0 -1,0 0 -1,
  0 0 -1,0 0 -1,
  0 0 -1,0 0 -1,
  0 0 -1,0 0 -1,
  0 0 -1,0 0 -1,
  0 0 -1,0 0 -1,
  0 0 -1,0 0 -1,
  0 0 -1,0 0 -1,
  0 0 -1,0 0 -1,
  0 0 -1,0 0 -1,
  0 0 -1,0 0 -1,
  0 0 -1,0 0 -1,
  0 0 -1,0 0 -1,
  0 0 -1,0 0 -1,
  0 0 -1,0 0 -1,
  0 0 -1,0 0 -1,
  0 0 -1,0 0 -1,
  0 0 -1,0 0 -1,
  0 0 -1,0 0 -1,
  0 0 -1,0 0 -1,
  0 0 -1,0 0 -1,
  0 0 -1,0 0 -1,
  0 0 -1,0 0 -1,
  0 0 -1,0 0 -1,
  0 0 -1,0 0 -1,
  0 0 -1,0 0 -1,
  0 0 -1,0 0 -1,
  0 0 -1,0 0 -1,
  0 0 -1,0 0 -1,
  0 0 -1,0 0 -1,
  0 0 -1,0 0 -1,
  0 0 -1,0 0 -1,
  0 0 -1,0 0 -1,
  0 0 -1,0 0 -1,
  0 0 -1,0 0 -1,
  0 0 -1,0 0 -1,
  0 0 -1,0 0 -1,
  0 0 -1,0 0 -1,
  0 0 -1,0 0 -1,
  0 0 -1,0 0 -1,
  0 0 -1,0 0 -1,
  0 0 -1,0 0 -1,
  0 0 -1,0 0 -1,
  0 0 -1,0 0 -1,
  0 0 -1,0 0 -1,
  0 0 -1,0 0 -1,
  0 0 -1,0 0 -1,
  0 0 -1,0 0 -1,
  0 0 -1,0 0 -1,
  0 0 -1,0 0 -1,
  0 0 -1,0 0 -1,
  0 0 -1,0 0 -1,
  0 0 -1,0 0 -1,
  0 0 -1,0 0 -1,
  0 0 -1,0 0 -1,
  0 0 -1,0 0 -1,
  0 0 -1,0 0 -1,
  0 0 -1,0 0 -1,
  0 0 -1,0 0 -1,
  0 0 -1,0 0 -1,
  0 0 -1,0 0 -1,
  0 0 -1,0 0 -1,
  0 0 -1,0 0 -1,
  0 0 -1,0 0 -1,
  0 0 -1,0 0 -1,
  0 0 -1,0 0 -1,
  0 0 -1,0 0 -1,
  0 0 -1,0 0 -1,
  0 0 -1,0 0 -1,
  0 0 -1,0 0 -1,
  0 0 -1,0 0 -1,
  0 0 -1,0 0 -1,
  0 0 -1,0 0 -1,
  0 0 -1,0 0 -1,
  0 0 -1,0 0 -1,
  0 0 -1,0 0 -1,
  0 0 -1,0 0 -1,
  0 0 -1,0 0 -1,
  0 0 -1,0 0 -1,
  0 0 -1,0 0 -1,
  0 0 -1,0 0 -1,
  0 0 -1,0 0 -1,
  0 0 -1,0 0 -1,
  0 0 -1,0 0 -1,
  0 0 -1,0 0 -1,
  0 0 -1,0 0 -1,
  0 0 -1,0 0 -1,
  0 0 -1,0 0 -1,
  0 0 -1,0 0 -1,
  0 0 -1,0 0 -1,
  0 0 -1,0 0 -1,
  0 0 -1,0 0 -1,
  0 0 -1,0 0 -1,
  0 0 -1,0 0 -1,
  0 0 -1,0 0 -1,
  0 0 -1,0 0 -1,
  0 0 -1,0 0 -1,
  0 0 -1,0 0 -1,
  0 0 -1,0 0 -1,
  0 0 -1,0 0 -1,
  0 0 -1,0 0 -1,
  0 0 -1,0 0 -1,
  0 0 -1,0 0 -1,
  0 0 -1,0 0 -1,
  0 0 -1,0 0 -1,
  0 0 -1,0 0 -1,
  0 0 -1,0 0 -1,
  0 0 -1,0 0 -1,
  0 0 -1,0 0 -1,
  0 0 -1,0 0 -1,
  0 0 -1,0 0 -1,
  0 0 -1,0 0 -1,
  0 0 -1,0 0 -1,
  0 0 -1,0 0 -1,
  0 0 -1,0 0 -1,
  0 0 -1,0 0 -1,
  0 0 -1,0 0 -1,
  0 0 -1,0 0 -1,
  0 0 -1,0 0 -1,
  0 0 -1,0 0 -1,
  0 0 -1,0 0 -1,
  0 0 -1,0 0 -1,
  0 0 -1,0 0 -1,
  0 0 -1,0 0 -1,
  0 0 -1,0 0 -1,
  0 0 -1,0 0 -1,
  0 0 -1,0 0 -1,
  0 0 -1,0 0 -1,
  0 0 -1,0 0 -1,
  0 0 -1,0 0 -1,
  0 0 -1,0 0 -1,
  0 0 -1,0 0 -1,
  0 0 -1,0 0 -1,
  0 0 -1,0 0 -1,
  0 0 -1,0 0 -1,
  0 0 -1,0 0 -1,
  0 0 -1,0 0 -1,
  0 0 -1,0 0 -1,
  0 0 -1,0 0 -1,
  0 0 -1,0 0 -1,
  0 0 -1,0 0 -1,
  0 0 -1,0 0 -1,
  0 0 -1,0 0 -1,
  0 0 -1,0 0 -1,
  0 0 -1,0 0 -1,
  0 0 -1,0 0 -1,
  0 0 -1,0 0 -1,
  0 0 -1,0 0 -1,
  0 0 -1,0 0 -1,
  0 0 -1,0 0 -1,
  0 0 -1,0 0 -1,
  0 0 -1,0 0 -1,
  0 0 -1,0 0 -1,
  0 0 -1,0 0 -1,
  0 0 -1,0 0 -1,
  0 0 -1,0 0 -1,
  0 0 -1,0 0 -1,
  0 0 -1,0 0 -1,
  0 0 -1,0 0 -1,
  0 0 -1,0 0 -1,
  0 0 -1,0 0 -1,
  0 0 -1,0 0 -1,
  0 0 -1,0 0 -1,
  0 0 -1,0 0 -1,
  0 0 -1,0 0 -1,
  0 0 -1,0 0 -1,
  0 0 -1,0 0 -1,
  0 0 -1,0 0 -1,
  0 0 -1,0 0 -1,
  0 0 -1,0 0 -1,
  0 0 -1,0 0 -1,
  0 0 -1,0 0 -1,
  0 0 -1,0 0 -1,
  0 0 -1,0 0 -1,
  0 0 -1,0 0 -1,
  0 0 -1,0 0 -1,
  0 0 -1,0 0 -1,
  0 0 -1,0 0 -1,
  0 0 -1,0 0 -1,
  0 0 -1,0 0 -1,
  0 0 -1,0 0 -1,
  0 0 -1,0 0 -1,
  0 0 -1,0 0 -1,
  0 0 -1,0 0 -1,
  0 0 -1,0 0 -1,
  0 0 -1,0 0 -1,
  0 0 -1,0 0 -1,
  0 0 -1,0 0 -1,
  0 0 -1,0 0 -1,
  0 0 -1,0 0 -1,
  0 0 -1,0 0 -1,
  0 0 -1,0 0 -1,
  0 0 -1,0 0 -1,
  0 0 -1,0 0 -1,
  0 0 -1,0 0 -1,
  0 0 -1,0 0 -1,
  0 0 -1,0 0 -1,
  0 0 -1,0 0 -1,
  0 0 -1,0 0 -1,
  0 0 -1,0 0 -1,
  0 0 -1,0 0 -1,
  0 0 -1,0 0 -1,
  0 0 -1,0 0 -1,
  0 0 -1,0 0 -1,
  0 0 -1,0 0 -1,
  0 0 -1,0 0 -1,
  0 0 -1,0 0 -1,
  0 0 -1,0 0 -1,
  0 0 -1,0 0 -1,
  0 0 -1,0 0 -1,
  0 0 -1,0 0 -1,
  0 0 -1,0 0 -1,
  0 0 -1,0 0 -1,
  0 0 -1,0 0 -1,
  0 0 -1,0 0 -1,
  0 0 -1,0 0 -1,
  0 0 -1,0 0 -1,
  0 0 -1,0 0 -1,
  0 0 -1,0 0 -1,
  0 0 -1,0 0 -1,
  0 0 -1,0 0 -1,
  0 0 -1,0 0 -1,
  0 0 -1,0 0 -1,
  0 0 -1,0 0 -1,
  0 0 -1,0 0 -1,
  0 0 -1,0 0 -1,
  0 0 -1,0 0 -1,
  0 0 -1,0 0 -1,
  0 0 -1,0 0 -1,
  0 0 -1,0 0 -1,
  0 0 -1,0 0 -1,
  0 0 -1,0 0 -1,
  0 0 -1,0 0 -1,
  0 0 -1,0 0 -1,
  0 0 -1,0 0 -1,
  0 0 -1,0 0 -1,
  0 0 -1,0 0 -1,
  0 0 -1,0 0 -1,
  0 0 -1,0 0 -1,
  0 0 -1,0 0 -1,
  0 0 -1,0 0 -1,
  0 0 -1,0 0 -1,
  0 0 -1,0 0 -1,
  0 0 -1,0 0 -1,
  0 0 -1,0 0 -1,
  0 0 -1,0 0 -1,
  0 0 -1,0 0 -1,
  0 0 -1,0 0 -1,
  0 0 -1,0 0 -1,
  0 0 -1,0 0 -1,
  0 0 -1,0 0 -1,
  0 0 -1,0 0 -1,
  0 0 -1,0 0 -1,
  0 0 -1,0 0 -1,
  0 0 -1,0 0 -1,
  0 0 -1,0 0 -1,
  0 0 -1,0 0 -1,
  0 0 -1,0 0 -1,
  0 0 -1,0 0 -1,
  0 0 -1,0 0 -1,
  0 0 -1,0 0 -1,
  0 0 -1,0 0 -1,
  0 0 -1,0 0 -1,
  0 0 -1,0 0 -1,
  0 0 -1,0 0 -1,
  0 0 -1,0 0 -1,
  0 0 -1,0 0 -1,
  0 0 -1,0 0 -1,
  0 0 -1,0 0 -1,
  0 0 -1,0 0 -1,
  0 0 -1,0 0 -1,
  0 0 -1,0 0 -1,
  0 0 -1,0 0 -1,
  0 0 -1,0 0 -1,
  0 0 -1,0 0 -1,
  0 0 -1,0 0 -1,
  0 0 -1,0 0 -1,
  0 0 -1,0 0 -1,
  0 0 -1,0 0 -1,
  0 0 -1,0 0 -1,
  0 0 -1,0 0 -1,
  0 0 -1,0 0 -1,
  0 0 -1,0 0 -1,
  0 0 -1,0 0 -1,
  0 0 -1,0 0 -1,
  0 0 -1,0 0 -1,
  0 0 -1,0 0 -1,
  0 0 -1,0 0 -1,
  0 0 -1,0 0 -1,
  0 0 -1,0 0 -1,
  0 0 -1,0 0 -1,
  0 0 -1,0 0 -1,
  0 0 -1,0 0 -1,
  0 0 -1,0 0 -1,
  0 0 -1,0 0 -1,
  0 0 -1,0 0 -1,
  0 0 -1,0 0 -1,
  0 0 -1,0 0 -1,
  0 0 -1,0 0 -1,
  0 0 -1,0 0 -1,
  0 0 -1,0 0 -1,
  0 0 -1,0 0 -1,
  0 0 -1,0 0 -1,
  0 0 -1,0 0 -1,
  0 0 -1,0 0 -1,
  0 0 -1,0 0 -1,
  0 0 -1,0 0 -1,
  0 0 -1,0 0 -1,
  0 0 -1,0 0 -1,
  0 0 -1,0 0 -1,
  0 0 -1,0 0 -1,
  0 0 -1,0 0 -1,
  0 0 -1,0 0 -1,
  0 0 -1,0 0 -1,
  0 0 -1,0 0 -1,
  0 0 -1,0 0 -1,
  0 0 -1,0 0 -1,
  0 0 -1,0 0 -1,
  0 0 -1,0 0 -1,
  0 0 -1,0 0 -1,
  0 0 -1,0 0 -1,
  0 0 -1,0 0 -1,
  0 0 -1,0 0 -1,
  0 0 -1,0 0 -1,
  0 0 -1,0 0 -1,
  0 0 -1,0 0 -1,
  0 0 -1,0 0 -1,
  0 0 -1,0 0 -1,
  0 0 -1,0 0 -1,
  0 0 -1,0 0 -1,
  0 0 -1,0 0 -1,
  0 0 -1,0 0 -1,
  0 0 -1,0 0 -1,
  0 0 -1,0 0 -1,
  0 0 -1,0 0 -1,
  0 0 -1,0 0 -1,
  0 0 -1,0 0 -1,
  0 0 -1,0 0 -1,
  0 0 -1,0 0 -1,
  0 0 -1,0 0 -1,
  0 0 -1,0 0 -1,
  0 0 -1,0 0 -1,
  0 0 -1,0 0 -1,
  0 0 -1,0 0 -1,
  0 0 -1,0 0 -1,
  0 0 -1,0 0 -1,
  0 0 -1,0 0 -1,
  0 0 -1,0 0 -1,
  0 0 -1,0 0 -1,
  0 0 -1,0 0 -1,
  0 0 -1,0 0 -1,
  0 0 -1,0 0 -1,
  0 0 -1,0 0 -1,
  0 0 -1,0 0 -1,
  0 0 -1,0 0 -1,
  0 0 -1,0 0 -1,
  0 0 -1,0 0 -1,
  0 0 -1,0 0 -1,
  0 0 -1,0 0 -1,
  0 0 -1,0 0 -1,
  0 0 -1,0 0 -1,
  0 0 -1,0 0 -1,
  0 0 -1,0 0 -1,
  0 0 -1,0 0 -1,
  0 0 -1,0 0 -1,
  0 0 -1,0 0 -1,
  0 0 -1,0 0 -1,
  0 0 -1,0 0 -1,
  0 0 -1,0 0 -1,
  0 0 -1,0 0 -1,
  0 0 -1,0 0 -1,
  0 0 -1,0 0 -1,
  0 0 -1,0 0 -1,
  0 0 -1,0 0 -1,
  0 0 -1,0 0 -1,
  0 0 -1,0 0 -1,
  0 0 -1,0 0 -1,
  0 0 -1,0 0 -1,
  0 0 -1,0 0 -1,
  0 0 -1,0 0 -1,
  0 0 -1,0 0 -1,
  0 0 -1,0 0 -1,
  0 0 -1,0 0 -1,
  0 0 -1,0 0 -1,
  0 0 -1,0 0 -1,
  0 0 -1,0 0 -1,
  0 0 -1,0 0 -1,
  0 0 -1,0 0 -1,
  0 0 -1,0 0 -1,
  0 0 -1,0 0 -1,
  0 0 -1,0 0 -1,
  0 0 -1,0 0 -1,
  0 0 -1,0 0 -1,
  0 0 -1,0 0 -1,
  0 0 -1,0 0 -1,
  0 0 -1,0 0 -1,
  0 0 -1,0 0 -1,
  0 0 -1,0 0 -1,
  0 0 -1,0 0 -1,
  0 0 -1,0 0 -1,
  0 0 -1,0 0 -1,
  0 0 -1,0 0 -1,
  0 0 -1,0 0 -1,
  0 0 -1,0 0 -1,
  0 0 -1,0 0 -1,
  0 0 -1,0 0 -1,
  0 0 -1,0 0 -1,
  0 0 -1,0 0 -1,
  0 0 -1,0 0 -1,
  0 0 -1,0 0 -1,
  0 0 -1,0 0 -1,
  0 0 -1,0 0 -1,
  0 0 -1,0 0 -1,
  0 0 -1,0 0 -1,
  0 0 -1,0 0 -1,
  0 0 -1,0 0 -1,
  0 0 -1,0 0 -1,
  0 0 -1,0 0 -1,
  0 0 -1,0 0 -1,
  0 0 -1,0 0 -1,
  0 0 -1,0 0 -1,
  0 0 -1,0 0 -1,
  0 0 -1,0 0 -1,
  0 0 -1,0 0 -1,
  0 0 -1,0 0 -1,
  0 0 -1,0 0 -1,
  0 0 -1,0 0 -1,
  0 0 -1,0 0 -1,
  0 0 -1,0 0 -1,
  0 0 -1,0 0 -1,
  0 0 -1,0 0 -1,
  0 0 -1,0 0 -1,
  0 0 -1,0 0 -1,
  0 0 -1,0 0 -1,
  0 0 -1,0 0 -1,
  0 0 -1,0 0 -1,
  0 0 -1,0 0 -1,
  0 0 -1,0 0 -1,
  0 0 -1,0 0 -1,
  0 0 -1,0 0 -1,
  0 0 -1,0 0 -1,
  0 0 -1,0 0 -1,
  0 0 -1,0 0 -1,
  0 0 -1,0 0 -1,
  0 0 -1,0 0 -1,
  0 0 -1,0 0 -1,
  0 0 -1,0 0 -1,
  0 0 -1,0 0 -1,
  0 0 -1,0 0 -1,
  0 0 -1,0 0 -1,
  0 0 -1,0 0 -1,
  0 0 -1,0 0 -1,
  0 0 -1,0 0 -1,
  0 0 -1,0 0 -1,
  0 0 -1,0 0 -1,
  0 0 -1,0 0 -1,
  0 0 -1,0 0 -1,
  0 0 -1,0 0 -1,
  0 0 -1,0 0 -1,
  0 0 -1,0 0 -1,
  0 0 -1,0 0 -1,
  0 0 -1,0 0 -1,
  0 0 -1,0 0 -1,
  0 0 -1,0 0 -1,
  0 0 -1,0 0 -1,
  0 0 -1,0 0 -1,
  0 0 -1,0 0 -1,
  0 0 -1,0 0 -1,
  0 0 -1,0 0 -1,
  0 0 -1,0 0 -1,
  0 0 -1,0 0 -1,
  0 0 -1,0 0 -1,
  0 0 -1,0 0 -1,
  0 0 -1,0 0 -1,
  0 0 -1,0 0 -1,
  0 0 -1,0 0 -1,
  0 0 -1,0 0 -1,
  0 0 -1,0 0 -1,
  0 0 -1,0 0 -1,
  0 0 -1,0 0 -1,
  0 0 -1,0 0 -1,
  0 0 -1,0 0 -1,
  0 0 -1,0 0 -1,
  0 0 -1,0 0 -1,
  0 0 -1,0 0 -1,
  0 0 -1,0 0 -1] }
}
}
] }
DEF TXFM_7 Transform {
  center 0 0 0
  rotation 0 0 1 0
  scale 1 1 1
  scaleOrientation 0 0 1 0
  translation 0 0 0
 children [
DEF SHAPE_7 Shape {
 appearance DEF APP_5 Appearance {
  material Material {
   ambientIntensity 1
   diffuseColor 0.078431375 0.2 0.14117648
   emissiveColor 0 0 0
   shininess 0.30000001
   specularColor 0.35490197 0.44 0.39882353
   transparency 0.17
} }
 geometry DEF FACE_7 IndexedFaceSet {
  coord DEF COORD_7 Coordinate { point [
  4.4901575 8.5551181 -0.31988189,4.5007964 8.6086034 -0.31988189,
  4.5310933 8.653946 -0.31988189,4.576436 8.684243 -0.31988189,
  4.6299213 8.6948819 -0.31988189,4.6834065 8.684243 -0.31988189,
  4.7287492 8.653946 -0.31988189,4.7590462 8.6086034 -0.31988189,
  4.769685 8.5551181 -0.31988189,4.7590462 8.5016328 -0.31988189,
  4.7287492 8.4562902 -0.31988189,4.6834065 8.4259932 -0.31988189,
  4.6299213 8.4153543 -0.31988189,4.576436 8.4259932 -0.31988189,
  4.5310933 8.4562902 -0.31988189,4.5007964 8.5016328 -0.31988189,
  3.7814961 12.177165 -0.31988189,3.7861412 12.200518 -0.31988189,
  3.7993695 12.220316 -0.31988189,3.819167 12.233544 -0.31988189,
  3.8425197 12.238189 -0.31988189,3.8658724 12.233544 -0.31988189,
  3.8856699 12.220316 -0.31988189,3.8988982 12.200518 -0.31988189,
  3.9035433 12.177165 -0.31988189,3.8988982 12.153813 -0.31988189,
  3.8856699 12.134015 -0.31988189,3.8658724 12.120787 -0.31988189,
  3.8425197 12.116142 -0.31988189,3.819167 12.120787 -0.31988189,
  3.7993695 12.134015 -0.31988189,3.7861412 12.153813 -0.31988189,
  3.5885827 12.177165 -0.31988189,3.5839375 12.153813 -0.31988189,
  3.5707093 12.134015 -0.31988189,3.5509118 12.120787 -0.31988189,
  3.5275591 12.116142 -0.31988189,3.5042063 12.120787 -0.31988189,
  3.4844088 12.134015 -0.31988189,3.4711806 12.153813 -0.31988189,
  3.4665354 12.177165 -0.31988189,3.4711806 12.200518 -0.31988189,
  3.4844088 12.220316 -0.31988189,3.5042063 12.233544 -0.31988189,
  3.5275591 12.238189 -0.31988189,3.5509118 12.233544 -0.31988189,
  3.5707093 12.220316 -0.31988189,3.5839375 12.200518 -0.31988189,
  3.5885827 11.862205 -0.31988189,3.5839375 11.838852 -0.31988189,
  3.5707093 11.819055 -0.31988189,3.5509118 11.805826 -0.31988189,
  3.5275591 11.801181 -0.31988189,3.5042063 11.805826 -0.31988189,
  3.4844088 11.819055 -0.31988189,3.4711806 11.838852 -0.31988189,
  3.4665354 11.862205 -0.31988189,3.4711806 11.885557 -0.31988189,
  3.4844088 11.905355 -0.31988189,3.5042063 11.918583 -0.31988189,
  3.5275591 11.923228 -0.31988189,3.5509118 11.918583 -0.31988189,
  3.5707093 11.905355 -0.31988189,3.5839375 11.885557 -0.31988189,
  3.5885827 11.547244 -0.31988189,3.5839375 11.523891 -0.31988189,
  3.5707093 11.504094 -0.31988189,3.5509118 11.490866 -0.31988189,
  3.5275591 11.48622 -0.31988189,3.5042063 11.490866 -0.31988189,
  3.4844088 11.504094 -0.31988189,3.4711806 11.523891 -0.31988189,
  3.4665354 11.547244 -0.31988189,3.4711806 11.570597 -0.31988189,
  3.4844088 11.590394 -0.31988189,3.5042063 11.603623 -0.31988189,
  3.5275591 11.608268 -0.31988189,3.5509118 11.603623 -0.31988189,
  3.5707093 11.590394 -0.31988189,3.5839375 11.570597 -0.31988189,
  3.5885827 11.232283 -0.31988189,3.5839375 11.208931 -0.31988189,
  3.5707093 11.189133 -0.31988189,3.5509118 11.175905 -0.31988189,
  3.5275591 11.17126 -0.31988189,3.5042063 11.175905 -0.31988189,
  3.4844088 11.189133 -0.31988189,3.4711806 11.208931 -0.31988189,
  3.4665354 11.232283 -0.31988189,3.4711806 11.255636 -0.31988189,
  3.4844088 11.275434 -0.31988189,3.5042063 11.288662 -0.31988189,
  3.5275591 11.293307 -0.31988189,3.5509118 11.288662 -0.31988189,
  3.5707093 11.275434 -0.31988189,3.5839375 11.255636 -0.31988189,
  3.5885827 10.917323 -0.31988189,3.5839375 10.89397 -0.31988189,
  3.5707093 10.874173 -0.31988189,3.5509118 10.860944 -0.31988189,
  3.5275591 10.856299 -0.31988189,3.5042063 10.860944 -0.31988189,
  3.4844088 10.874173 -0.31988189,3.4711806 10.89397 -0.31988189,
  3.4665354 10.917323 -0.31988189,3.4711806 10.940676 -0.31988189,
  3.4844088 10.960473 -0.31988189,3.5042063 10.973701 -0.31988189,
  3.5275591 10.978346 -0.31988189,3.5509118 10.973701 -0.31988189,
  3.5707093 10.960473 -0.31988189,3.5839375 10.940676 -0.31988189,
  3.5885827 10.602362 -0.31988189,3.5839375 10.579009 -0.31988189,
  3.5707093 10.559212 -0.31988189,3.5509118 10.545984 -0.31988189,
  3.5275591 10.541339 -0.31988189,3.5042063 10.545984 -0.31988189,
  3.4844088 10.559212 -0.31988189,3.4711806 10.579009 -0.31988189,
  3.4665354 10.602362 -0.31988189,3.4711806 10.625715 -0.31988189,
  3.4844088 10.645512 -0.31988189,3.5042063 10.658741 -0.31988189,
  3.5275591 10.663386 -0.31988189,3.5509118 10.658741 -0.31988189,
  3.5707093 10.645512 -0.31988189,3.5839375 10.625715 -0.31988189,
  3.5885827 10.287402 -0.31988189,3.5839375 10.264049 -0.31988189,
  3.5707093 10.244251 -0.31988189,3.5509118 10.231023 -0.31988189,
  3.5275591 10.226378 -0.31988189,3.5042063 10.231023 -0.31988189,
  3.4844088 10.244251 -0.31988189,3.4711806 10.264049 -0.31988189,
  3.4665354 10.287402 -0.31988189,3.4711806 10.310754 -0.31988189,
  3.4844088 10.330552 -0.31988189,3.5042063 10.34378 -0.31988189,
  3.5275591 10.348425 -0.31988189,3.5509118 10.34378 -0.31988189,
  3.5707093 10.330552 -0.31988189,3.5839375 10.310754 -0.31988189,
  4.0177165 8.5551181 -0.31988189,4.0283554 8.6086034 -0.31988189,
  4.0586524 8.653946 -0.31988189,4.103995 8.684243 -0.31988189,
  4.1574803 8.6948819 -0.31988189,4.2109656 8.684243 -0.31988189,
  4.2563082 8.653946 -0.31988189,4.2866052 8.6086034 -0.31988189,
  4.2972441 8.5551181 -0.31988189,4.2866052 8.5016328 -0.31988189,
  4.2563082 8.4562902 -0.31988189,4.2109656 8.4259932 -0.31988189,
  4.1574803 8.4153543 -0.31988189,4.103995 8.4259932 -0.31988189,
  4.0586524 8.4562902 -0.31988189,4.0283554 8.5016328 -0.31988189,
  0.94980315 5.015748 -0.31988189,0.95692598 5.0561441 -0.31988189,
  0.97743583 5.0916677 -0.31988189,1.0088583 5.1180346 -0.31988189,
  1.0474039 5.1320638 -0.31988189,1.0884228 5.1320638 -0.31988189,
  1.1269685 5.1180346 -0.31988189,1.1583909 5.0916677 -0.31988189,
  1.1789008 5.0561441 -0.31988189,1.1860236 5.015748 -0.31988189,
  1.1789008 4.975352 -0.31988189,1.1583909 4.9398283 -0.31988189,
  1.1269685 4.9134614 -0.31988189,1.0884228 4.8994323 -0.31988189,
  1.0474039 4.8994323 -0.31988189,1.0088583 4.9134614 -0.31988189,
  0.97743583 4.9398283 -0.31988189,0.95692598 4.975352 -0.31988189,
  0.94980315 4.6220472 -0.31988189,0.95692598 4.6624433 -0.31988189,
  0.97743583 4.6979669 -0.31988189,1.0088583 4.7243339 -0.31988189,
  1.0474039 4.738363 -0.31988189,1.0884228 4.738363 -0.31988189,
  1.1269685 4.7243339 -0.31988189,1.1583909 4.6979669 -0.31988189,
  1.1789008 4.6624433 -0.31988189,1.1860236 4.6220472 -0.31988189,
  1.1789008 4.5816512 -0.31988189,1.1583909 4.5461276 -0.31988189,
  1.1269685 4.5197606 -0.31988189,1.0884228 4.5057315 -0.31988189,
  1.0474039 4.5057315 -0.31988189,1.0088583 4.5197606 -0.31988189,
  0.97743583 4.5461276 -0.31988189,0.95692598 4.5816512 -0.31988189,
  13.582677 0 -0.31988189,13.582677 13.877953 -0.31988189,
  0 13.877953 -0.31988189,0 7.5590551 -0.31988189,
  0 7.0866142 -0.31988189,0 6.8503937 -0.31988189,
  0 6.6141732 -0.31988189,0 6.496063 -0.31988189,
  0 6.1417323 -0.31988189,0 5.015748 -0.31988189,
  0 4.6220472 -0.31988189,0 0 -0.31988189,
  13.051181 7.480315 -0.31988189,13.051181 7.480315 -0.31988189,
  13.04762 7.4601169 -0.31988189,13.037365 7.4423551 -0.31988189,
  13.021654 7.4291717 -0.31988189,13.002381 7.422157 -0.31988189,
  12.981871 7.422157 -0.31988189,12.962598 7.4291717 -0.31988189,
  12.946887 7.4423551 -0.31988189,12.936632 7.4601169 -0.31988189,
  12.933071 7.480315 -0.31988189,12.936632 7.500513 -0.31988189,
  12.946887 7.5182749 -0.31988189,12.962598 7.5314582 -0.31988189,
  12.981871 7.5384729 -0.31988189,13.002381 7.5384729 -0.31988189,
  13.021654 7.5314582 -0.31988189,13.037365 7.5182749 -0.31988189,
  13.04762 7.500513 -0.31988189,12.26378 6.8503937 -0.31988189,
  12.256657 6.8099976 -0.31988189,12.236147 6.774474 -0.31988189,
  12.204724 6.7481071 -0.31988189,12.166179 6.734078 -0.31988189,
  12.12516 6.734078 -0.31988189,12.086614 6.7481071 -0.31988189,
  12.055192 6.774474 -0.31988189,12.034682 6.8099976 -0.31988189,
  12.027559 6.8503937 -0.31988189,12.034682 6.8907898 -0.31988189,
  12.055192 6.9263134 -0.31988189,12.086614 6.9526803 -0.31988189,
  12.12516 6.9667094 -0.31988189,12.166179 6.9667094 -0.31988189,
  12.204724 6.9526803 -0.31988189,12.236147 6.9263134 -0.31988189,
  12.256657 6.8907898 -0.31988189,12.933071 0.59055118 -0.31988189,
  12.936632 0.61074922 -0.31988189,12.946887 0.62851108 -0.31988189,
  12.962598 0.64169441 -0.31988189,12.981871 0.64870912 -0.31988189,
  13.002381 0.64870912 -0.31988189,13.021654 0.64169441 -0.31988189,
  13.037365 0.62851108 -0.31988189,13.04762 0.61074922 -0.31988189,
  13.051181 0.59055118 -0.31988189,13.04762 0.57035314 -0.31988189,
  13.037365 0.55259128 -0.31988189,13.021654 0.53940795 -0.31988189,
  13.002381 0.53239324 -0.31988189,12.981871 0.53239324 -0.31988189,
  12.962598 0.53940795 -0.31988189,12.946887 0.55259128 -0.31988189,
  12.936632 0.57035314 -0.31988189,0.53149606 0.59055118 -0.31988189,
  0.53505752 0.61074922 -0.31988189,0.54531234 0.62851108 -0.31988189,
  0.56102362 0.64169441 -0.31988189,0.58029637 0.64870912 -0.31988189,
  0.60080599 0.64870912 -0.31988189,0.62007874 0.64169441 -0.31988189,
  0.63579003 0.62851108 -0.31988189,0.64604484 0.61074922 -0.31988189,
  0.6496063 0.59055118 -0.31988189,0.64604484 0.57035314 -0.31988189,
  0.63579003 0.55259128 -0.31988189,0.62007874 0.53940795 -0.31988189,
  0.60080599 0.53239324 -0.31988189,0.58029637 0.53239324 -0.31988189,
  0.56102362 0.53940795 -0.31988189,0.54531234 0.55259128 -0.31988189,
  0.53505752 0.57035314 -0.31988189,12.027559 6.476378 -0.31988189,
  12.034682 6.516774 -0.31988189,12.055192 6.5522976 -0.31988189,
  12.086614 6.5786646 -0.31988189,12.12516 6.5926937 -0.31988189,
  12.166179 6.5926937 -0.31988189,12.204724 6.5786646 -0.31988189,
  12.236147 6.5522976 -0.31988189,12.256657 6.516774 -0.31988189,
  12.26378 6.476378 -0.31988189,12.256657 6.4359819 -0.31988189,
  12.236147 6.4004583 -0.31988189,12.204724 6.3740913 -0.31988189,
  12.166179 6.3600622 -0.31988189,12.12516 6.3600622 -0.31988189,
  12.086614 6.3740913 -0.31988189,12.055192 6.4004583 -0.31988189,
  12.034682 6.4359819 -0.31988189,12.027559 6.102363 -0.31988189,
  12.034682 6.1427591 -0.31988189,12.055192 6.1782827 -0.31988189,
  12.086614 6.2046496 -0.31988189,12.12516 6.2186787 -0.31988189,
  12.166179 6.2186787 -0.31988189,12.204724 6.2046496 -0.31988189,
  12.236147 6.1782827 -0.31988189,12.256657 6.1427591 -0.31988189,
  12.26378 6.102363 -0.31988189,12.256657 6.0619669 -0.31988189,
  12.236147 6.0264433 -0.31988189,12.204724 6.0000764 -0.31988189,
  12.166179 5.9860472 -0.31988189,12.12516 5.9860472 -0.31988189,
  12.086614 6.0000764 -0.31988189,12.055192 6.0264433 -0.31988189,
  12.034682 6.0619669 -0.31988189,6.8651575 7.5590551 -0.31988189,
  6.8580346 7.5186591 -0.31988189,6.8375248 7.4831354 -0.31988189,
  6.8061024 7.4567685 -0.31988189,6.7675567 7.4427394 -0.31988189,
  6.7265378 7.4427394 -0.31988189,6.6879921 7.4567685 -0.31988189,
  6.6565697 7.4831354 -0.31988189,6.6360598 7.5186591 -0.31988189,
  6.628937 7.5590551 -0.31988189,6.6360598 7.5994512 -0.31988189,
  6.6565697 7.6349748 -0.31988189,6.6879921 7.6613417 -0.31988189,
  6.7265378 7.6753709 -0.31988189,6.7675567 7.6753709 -0.31988189,
  6.8061024 7.6613417 -0.31988189,6.8375248 7.6349748 -0.31988189,
  6.8580346 7.5994512 -0.31988189,6.8651575 7.0866142 -0.31988189,
  6.8580346 7.0462181 -0.31988189,6.8375248 7.0106945 -0.31988189,
  6.8061024 6.9843276 -0.31988189,6.7675567 6.9702984 -0.31988189,
  6.7265378 6.9702984 -0.31988189,6.6879921 6.9843276 -0.31988189,
  6.6565697 7.0106945 -0.31988189,6.6360598 7.0462181 -0.31988189,
  6.628937 7.0866142 -0.31988189,6.6360598 7.1270102 -0.31988189,
  6.6565697 7.1625339 -0.31988189,6.6879921 7.1889008 -0.31988189,
  6.7265378 7.2029299 -0.31988189,6.7675567 7.2029299 -0.31988189,
  6.8061024 7.1889008 -0.31988189,6.8375248 7.1625339 -0.31988189,
  6.8580346 7.1270102 -0.31988189,6.8651575 6.6141732 -0.31988189,
  6.8580346 6.5737772 -0.31988189,6.8375248 6.5382535 -0.31988189,
  6.8061024 6.5118866 -0.31988189,6.7675567 6.4978575 -0.31988189,
  6.7265378 6.4978575 -0.31988189,6.6879921 6.5118866 -0.31988189,
  6.6565697 6.5382535 -0.31988189,6.6360598 6.5737772 -0.31988189,
  6.628937 6.6141732 -0.31988189,6.6360598 6.6545693 -0.31988189,
  6.6565697 6.6900929 -0.31988189,6.6879921 6.7164598 -0.31988189,
  6.7265378 6.730489 -0.31988189,6.7675567 6.730489 -0.31988189,
  6.8061024 6.7164598 -0.31988189,6.8375248 6.6900929 -0.31988189,
  6.8580346 6.6545693 -0.31988189,6.8651575 6.1417323 -0.31988189,
  6.8582157 6.102363 -0.31988189,6.8580346 6.1013362 -0.31988189,
  6.8375248 6.0658126 -0.31988189,6.8061024 6.0394457 -0.31988189,
  6.7675567 6.0254165 -0.31988189,6.7265378 6.0254165 -0.31988189,
  6.6879921 6.0394457 -0.31988189,6.6565697 6.0658126 -0.31988189,
  6.6360598 6.1013362 -0.31988189,6.628937 6.1417323 -0.31988189,
  6.6360598 6.1821283 -0.31988189,6.6565697 6.217652 -0.31988189,
  6.6879921 6.2440189 -0.31988189,6.7265378 6.258048 -0.31988189,
  6.7675567 6.258048 -0.31988189,6.8061024 6.2440189 -0.31988189,
  6.8375248 6.217652 -0.31988189,6.8580346 6.1821283 -0.31988189,
  7.1318898 12.098425 -0.31988189,7.1212509 12.04494 -0.31988189,
  7.0909539 11.999597 -0.31988189,7.0456113 11.9693 -0.31988189,
  6.992126 11.958661 -0.31988189,6.9386407 11.9693 -0.31988189,
  6.8932981 11.999597 -0.31988189,6.8630011 12.04494 -0.31988189,
  6.8523622 12.098425 -0.31988189,6.8630011 12.15191 -0.31988189,
  6.8932981 12.197253 -0.31988189,6.9386407 12.22755 -0.31988189,
  6.992126 12.238189 -0.31988189,7.0456113 12.22755 -0.31988189,
  7.0909539 12.197253 -0.31988189,7.1212509 12.15191 -0.31988189,
  7.7185039 8.5551181 -0.31988189,7.7291428 8.6086034 -0.31988189,
  7.7594398 8.653946 -0.31988189,7.8047824 8.684243 -0.31988189,
  7.8582677 8.6948819 -0.31988189,7.911753 8.684243 -0.31988189,
  7.9570956 8.653946 -0.31988189,7.9873926 8.6086034 -0.31988189,
  7.9980315 8.5551181 -0.31988189,7.9873926 8.5016328 -0.31988189,
  7.9570956 8.4562902 -0.31988189,7.911753 8.4259932 -0.31988189,
  7.8582677 8.4153543 -0.31988189,7.8047824 8.4259932 -0.31988189,
  7.7594398 8.4562902 -0.31988189,7.7291428 8.5016328 -0.31988189,
  8.8385827 6.8503937 -0.31988189,8.8314598 6.8099976 -0.31988189,
  8.81095 6.774474 -0.31988189,8.7795276 6.7481071 -0.31988189,
  8.7409819 6.734078 -0.31988189,8.699963 6.734078 -0.31988189,
  8.6614173 6.7481071 -0.31988189,8.6299949 6.774474 -0.31988189,
  8.609485 6.8099976 -0.31988189,8.6023622 6.8503937 -0.31988189,
  8.609485 6.8907898 -0.31988189,8.6299949 6.9263134 -0.31988189,
  8.6614173 6.9526803 -0.31988189,8.699963 6.9667094 -0.31988189,
  8.7409819 6.9667094 -0.31988189,8.7795276 6.9526803 -0.31988189,
  8.81095 6.9263134 -0.31988189,8.8314598 6.8907898 -0.31988189,
  8.8385827 6.496063 -0.31988189,8.8351118 6.476378 -0.31988189,
  8.8314598 6.4556669 -0.31988189,8.81095 6.4201433 -0.31988189,
  8.7795276 6.3937764 -0.31988189,8.7409819 6.3797472 -0.31988189,
  8.699963 6.3797472 -0.31988189,8.6614173 6.3937764 -0.31988189,
  8.6299949 6.4201433 -0.31988189,8.609485 6.4556669 -0.31988189,
  8.6023622 6.496063 -0.31988189,8.609485 6.5364591 -0.31988189,
  8.6299949 6.5719827 -0.31988189,8.6614173 6.5983496 -0.31988189,
  8.699963 6.6123787 -0.31988189,8.7409819 6.6123787 -0.31988189,
  8.7795276 6.5983496 -0.31988189,8.81095 6.5719827 -0.31988189,
  8.8314598 6.5364591 -0.31988189] }
 coordIndex [
  261,260,196,-1,261,196,169,-1,169,196,187,-1,169,187,170,-1,170,187,186,-1,170,186,171,-1,171,186,185,-1,171,185,172,-1,
  172,185,184,-1,172,184,173,-1,173,184,183,-1,173,183,174,-1,174,183,182,-1,174,182,175,-1,175,182,181,-1,175,181,176,-1,
  176,181,180,-1,176,180,177,-1,177,180,179,-1,177,179,160,-1,160,179,178,-1,160,178,272,-1,272,178,195,-1,272,195,194,-1,
  168,167,41,-1,168,41,169,-1,169,41,40,-1,169,40,136,-1,136,40,120,-1,136,120,137,-1,137,120,119,-1,137,119,138,-1,
  138,119,118,-1,138,118,139,-1,139,118,117,-1,139,117,140,-1,140,117,116,-1,140,116,141,-1,141,116,115,-1,141,115,142,-1,
  142,115,114,-1,142,114,143,-1,143,114,113,-1,143,113,128,-1,128,113,112,-1,128,112,159,-1,159,112,144,-1,120,40,104,-1,
  120,104,121,-1,121,104,103,-1,121,103,122,-1,122,103,102,-1,122,102,123,-1,123,102,101,-1,123,101,124,-1,124,101,100,-1,
  124,100,125,-1,125,100,99,-1,125,99,126,-1,126,99,98,-1,126,98,127,-1,127,98,97,-1,127,97,112,-1,112,97,96,-1,
  112,96,144,-1,144,96,80,-1,144,80,64,-1,64,80,65,-1,104,40,88,-1,104,88,105,-1,105,88,87,-1,105,87,106,-1,
  106,87,86,-1,106,86,107,-1,107,86,85,-1,107,85,108,-1,108,85,84,-1,108,84,109,-1,109,84,83,-1,109,83,110,-1,
  110,83,82,-1,110,82,111,-1,111,82,81,-1,111,81,96,-1,96,81,80,-1,88,40,72,-1,88,72,89,-1,89,72,71,-1,
  89,71,90,-1,90,71,70,-1,90,70,91,-1,91,70,69,-1,91,69,92,-1,92,69,68,-1,92,68,93,-1,93,68,67,-1,
  93,67,94,-1,94,67,66,-1,94,66,95,-1,95,66,65,-1,95,65,80,-1,72,40,56,-1,72,56,73,-1,73,56,55,-1,
  73,55,74,-1,74,55,54,-1,74,54,75,-1,75,54,53,-1,75,53,76,-1,76,53,52,-1,76,52,77,-1,77,52,51,-1,
  77,51,78,-1,78,51,50,-1,78,50,79,-1,79,50,49,-1,79,49,64,-1,64,49,48,-1,64,48,144,-1,144,48,32,-1,
  144,32,16,-1,16,32,17,-1,57,40,39,-1,57,39,58,-1,58,39,38,-1,58,38,59,-1,59,38,37,-1,59,37,60,-1,
  60,37,36,-1,60,36,61,-1,61,36,35,-1,61,35,62,-1,62,35,34,-1,62,34,63,-1,63,34,33,-1,63,33,48,-1,
  48,33,32,-1,8,398,326,-1,8,326,381,-1,381,326,362,-1,381,362,382,-1,382,362,361,-1,382,361,383,-1,383,361,360,-1,
  383,360,384,-1,384,360,359,-1,384,359,385,-1,385,359,358,-1,385,358,386,-1,386,358,357,-1,386,357,387,-1,387,357,356,-1,
  387,356,388,-1,388,356,355,-1,388,355,389,-1,389,355,354,-1,389,354,371,-1,371,354,353,-1,371,353,261,-1,261,353,335,-1,
  261,335,317,-1,317,335,318,-1,362,326,344,-1,362,344,363,-1,363,344,343,-1,363,343,364,-1,364,343,342,-1,364,342,365,-1,
  365,342,341,-1,365,341,366,-1,366,341,340,-1,366,340,367,-1,367,340,339,-1,367,339,368,-1,368,339,338,-1,368,338,369,-1,
  369,338,337,-1,369,337,370,-1,370,337,336,-1,370,336,353,-1,353,336,335,-1,318,335,352,-1,318,352,319,-1,319,352,351,-1,
  319,351,320,-1,320,351,350,-1,320,350,321,-1,321,350,349,-1,321,349,322,-1,322,349,348,-1,322,348,323,-1,323,348,347,-1,
  323,347,324,-1,324,347,346,-1,324,346,325,-1,325,346,345,-1,325,345,326,-1,326,345,344,-1,395,394,421,-1,395,421,396,-1,
  396,421,317,-1,396,317,397,-1,397,317,334,-1,397,334,398,-1,398,334,333,-1,398,333,332,-1,449,415,414,-1,449,414,450,-1,
  450,414,431,-1,450,431,451,-1,451,431,430,-1,451,430,452,-1,452,430,429,-1,452,429,453,-1,453,429,428,-1,453,428,454,-1,
  454,428,427,-1,454,427,455,-1,455,427,426,-1,455,426,456,-1,456,426,425,-1,456,425,457,-1,457,425,424,-1,457,424,458,-1,
  458,424,423,-1,458,423,440,-1,440,423,422,-1,440,422,261,-1,261,422,262,-1,197,238,237,-1,197,237,422,-1,422,237,236,-1,
  422,236,299,-1,299,236,281,-1,299,281,300,-1,300,281,298,-1,300,298,301,-1,301,298,297,-1,301,297,302,-1,302,297,296,-1,
  302,296,303,-1,303,296,295,-1,303,295,304,-1,304,295,294,-1,304,294,305,-1,305,294,293,-1,305,293,306,-1,306,293,292,-1,
  306,292,307,-1,307,292,291,-1,307,291,308,-1,308,291,290,-1,308,290,245,-1,245,290,227,-1,245,227,218,-1,218,227,197,-1,
  218,197,219,-1,219,197,220,-1,282,236,235,-1,282,235,283,-1,283,235,234,-1,283,234,284,-1,284,234,233,-1,284,233,285,-1,
  285,233,232,-1,285,232,286,-1,286,232,231,-1,286,231,287,-1,287,231,230,-1,287,230,288,-1,288,230,229,-1,288,229,289,-1,
  289,229,228,-1,289,228,290,-1,290,228,227,-1,226,225,197,-1,226,197,208,-1,208,197,196,-1,209,196,254,-1,209,254,210,-1,
  210,254,253,-1,210,253,211,-1,211,253,252,-1,211,252,212,-1,212,252,251,-1,212,251,213,-1,213,251,250,-1,213,250,214,-1,
  214,250,249,-1,214,249,215,-1,215,249,248,-1,215,248,216,-1,216,248,247,-1,216,247,217,-1,217,247,246,-1,217,246,218,-1,
  218,246,245,-1,220,197,221,-1,221,197,222,-1,222,197,223,-1,223,197,224,-1,224,197,225,-1,238,197,239,-1,239,197,240,-1,
  240,197,241,-1,241,197,242,-1,242,197,243,-1,243,197,244,-1,244,197,227,-1,198,197,44,-1,44,197,45,-1,45,197,46,-1,
  46,197,47,-1,47,197,20,-1,20,197,21,-1,21,197,22,-1,22,197,23,-1,23,197,24,-1,24,197,401,-1,401,197,402,-1,
  402,197,403,-1,403,197,404,-1,404,197,405,-1,405,197,390,-1,390,197,408,-1,408,197,409,-1,409,197,410,-1,410,197,411,-1,
  411,197,412,-1,412,197,413,-1,413,197,414,-1,414,197,433,-1,433,197,434,-1,434,197,435,-1,435,197,436,-1,436,197,437,-1,
  437,197,438,-1,438,197,439,-1,439,197,422,-1,433,432,414,-1,414,432,431,-1,407,406,390,-1,390,406,391,-1,391,406,392,-1,
  392,406,393,-1,393,406,394,-1,394,406,421,-1,326,398,327,-1,327,398,328,-1,328,398,329,-1,329,398,330,-1,330,398,331,-1,
  331,398,332,-1,400,399,152,-1,152,399,1,-1,1,399,2,-1,2,399,3,-1,3,399,4,-1,4,399,5,-1,5,399,6,-1,
  6,399,7,-1,7,399,8,-1,8,399,398,-1,153,152,379,-1,379,152,14,-1,14,152,15,-1,15,152,0,-1,0,152,1,-1,
  401,400,24,-1,24,400,146,-1,146,400,147,-1,147,400,148,-1,148,400,149,-1,149,400,150,-1,150,400,151,-1,151,400,152,-1,
  145,144,24,-1,24,144,25,-1,25,144,26,-1,26,144,27,-1,27,144,28,-1,28,144,29,-1,29,144,30,-1,30,144,31,-1,
  31,144,16,-1,47,20,19,-1,47,19,32,-1,32,19,18,-1,32,18,17,-1,42,41,198,-1,198,41,161,-1,161,41,162,-1,
  162,41,163,-1,163,41,164,-1,164,41,165,-1,165,41,166,-1,166,41,167,-1,161,160,198,-1,198,160,263,-1,263,160,264,-1,
  264,160,265,-1,265,160,266,-1,266,160,267,-1,267,160,268,-1,268,160,269,-1,269,160,270,-1,270,160,271,-1,271,160,272,-1,
  44,43,198,-1,198,43,42,-1,254,196,255,-1,255,196,256,-1,256,196,257,-1,257,196,258,-1,258,196,259,-1,259,196,260,-1,
  308,245,309,-1,309,245,310,-1,310,245,311,-1,311,245,312,-1,312,245,313,-1,313,245,314,-1,314,245,315,-1,315,245,316,-1,
  316,245,299,-1,299,245,422,-1,422,245,262,-1,440,261,441,-1,441,261,442,-1,442,261,443,-1,443,261,444,-1,444,261,445,-1,
  445,261,446,-1,446,261,447,-1,447,261,448,-1,448,261,317,-1,415,449,416,-1,416,449,417,-1,417,449,418,-1,418,449,419,-1,
  419,449,420,-1,420,449,421,-1,421,449,317,-1,317,449,448,-1,371,261,372,-1,372,261,373,-1,373,261,374,-1,374,261,375,-1,
  375,261,376,-1,376,261,377,-1,377,261,378,-1,378,261,379,-1,379,261,169,-1,9,8,379,-1,379,8,380,-1,380,8,381,-1,
  9,379,10,-1,10,379,11,-1,11,379,12,-1,12,379,13,-1,13,379,14,-1,153,379,154,-1,154,379,155,-1,155,379,156,-1,
  156,379,157,-1,157,379,158,-1,158,379,169,-1,128,159,129,-1,129,159,130,-1,130,159,131,-1,131,159,132,-1,132,159,133,-1,
  133,159,134,-1,134,159,135,-1,135,159,169,-1,169,159,158,-1,187,196,188,-1,188,196,189,-1,189,196,190,-1,190,196,191,-1,
  191,196,192,-1,192,196,272,-1,272,196,273,-1,273,196,274,-1,274,196,275,-1,275,196,276,-1,276,196,277,-1,277,196,207,-1,
  192,272,193,-1,193,272,194,-1,198,263,199,-1,199,263,200,-1,200,263,201,-1,201,263,202,-1,202,263,203,-1,203,263,204,-1,
  204,263,205,-1,205,263,206,-1,206,263,207,-1,207,263,280,-1,277,207,278,-1,278,207,279,-1,279,207,280,-1,135,169,136,-1,
  24,146,145,-1,390,408,407,-1,236,282,281,-1,40,57,56,-1]
  normalPerVertex TRUE
  normal DEF NORM_7 Normal { vector [
  0 0 -1,0 0 -1,
  0 0 -1,0 0 -1,
  0 0 -1,0 0 -1,
  0 0 -1,0 0 -1,
  0 0 -1,0 0 -1,
  0 0 -1,0 0 -1,
  0 0 -1,0 0 -1,
  0 0 -1,0 0 -1,
  0 0 -1,0 0 -1,
  0 0 -1,0 0 -1,
  0 0 -1,0 0 -1,
  0 0 -1,0 0 -1,
  0 0 -1,0 0 -1,
  0 0 -1,0 0 -1,
  0 0 -1,0 0 -1,
  0 0 -1,0 0 -1,
  0 0 -1,0 0 -1,
  0 0 -1,0 0 -1,
  0 0 -1,0 0 -1,
  0 0 -1,0 0 -1,
  0 0 -1,0 0 -1,
  0 0 -1,0 0 -1,
  0 0 -1,0 0 -1,
  0 0 -1,0 0 -1,
  0 0 -1,0 0 -1,
  0 0 -1,0 0 -1,
  0 0 -1,0 0 -1,
  0 0 -1,0 0 -1,
  0 0 -1,0 0 -1,
  0 0 -1,0 0 -1,
  0 0 -1,0 0 -1,
  0 0 -1,0 0 -1,
  0 0 -1,0 0 -1,
  0 0 -1,0 0 -1,
  0 0 -1,0 0 -1,
  0 0 -1,0 0 -1,
  0 0 -1,0 0 -1,
  0 0 -1,0 0 -1,
  0 0 -1,0 0 -1,
  0 0 -1,0 0 -1,
  0 0 -1,0 0 -1,
  0 0 -1,0 0 -1,
  0 0 -1,0 0 -1,
  0 0 -1,0 0 -1,
  0 0 -1,0 0 -1,
  0 0 -1,0 0 -1,
  0 0 -1,0 0 -1,
  0 0 -1,0 0 -1,
  0 0 -1,0 0 -1,
  0 0 -1,0 0 -1,
  0 0 -1,0 0 -1,
  0 0 -1,0 0 -1,
  0 0 -1,0 0 -1,
  0 0 -1,0 0 -1,
  0 0 -1,0 0 -1,
  0 0 -1,0 0 -1,
  0 0 -1,0 0 -1,
  0 0 -1,0 0 -1,
  0 0 -1,0 0 -1,
  0 0 -1,0 0 -1,
  0 0 -1,0 0 -1,
  0 0 -1,0 0 -1,
  0 0 -1,0 0 -1,
  0 0 -1,0 0 -1,
  0 0 -1,0 0 -1,
  0 0 -1,0 0 -1,
  0 0 -1,0 0 -1,
  0 0 -1,0 0 -1,
  0 0 -1,0 0 -1,
  0 0 -1,0 0 -1,
  0 0 -1,0 0 -1,
  0 0 -1,0 0 -1,
  0 0 -1,0 0 -1,
  0 0 -1,0 0 -1,
  0 0 -1,0 0 -1,
  0 0 -1,0 0 -1,
  0 0 -1,0 0 -1,
  0 0 -1,0 0 -1,
  0 0 -1,0 0 -1,
  0 0 -1,0 0 -1,
  0 0 -1,0 0 -1,
  0 0 -1,0 0 -1,
  0 0 -1,0 0 -1,
  0 0 -1,0 0 -1,
  0 0 -1,0 0 -1,
  0 0 -1,0 0 -1,
  0 0 -1,0 0 -1,
  0 0 -1,0 0 -1,
  0 0 -1,0 0 -1,
  0 0 -1,0 0 -1,
  0 0 -1,0 0 -1,
  0 0 -1,0 0 -1,
  0 0 -1,0 0 -1,
  0 0 -1,0 0 -1,
  0 0 -1,0 0 -1,
  0 0 -1,0 0 -1,
  0 0 -1,0 0 -1,
  0 0 -1,0 0 -1,
  0 0 -1,0 0 -1,
  0 0 -1,0 0 -1,
  0 0 -1,0 0 -1,
  0 0 -1,0 0 -1,
  0 0 -1,0 0 -1,
  0 0 -1,0 0 -1,
  0 0 -1,0 0 -1,
  0 0 -1,0 0 -1,
  0 0 -1,0 0 -1,
  0 0 -1,0 0 -1,
  0 0 -1,0 0 -1,
  0 0 -1,0 0 -1,
  0 0 -1,0 0 -1,
  0 0 -1,0 0 -1,
  0 0 -1,0 0 -1,
  0 0 -1,0 0 -1,
  0 0 -1,0 0 -1,
  0 0 -1,0 0 -1,
  0 0 -1,0 0 -1,
  0 0 -1,0 0 -1,
  0 0 -1,0 0 -1,
  0 0 -1,0 0 -1,
  0 0 -1,0 0 -1,
  0 0 -1,0 0 -1,
  0 0 -1,0 0 -1,
  0 0 -1,0 0 -1,
  0 0 -1,0 0 -1,
  0 0 -1,0 0 -1,
  0 0 -1,0 0 -1,
  0 0 -1,0 0 -1,
  0 0 -1,0 0 -1,
  0 0 -1,0 0 -1,
  0 0 -1,0 0 -1,
  0 0 -1,0 0 -1,
  0 0 -1,0 0 -1,
  0 0 -1,0 0 -1,
  0 0 -1,0 0 -1,
  0 0 -1,0 0 -1,
  0 0 -1,0 0 -1,
  0 0 -1,0 0 -1,
  0 0 -1,0 0 -1,
  0 0 -1,0 0 -1,
  0 0 -1,0 0 -1,
  0 0 -1,0 0 -1,
  0 0 -1,0 0 -1,
  0 0 -1,0 0 -1,
  0 0 -1,0 0 -1,
  0 0 -1,0 0 -1,
  0 0 -1,0 0 -1,
  0 0 -1,0 0 -1,
  0 0 -1,0 0 -1,
  0 0 -1,0 0 -1,
  0 0 -1,0 0 -1,
  0 0 -1,0 0 -1,
  0 0 -1,0 0 -1,
  0 0 -1,0 0 -1,
  0 0 -1,0 0 -1,
  0 0 -1,0 0 -1,
  0 0 -1,0 0 -1,
  0 0 -1,0 0 -1,
  0 0 -1,0 0 -1,
  0 0 -1,0 0 -1,
  0 0 -1,0 0 -1,
  0 0 -1,0 0 -1,
  0 0 -1,0 0 -1,
  0 0 -1,0 0 -1,
  0 0 -1,0 0 -1,
  0 0 -1,0 0 -1,
  0 0 -1,0 0 -1,
  0 0 -1,0 0 -1,
  0 0 -1,0 0 -1,
  0 0 -1,0 0 -1,
  0 0 -1,0 0 -1,
  0 0 -1,0 0 -1,
  0 0 -1,0 0 -1,
  0 0 -1,0 0 -1,
  0 0 -1,0 0 -1,
  0 0 -1,0 0 -1,
  0 0 -1,0 0 -1,
  0 0 -1,0 0 -1,
  0 0 -1,0 0 -1,
  0 0 -1,0 0 -1,
  0 0 -1,0 0 -1,
  0 0 -1,0 0 -1,
  0 0 -1,0 0 -1,
  0 0 -1,0 0 -1,
  0 0 -1,0 0 -1,
  0 0 -1,0 0 -1,
  0 0 -1,0 0 -1,
  0 0 -1,0 0 -1,
  0 0 -1,0 0 -1,
  0 0 -1,0 0 -1,
  0 0 -1,0 0 -1,
  0 0 -1,0 0 -1,
  0 0 -1,0 0 -1,
  0 0 -1,0 0 -1,
  0 0 -1,0 0 -1,
  0 0 -1,0 0 -1,
  0 0 -1,0 0 -1,
  0 0 -1,0 0 -1,
  0 0 -1,0 0 -1,
  0 0 -1,0 0 -1,
  0 0 -1,0 0 -1,
  0 0 -1,0 0 -1,
  0 0 -1,0 0 -1,
  0 0 -1,0 0 -1,
  0 0 -1,0 0 -1,
  0 0 -1,0 0 -1,
  0 0 -1,0 0 -1,
  0 0 -1,0 0 -1,
  0 0 -1,0 0 -1,
  0 0 -1,0 0 -1,
  0 0 -1,0 0 -1,
  0 0 -1,0 0 -1,
  0 0 -1,0 0 -1,
  0 0 -1,0 0 -1,
  0 0 -1,0 0 -1,
  0 0 -1,0 0 -1,
  0 0 -1,0 0 -1,
  0 0 -1,0 0 -1,
  0 0 -1,0 0 -1,
  0 0 -1,0 0 -1,
  0 0 -1,0 0 -1,
  0 0 -1,0 0 -1,
  0 0 -1,0 0 -1,
  0 0 -1,0 0 -1,
  0 0 -1,0 0 -1,
  0 0 -1,0 0 -1,
  0 0 -1,0 0 -1,
  0 0 -1,0 0 -1,
  0 0 -1,0 0 -1,
  0 0 -1] }
}
}
] }
DEF TXFM_8 Transform {
  center 0 0 0
  rotation 0 0 1 0
  scale 1 1 1
  scaleOrientation 0 0 1 0
  translation 0 0 0
 children [
DEF SHAPE_8 Shape {
 appearance DEF APP_6 Appearance {
  material Material {
   ambientIntensity 0.72857141
   diffuseColor 0.96078432 0.96078432 0.96078432
   emissiveColor 0 0 0
   shininess 0.02
   specularColor 0.96470588 0.96470588 0.96470588
   transparency 0
} }
 geometry DEF FACE_8 IndexedFaceSet {
  coord DEF COORD_8 Coordinate { point [
  12.586893 3.3152406 0.34448819,12.458941 3.4431933 0.34448819,
  12.452974 3.4480894 0.34448819,12.438782 3.4539681 0.34448819,
  12.431102 3.4547244 0.34448819,5.0255854 3.4547244 0.34448819,
  5.0179047 3.4539681 0.34448819,5.0037126 3.4480894 0.34448819,
  4.9977465 3.4431933 0.34448819,4.9131055 3.3585524 0.34448819,
  4.9082094 3.3525862 0.34448819,4.9023307 3.3383941 0.34448819,
  4.9015744 3.3307134 0.34448819,4.9015744 3.3144055 0.34448819,
  4.9015744 0.29527559 0.34448819,4.9023307 0.28759488 0.34448819,
  4.9082094 0.27340276 0.34448819,4.9190717 0.26254055 0.34448819,
  4.9332638 0.25666181 0.34448819,4.9409445 0.25590551 0.34448819,
  12.470472 0.25590551 0.34448819,12.478153 0.25666181 0.34448819,
  12.492345 0.26254055 0.34448819,12.498311 0.26743661 0.34448819,
  12.586893 0.3560185 0.34448819,12.591789 0.36198425 0.34448819,
  12.593511 0.36614134 0.34448819,12.597668 0.37617677 0.34448819,
  12.598424 0.38385748 0.34448819,12.598424 3.2874016 0.34448819,
  12.597668 3.2950823 0.34448819,12.593511 3.3051181 0.34448819,
  12.591789 3.3092748 0.34448819,12.519684 3.2710941 0.34448819,
  12.519684 0.40016535 0.34448819,12.454165 0.33464567 0.34448819,
  4.9803146 0.33464567 0.34448819,4.9803146 3.3144055 0.34448819,
  5.0418933 3.3759843 0.34448819,12.414794 3.3759843 0.34448819,
  6.6675508 7.7242161 0.34448819,6.661672 7.7384083 0.34448819,
  6.6508098 7.7492705 0.34448819,6.6366177 7.7551492 0.34448819,
  6.628937 7.7559055 0.34448819,0.95964567 7.7559055 0.34448819,
  0.95196496 7.7551492 0.34448819,0.93777283 7.7492705 0.34448819,
  0.92691063 7.7384083 0.34448819,0.92103189 7.7242161 0.34448819,
  0.92027559 7.7165354 0.34448819,0.92027559 5.1968504 0.34448819,
  0.92103189 5.1891697 0.34448819,0.92691063 5.1749776 0.34448819,
  0.93777283 5.1641154 0.34448819,0.95196496 5.1582366 0.34448819,
  0.96732638 5.1582366 0.34448819,0.9815185 5.1641154 0.34448819,
  0.99238071 5.1749776 0.34448819,0.99825945 5.1891697 0.34448819,
  0.99901575 5.1968504 0.34448819,0.99901575 7.6771654 0.34448819,
  6.628937 7.6771654 0.34448819,6.6366177 7.6779217 0.34448819,
  6.6508098 7.6838004 0.34448819,6.661672 7.6946626 0.34448819,
  6.6675508 7.7088547 0.34448819,8.6803461 6.267524 0.34448819,
  8.6744673 6.2817161 0.34448819,8.6636051 6.2925783 0.34448819,
  8.649413 6.2984571 0.34448819,8.6340516 6.2984571 0.34448819,
  8.6198594 6.2925783 0.34448819,8.6089972 6.2817161 0.34448819,
  8.6031185 6.267524 0.34448819,8.6023622 6.2598433 0.34448819,
  8.6023622 5.8661417 0.34448819,8.6031185 5.858461 0.34448819,
  8.6089972 5.8442689 0.34448819,8.6198594 5.8334067 0.34448819,
  8.6340516 5.827528 0.34448819,8.6417323 5.8267717 0.34448819,
  12.224409 5.8267717 0.34448819,12.23209 5.827528 0.34448819,
  12.246282 5.8334067 0.34448819,12.257144 5.8442689 0.34448819,
  12.263023 5.858461 0.34448819,12.263023 5.8738224 0.34448819,
  12.257144 5.8880146 0.34448819,12.246282 5.8988768 0.34448819,
  12.23209 5.9047555 0.34448819,12.224409 5.9055118 0.34448819,
  8.6811024 5.9055118 0.34448819,8.6811024 6.2598433 0.34448819,
  12.263023 7.0942961 0.34448819,12.257144 7.1084882 0.34448819,
  12.246282 7.1193504 0.34448819,12.23209 7.1252291 0.34448819,
  12.224409 7.1259854 0.34448819,8.6417323 7.1259854 0.34448819,
  8.6340516 7.1252291 0.34448819,8.6198594 7.1193504 0.34448819,
  8.6089972 7.1084882 0.34448819,8.6031185 7.0942961 0.34448819,
  8.6031185 7.0789346 0.34448819,8.6089972 7.0647425 0.34448819,
  8.6198594 7.0538803 0.34448819,8.6340516 7.0480016 0.34448819,
  8.6417323 7.0472453 0.34448819,12.224409 7.0472453 0.34448819,
  12.23209 7.0480016 0.34448819,12.246282 7.0538803 0.34448819,
  12.257144 7.0647425 0.34448819,12.263023 7.0789346 0.34448819,
  9.0695118 7.7021055 0.34448819,9.0470146 7.7133539 0.34448819,
  9.0416083 7.7154228 0.34448819,9.04055 7.715498 0.34448819,
  9.0395701 7.7159039 0.34448819,9.0338094 7.7164713 0.34448819,
  8.9775665 7.7164713 0.34448819,8.9718059 7.7159039 0.34448819,
  8.9708256 7.715498 0.34448819,8.9697681 7.7154228 0.34448819,
  8.9643618 7.7133539 0.34448819,8.9418642 7.7021055 0.34448819,
  8.9393862 7.7005461 0.34448819,8.9386646 7.7002469 0.34448819,
  8.937852 7.6995803 0.34448819,8.9369657 7.699022 0.34448819,
  8.9364551 7.6984339 0.34448819,8.9341902 7.6965744 0.34448819,
  8.9229413 7.6853256 0.34448819,8.9192693 7.6808512 0.34448819,
  8.9148602 7.6702067 0.34448819,8.9148602 7.6586862 0.34448819,
  8.9192693 7.6480417 0.34448819,8.9274157 7.6398953 0.34448819,
  8.9380602 7.6354862 0.34448819,8.9495807 7.6354862 0.34448819,
  8.9602252 7.6398953 0.34448819,8.9646996 7.6435673 0.34448819,
  8.9725598 7.651428 0.34448819,8.984537 7.6574161 0.34448819,
  9.0268394 7.6574161 0.34448819,9.038815 7.6514283 0.34448819,
  9.0432874 7.6469559 0.34448819,9.049276 7.6349791 0.34448819,
  9.049276 7.6242429 0.34448819,9.0417472 7.6016567 0.34448819,
  8.9116929 7.4716024 0.34448819,8.9080209 7.467128 0.34448819,
  8.9036118 7.4564839 0.34448819,8.9036118 7.4449626 0.34448819,
  8.9080209 7.4343185 0.34448819,8.9161673 7.426172 0.34448819,
  8.9268114 7.421763 0.34448819,8.932572 7.4211957 0.34448819,
  9.0788035 7.4211957 0.34448819,9.0845642 7.421763 0.34448819,
  9.0952083 7.426172 0.34448819,9.1033547 7.4343185 0.34448819,
  9.1077638 7.4449626 0.34448819,9.1077638 7.4564839 0.34448819,
  9.1033547 7.467128 0.34448819,9.0952083 7.4752744 0.34448819,
  9.0845642 7.4796835 0.34448819,9.0788035 7.4802508 0.34448819,
  9.0038579 7.4802508 0.34448819,9.0884343 7.5648272 0.34448819,
  9.0921063 7.5693016 0.34448819,9.0925122 7.5702823 0.34448819,
  9.0932075 7.5710835 0.34448819,9.0955673 7.5763689 0.34448819,
  9.1068157 7.6101146 0.34448819,9.107465 7.6129705 0.34448819,
  9.1077638 7.6136913 0.34448819,9.1078665 7.6147366 0.34448819,
  9.1080992 7.6157591 0.34448819,9.1080437 7.6165366 0.34448819,
  9.1083311 7.619452 0.34448819,9.1083311 7.6419492 0.34448819,
  9.1077638 7.6477098 0.34448819,9.1073575 7.6486902 0.34448819,
  9.1072827 7.6497476 0.34448819,9.1052138 7.6551539 0.34448819,
  9.0939654 7.6776516 0.34448819,9.0924051 7.6801303 0.34448819,
  9.0921067 7.6808508 0.34448819,9.0914406 7.6816626 0.34448819,
  9.0908819 7.68255 0.34448819,9.0902929 7.6830606 0.34448819,
  9.0884346 7.6853252 0.34448819,9.0771862 7.696574 0.34448819,
  9.0749217 7.6984327 0.34448819,9.0744106 7.699022 0.34448819,
  9.0735224 7.6995811 0.34448819,9.0727118 7.7002465 0.34448819,
  9.0719909 7.7005453 0.34448819,8.6560535 7.6918008 0.34448819,
  8.6559181 7.6914272 0.34448819,8.6559484 7.6907319 0.34448819,
  8.6555756 7.6869437 0.34448819,8.6555756 7.4507232 0.34448819,
  8.6561429 7.4449626 0.34448819,8.660552 7.4343185 0.34448819,
  8.6686984 7.426172 0.34448819,8.6793425 7.421763 0.34448819,
  8.6908638 7.421763 0.34448819,8.7015079 7.426172 0.34448819,
  8.7096543 7.4343185 0.34448819,8.7140634 7.4449626 0.34448819,
  8.7146307 7.4507232 0.34448819,8.7146307 7.5538465 0.34448819,
  8.7370858 7.505728 0.34448819,8.7383354 7.5036189 0.34448819,
  8.7385953 7.5029043 0.34448819,8.7390579 7.5023992 0.34448819,
  8.7400362 7.500748 0.34448819,8.7433453 7.4977173 0.34448819,
  8.7463764 7.4944079 0.34448819,8.747565 7.4938535 0.34448819,
  8.7485327 7.4929669 0.34448819,8.7527488 7.4914339 0.34448819,
  8.7568165 7.4895354 0.34448819,8.758128 7.489478 0.34448819,
  8.7593598 7.4890299 0.34448819,8.7638433 7.4892272 0.34448819,
  8.7683268 7.4890299 0.34448819,8.7695583 7.489478 0.34448819,
  8.7708701 7.4895354 0.34448819,8.7749374 7.4914339 0.34448819,
  8.7791539 7.4929669 0.34448819,8.7801213 7.4938535 0.34448819,
  8.7813102 7.4944079 0.34448819,8.7843409 7.4977173 0.34448819,
  8.7876504 7.500748 0.34448819,8.788628 7.5023988 0.34448819,
  8.7890913 7.5029043 0.34448819,8.7893512 7.5036193 0.34448819,
  8.7906008 7.5057283 0.34448819,8.8130559 7.5538465 0.34448819,
  8.8130559 7.4507232 0.34448819,8.8136232 7.4449626 0.34448819,
  8.8180323 7.4343185 0.34448819,8.8261787 7.426172 0.34448819,
  8.8368228 7.421763 0.34448819,8.8483441 7.421763 0.34448819,
  8.8589882 7.426172 0.34448819,8.8671346 7.4343185 0.34448819,
  8.8715437 7.4449626 0.34448819,8.872111 7.4507232 0.34448819,
  8.872111 7.6869437 0.34448819,8.8717378 7.6907319 0.34448819,
  8.8717685 7.6914272 0.34448819,8.8716327 7.6918008 0.34448819,
  8.8715437 7.6927043 0.34448819,8.8695823 7.6974394 0.34448819,
  8.8678315 7.7022543 0.34448819,8.8673866 7.7027402 0.34448819,
  8.8671346 7.7033484 0.34448819,8.8635102 7.7069728 0.34448819,
  8.8600504 7.7107508 0.34448819,8.8594535 7.7110295 0.34448819,
  8.8589882 7.7114949 0.34448819,8.8542551 7.7134555 0.34448819,
  8.8496102 7.7156232 0.34448819,8.848952 7.7156524 0.34448819,
  8.8483441 7.7159039 0.34448819,8.8432185 7.7159039 0.34448819,
  8.8381 7.7161287 0.34448819,8.8374819 7.7159039 0.34448819,
  8.8368228 7.7159039 0.34448819,8.8320878 7.7139429 0.34448819,
  8.8272728 7.7121917 0.34448819,8.826787 7.7117472 0.34448819,
  8.8261787 7.7114949 0.34448819,8.8225543 7.7078709 0.34448819,
  8.8187764 7.7044106 0.34448819,8.8183138 7.7036303 0.34448819,
  8.8180323 7.7033484 0.34448819,8.8177654 7.7027047 0.34448819,
  8.815826 7.6994307 0.34448819,8.7638429 7.5880394 0.34448819,
  8.7118606 7.6994303 0.34448819,8.7099213 7.7027043 0.34448819,
  8.7096543 7.7033484 0.34448819,8.7093724 7.7036303 0.34448819,
  8.7089102 7.7044106 0.34448819,8.7051319 7.7078709 0.34448819,
  8.7015079 7.7114949 0.34448819,8.7008992 7.7117472 0.34448819,
  8.7004138 7.7121917 0.34448819,8.6955984 7.7139429 0.34448819,
  8.6908638 7.7159039 0.34448819,8.6902047 7.7159039 0.34448819,
  8.6895866 7.7161287 0.34448819,8.6844681 7.7159039 0.34448819,
  8.6793425 7.7159039 0.34448819,8.6787343 7.7156524 0.34448819,
  8.6780764 7.7156232 0.34448819,8.6734311 7.7134555 0.34448819,
  8.6686984 7.7114949 0.34448819,8.6682327 7.7110295 0.34448819,
  8.6676362 7.7107508 0.34448819,8.664176 7.7069728 0.34448819,
  8.660552 7.7033484 0.34448819,8.6602996 7.7027402 0.34448819,
  8.6598551 7.7022543 0.34448819,8.6581039 7.6974394 0.34448819,
  8.6561429 7.6927043 0.34448819,8.8228346 8.3582677 0.34448819,
  8.8303677 8.3597661 0.34448819,8.8410213 8.3704197 0.34448819,
  8.8425197 8.3779528 0.34448819,8.8425197 12.275591 0.34448819,
  8.8410213 12.283124 0.34448819,8.8303677 12.293777 0.34448819,
  8.8228346 12.295276 0.34448819,3.4291339 12.295276 0.34448819,
  3.4216008 12.293777 0.34448819,3.4109472 12.283124 0.34448819,
  3.4094488 12.275591 0.34448819,3.4094488 8.3976378 0.34448819,
  3.4094488 8.3779528 0.34448819,3.4109472 8.3704197 0.34448819,
  3.4216008 8.3597661 0.34448819,3.4291339 8.3582677 0.34448819,
  8.8031496 12.255906 0.34448819,8.8031496 8.3976378 0.34448819,
  3.4488189 8.3976378 0.34448819,3.4488189 12.255906 0.34448819,
  0.99825945 4.4564996 0.34448819,0.99238071 4.4706917 0.34448819,
  0.9815185 4.4815539 0.34448819,0.96732638 4.4874327 0.34448819,
  0.95196496 4.4874327 0.34448819,0.93777283 4.4815539 0.34448819,
  0.92691063 4.4706917 0.34448819,0.92103189 4.4564996 0.34448819,
  0.92027559 4.4488189 0.34448819,0.92027559 3.9370079 0.34448819,
  0.92103189 3.9293272 0.34448819,0.92691063 3.915135 0.34448819,
  0.93777283 3.9042728 0.34448819,0.95196496 3.8983941 0.34448819,
  0.95964567 3.8976378 0.34448819,6.8651575 3.8976378 0.34448819,
  6.8728382 3.8983941 0.34448819,6.8870303 3.9042728 0.34448819,
  6.8978925 3.915135 0.34448819,6.9037713 3.9293272 0.34448819,
  6.9045276 3.9370079 0.34448819,6.9045276 5.9448819 0.34448819,
  6.9037713 5.9525626 0.34448819,6.8978925 5.9667547 0.34448819,
  6.8870303 5.9776169 0.34448819,6.8728382 5.9834957 0.34448819,
  6.8574768 5.9834957 0.34448819,6.8432846 5.9776169 0.34448819,
  6.8324224 5.9667547 0.34448819,6.8265437 5.9525626 0.34448819,
  6.8257874 5.9448819 0.34448819,6.8257874 3.976378 0.34448819,
  0.99901575 3.976378 0.34448819,0.99901575 4.4488189 0.34448819] }
 coordIndex [
  33,34,24,-1,33,24,0,-1,33,0,1,-1,33,1,2,-1,33,2,3,-1,33,3,4,-1,33,4,39,-1,38,39,4,-1,
  38,4,5,-1,38,5,6,-1,38,6,7,-1,38,7,8,-1,38,8,37,-1,34,35,20,-1,20,35,36,-1,20,36,19,-1,
  19,36,37,-1,19,37,18,-1,18,37,17,-1,12,15,11,-1,11,15,16,-1,11,16,10,-1,10,16,17,-1,10,17,9,-1,
  9,17,37,-1,9,37,8,-1,13,14,15,-1,13,15,12,-1,24,25,32,-1,32,25,26,-1,32,26,31,-1,31,26,27,-1,
  31,27,30,-1,30,27,28,-1,30,28,29,-1,34,20,21,-1,34,21,22,-1,34,22,23,-1,34,23,24,-1,61,62,44,-1,
  44,62,63,-1,44,63,43,-1,43,63,64,-1,43,64,42,-1,42,64,65,-1,42,65,41,-1,41,65,66,-1,41,66,40,-1,
  61,44,45,-1,61,45,56,-1,61,56,57,-1,61,57,58,-1,61,58,59,-1,61,59,60,-1,50,52,49,-1,49,52,53,-1,
  49,53,48,-1,48,53,54,-1,48,54,47,-1,47,54,55,-1,47,55,46,-1,46,55,56,-1,46,56,45,-1,92,93,67,-1,
  92,67,68,-1,92,68,69,-1,92,69,70,-1,92,70,81,-1,92,81,82,-1,92,82,91,-1,91,83,90,-1,90,83,84,-1,
  90,84,89,-1,89,84,85,-1,89,85,88,-1,88,85,86,-1,88,86,87,-1,75,77,74,-1,74,77,78,-1,74,78,73,-1,
  73,78,79,-1,73,79,72,-1,72,79,80,-1,72,80,71,-1,71,80,81,-1,71,81,70,-1,257,250,256,-1,256,250,251,-1,
  256,251,255,-1,255,251,253,-1,255,253,254,-1,250,257,258,-1,250,258,259,-1,250,259,260,-1,250,260,249,-1,249,260,261,-1,
  249,261,262,-1,249,262,263,-1,249,263,264,-1,249,264,248,-1,248,264,265,-1,248,265,266,-1,248,266,267,-1,248,267,268,-1,
  248,268,247,-1,247,268,269,-1,247,269,270,-1,247,270,271,-1,247,271,272,-1,247,272,246,-1,246,272,273,-1,246,273,274,-1,
  246,274,275,-1,246,275,276,-1,246,276,245,-1,245,276,277,-1,245,277,278,-1,245,278,279,-1,245,279,280,-1,245,280,244,-1,
  280,281,244,-1,244,281,282,-1,244,282,243,-1,243,282,241,-1,243,241,242,-1,282,283,227,-1,282,227,228,-1,282,228,229,-1,
  282,229,230,-1,282,230,231,-1,282,231,232,-1,282,232,233,-1,282,233,234,-1,282,234,235,-1,282,235,236,-1,282,236,237,-1,
  282,237,238,-1,282,238,239,-1,282,239,240,-1,282,240,241,-1,283,284,213,-1,283,213,214,-1,283,214,215,-1,283,215,216,-1,
  283,216,217,-1,283,217,218,-1,283,218,219,-1,283,219,220,-1,283,220,221,-1,283,221,222,-1,283,222,223,-1,283,223,224,-1,
  283,224,225,-1,283,225,226,-1,283,226,227,-1,211,212,213,-1,211,213,284,-1,211,284,285,-1,211,285,286,-1,211,286,210,-1,
  210,286,287,-1,210,287,288,-1,210,288,289,-1,210,289,290,-1,210,290,209,-1,209,290,291,-1,209,291,292,-1,209,292,293,-1,
  209,293,294,-1,209,294,208,-1,208,294,295,-1,208,295,296,-1,208,296,297,-1,208,297,298,-1,208,298,207,-1,207,298,299,-1,
  207,299,300,-1,207,300,301,-1,207,301,302,-1,207,302,206,-1,206,302,303,-1,206,303,304,-1,206,304,305,-1,206,305,306,-1,
  206,306,205,-1,205,306,307,-1,205,307,308,-1,205,308,309,-1,205,309,310,-1,205,310,204,-1,204,310,199,-1,204,199,201,-1,
  204,201,202,-1,204,202,203,-1,103,105,102,-1,102,105,106,-1,102,106,101,-1,101,106,107,-1,101,107,100,-1,100,107,108,-1,
  100,108,99,-1,99,108,109,-1,99,109,98,-1,98,109,110,-1,98,110,97,-1,97,110,111,-1,97,111,96,-1,96,111,112,-1,
  96,112,95,-1,95,112,113,-1,95,113,94,-1,197,198,169,-1,169,198,114,-1,169,114,147,-1,147,114,115,-1,147,115,146,-1,
  146,115,116,-1,146,116,117,-1,143,144,119,-1,119,144,145,-1,119,145,118,-1,118,145,146,-1,118,146,117,-1,120,121,142,-1,
  120,142,143,-1,120,143,119,-1,139,140,124,-1,124,140,141,-1,124,141,123,-1,123,141,142,-1,123,142,122,-1,122,142,121,-1,
  139,124,125,-1,139,125,126,-1,139,126,127,-1,139,127,138,-1,138,127,128,-1,138,128,129,-1,138,129,130,-1,138,130,131,-1,
  138,131,137,-1,131,132,137,-1,137,132,133,-1,137,133,136,-1,136,133,134,-1,136,134,135,-1,175,176,182,-1,182,176,177,-1,
  182,177,181,-1,181,177,179,-1,181,179,180,-1,171,172,186,-1,186,172,173,-1,186,173,185,-1,185,173,174,-1,185,174,184,-1,
  184,174,175,-1,184,175,183,-1,183,175,182,-1,186,187,171,-1,171,187,188,-1,171,188,170,-1,170,188,189,-1,170,189,190,-1,
  190,191,170,-1,170,191,192,-1,170,192,169,-1,169,192,193,-1,169,193,194,-1,169,194,195,-1,169,195,196,-1,169,196,197,-1,
  147,148,169,-1,169,148,149,-1,169,149,168,-1,168,149,157,-1,168,157,158,-1,149,150,155,-1,149,155,156,-1,149,156,157,-1,
  151,152,154,-1,151,154,155,-1,151,155,150,-1,168,158,167,-1,167,158,159,-1,167,159,166,-1,166,159,160,-1,166,160,165,-1,
  165,160,161,-1,165,161,164,-1,164,161,162,-1,164,162,163,-1,328,311,318,-1,318,311,312,-1,318,312,317,-1,317,312,313,-1,
  317,313,316,-1,316,313,314,-1,316,314,315,-1,328,318,331,-1,331,318,319,-1,331,319,330,-1,330,319,327,-1,330,327,311,-1,
  329,330,311,-1,329,311,328,-1,322,325,321,-1,321,325,326,-1,321,326,320,-1,320,326,327,-1,320,327,319,-1,323,324,325,-1,
  323,325,322,-1,364,365,332,-1,364,332,333,-1,364,333,334,-1,364,334,335,-1,364,335,346,-1,364,346,347,-1,364,347,363,-1,
  347,348,357,-1,357,348,349,-1,357,349,356,-1,356,349,350,-1,356,350,355,-1,355,350,351,-1,355,351,354,-1,354,351,352,-1,
  354,352,353,-1,347,357,358,-1,347,358,359,-1,347,359,360,-1,347,360,361,-1,347,361,362,-1,347,362,363,-1,340,342,339,-1,
  339,342,343,-1,339,343,338,-1,338,343,344,-1,338,344,337,-1,337,344,345,-1,337,345,336,-1,336,345,346,-1,336,346,335,-1,
  342,340,341,-1,199,200,201,-1,178,179,177,-1,154,152,153,-1,105,103,104,-1,253,251,252,-1,77,75,76,-1,91,82,83,-1,
  52,50,51,-1,0,24,32,-1]
  normalPerVertex TRUE
  normal DEF NORM_8 Normal { vector [
  0 0 1,0 0 1,
  0 0 1,0 0 1,
  0 0 1,0 0 1,
  0 0 1,0 0 1,
  0 0 1,0 0 1,
  0 0 1,0 0 1,
  0 0 1,0 0 1,
  0 0 1,0 0 1,
  0 0 1,0 0 1,
  0 0 1,0 0 1,
  0 0 1,0 0 1,
  0 0 1,0 0 1,
  0 0 1,0 0 1,
  0 0 1,0 0 1,
  0 0 1,0 0 1,
  0 0 1,0 0 1,
  0 0 1,0 0 1,
  0 0 1,0 0 1,
  0 0 1,0 0 1,
  0 0 1,0 0 1,
  0 0 1,0 0 1,
  0 0 1,0 0 1,
  0 0 1,0 0 1,
  0 0 1,0 0 1,
  0 0 1,0 0 1,
  0 0 1,0 0 1,
  0 0 1,0 0 1,
  0 0 1,0 0 1,
  0 0 1,0 0 1,
  0 0 1,0 0 1,
  0 0 1,0 0 1,
  0 0 1,0 0 1,
  0 0 1,0 0 1,
  0 0 1,0 0 1,
  0 0 1,0 0 1,
  0 0 1,0 0 1,
  0 0 1,0 0 1,
  0 0 1,0 0 1,
  0 0 1,0 0 1,
  0 0 1,0 0 1,
  0 0 1,0 0 1,
  0 0 1,0 0 1,
  0 0 1,0 0 1,
  0 0 1,0 0 1,
  0 0 1,0 0 1,
  0 0 1,0 0 1,
  0 0 1,0 0 1,
  0 0 1,0 0 1,
  0 0 1,0 0 1,
  0 0 1,0 0 1,
  0 0 1,0 0 1,
  0 0 1,0 0 1,
  0 0 1,0 0 1,
  0 0 1,0 0 1,
  0 0 1,0 0 1,
  0 0 1,0 0 1,
  0 0 1,0 0 1,
  0 0 1,0 0 1,
  0 0 1,0 0 1,
  0 0 1,0 0 1,
  0 0 1,0 0 1,
  0 0 1,0 0 1,
  0 0 1,0 0 1,
  0 0 1,0 0 1,
  0 0 1,0 0 1,
  0 0 1,0 0 1,
  0 0 1,0 0 1,
  0 0 1,0 0 1,
  0 0 1,0 0 1,
  0 0 1,0 0 1,
  0 0 1,0 0 1,
  0 0 1,0 0 1,
  0 0 1,0 0 1,
  0 0 1,0 0 1,
  0 0 1,0 0 1,
  0 0 1,0 0 1,
  0 0 1,0 0 1,
  0 0 1,0 0 1,
  0 0 1,0 0 1,
  0 0 1,0 0 1,
  0 0 1,0 0 1,
  0 0 1,0 0 1,
  0 0 1,0 0 1,
  0 0 1,0 0 1,
  0 0 1,0 0 1,
  0 0 1,0 0 1,
  0 0 1,0 0 1,
  0 0 1,0 0 1,
  0 0 1,0 0 1,
  0 0 1,0 0 1,
  0 0 1,0 0 1,
  0 0 1,0 0 1,
  0 0 1,0 0 1,
  0 0 1,0 0 1,
  0 0 1,0 0 1,
  0 0 1,0 0 1,
  0 0 1,0 0 1,
  0 0 1,0 0 1,
  0 0 1,0 0 1,
  0 0 1,0 0 1,
  0 0 1,0 0 1,
  0 0 1,0 0 1,
  0 0 1,0 0 1,
  0 0 1,0 0 1,
  0 0 1,0 0 1,
  0 0 1,0 0 1,
  0 0 1,0 0 1,
  0 0 1,0 0 1,
  0 0 1,0 0 1,
  0 0 1,0 0 1,
  0 0 1,0 0 1,
  0 0 1,0 0 1,
  0 0 1,0 0 1,
  0 0 1,0 0 1,
  0 0 1,0 0 1,
  0 0 1,0 0 1,
  0 0 1,0 0 1,
  0 0 1,0 0 1,
  0 0 1,0 0 1,
  0 0 1,0 0 1,
  0 0 1,0 0 1,
  0 0 1,0 0 1,
  0 0 1,0 0 1,
  0 0 1,0 0 1,
  0 0 1,0 0 1,
  0 0 1,0 0 1,
  0 0 1,0 0 1,
  0 0 1,0 0 1,
  0 0 1,0 0 1,
  0 0 1,0 0 1,
  0 0 1,0 0 1,
  0 0 1,0 0 1,
  0 0 1,0 0 1,
  0 0 1,0 0 1,
  0 0 1,0 0 1,
  0 0 1,0 0 1,
  0 0 1,0 0 1,
  0 0 1,0 0 1,
  0 0 1,0 0 1,
  0 0 1,0 0 1,
  0 0 1,0 0 1,
  0 0 1,0 0 1,
  0 0 1,0 0 1,
  0 0 1,0 0 1,
  0 0 1,0 0 1,
  0 0 1,0 0 1,
  0 0 1,0 0 1,
  0 0 1,0 0 1,
  0 0 1,0 0 1,
  0 0 1,0 0 1,
  0 0 1,0 0 1,
  0 0 1,0 0 1,
  0 0 1,0 0 1,
  0 0 1,0 0 1,
  0 0 1,0 0 1,
  0 0 1,0 0 1,
  0 0 1,0 0 1,
  0 0 1,0 0 1,
  0 0 1,0 0 1,
  0 0 1,0 0 1,
  0 0 1,0 0 1,
  0 0 1,0 0 1,
  0 0 1,0 0 1,
  0 0 1,0 0 1,
  0 0 1,0 0 1,
  0 0 1,0 0 1,
  0 0 1,0 0 1,
  0 0 1,0 0 1,
  0 0 1,0 0 1,
  0 0 1,0 0 1,
  0 0 1,0 0 1,
  0 0 1,0 0 1,
  0 0 1,0 0 1,
  0 0 1,0 0 1,
  0 0 1,0 0 1,
  0 0 1,0 0 1,
  0 0 1,0 0 1,
  0 0 1,0 0 1,
  0 0 1,0 0 1,
  0 0 1,0 0 1,
  0 0 1,0 0 1,
  0 0 1,0 0 1,
  0 0 1,0 0 1] }
}
}
] }
DEF TXFM_9 Transform {
  center 0 0 0
  rotation 0 0 1 0
  scale 1 1 1
  scaleOrientation 0 0 1 0
  translation 0 0 0
 children [
DEF SHAPE_9 Shape {
 appearance DEF APP_7 Appearance {
  material Material {
   ambientIntensity 0.72857141
   diffuseColor 0.96078432 0.96078432 0.96078432
   emissiveColor 0 0 0
   shininess 0.02
   specularColor 0.96470588 0.96470588 0.96470588
   transparency 0
} }
 geometry DEF FACE_9 IndexedFaceSet {
  coord DEF COORD_9 Coordinate { point [
  6.6675508 7.7242161 -0.34448819,6.661672 7.7384083 -0.34448819,
  6.6508098 7.7492705 -0.34448819,6.6366177 7.7551492 -0.34448819,
  6.628937 7.7559055 -0.34448819,0.95964567 7.7559055 -0.34448819,
  0.95196496 7.7551492 -0.34448819,0.93777283 7.7492705 -0.34448819,
  0.92691063 7.7384083 -0.34448819,0.92103189 7.7242161 -0.34448819,
  0.92027559 7.7165354 -0.34448819,0.92027559 5.1968504 -0.34448819,
  0.92103189 5.1891697 -0.34448819,0.92691063 5.1749776 -0.34448819,
  0.93777283 5.1641154 -0.34448819,0.95196496 5.1582366 -0.34448819,
  0.96732638 5.1582366 -0.34448819,0.9815185 5.1641154 -0.34448819,
  0.99238071 5.1749776 -0.34448819,0.99825945 5.1891697 -0.34448819,
  0.99901575 5.1968504 -0.34448819,0.99901575 7.6771654 -0.34448819,
  6.628937 7.6771654 -0.34448819,6.6366177 7.6779217 -0.34448819,
  6.6508098 7.6838004 -0.34448819,6.661672 7.6946626 -0.34448819,
  6.6675508 7.7088547 -0.34448819,8.6803461 6.267524 -0.34448819,
  8.6744673 6.2817161 -0.34448819,8.6636051 6.2925783 -0.34448819,
  8.649413 6.2984571 -0.34448819,8.6340516 6.2984571 -0.34448819,
  8.6198594 6.2925783 -0.34448819,8.6089972 6.2817161 -0.34448819,
  8.6031185 6.267524 -0.34448819,8.6023622 6.2598433 -0.34448819,
  8.6023622 5.8661417 -0.34448819,8.6031185 5.858461 -0.34448819,
  8.6089972 5.8442689 -0.34448819,8.6198594 5.8334067 -0.34448819,
  8.6340516 5.827528 -0.34448819,8.6417323 5.8267717 -0.34448819,
  12.224409 5.8267717 -0.34448819,12.23209 5.827528 -0.34448819,
  12.246282 5.8334067 -0.34448819,12.257144 5.8442689 -0.34448819,
  12.263023 5.858461 -0.34448819,12.263023 5.8738224 -0.34448819,
  12.257144 5.8880146 -0.34448819,12.246282 5.8988768 -0.34448819,
  12.23209 5.9047555 -0.34448819,12.224409 5.9055118 -0.34448819,
  8.6811024 5.9055118 -0.34448819,8.6811024 6.2598433 -0.34448819,
  12.263023 7.0942961 -0.34448819,12.257144 7.1084882 -0.34448819,
  12.246282 7.1193504 -0.34448819,12.23209 7.1252291 -0.34448819,
  12.224409 7.1259854 -0.34448819,8.6417323 7.1259854 -0.34448819,
  8.6340516 7.1252291 -0.34448819,8.6198594 7.1193504 -0.34448819,
  8.6089972 7.1084882 -0.34448819,8.6031185 7.0942961 -0.34448819,
  8.6031185 7.0789346 -0.34448819,8.6089972 7.0647425 -0.34448819,
  8.6198594 7.0538803 -0.34448819,8.6340516 7.0480016 -0.34448819,
  8.6417323 7.0472453 -0.34448819,12.224409 7.0472453 -0.34448819,
  12.23209 7.0480016 -0.34448819,12.246282 7.0538803 -0.34448819,
  12.257144 7.0647425 -0.34448819,12.263023 7.0789346 -0.34448819,
  8.8228346 8.3582677 -0.34448819,8.8303677 8.3597661 -0.34448819,
  8.8410213 8.3704197 -0.34448819,8.8425197 8.3779528 -0.34448819,
  8.8425197 12.275591 -0.34448819,8.8410213 12.283124 -0.34448819,
  8.8303677 12.293777 -0.34448819,8.8228346 12.295276 -0.34448819,
  3.4291339 12.295276 -0.34448819,3.4216008 12.293777 -0.34448819,
  3.4109472 12.283124 -0.34448819,3.4094488 12.275591 -0.34448819,
  3.4094488 8.3976378 -0.34448819,3.4094488 8.3779528 -0.34448819,
  3.4109472 8.3704197 -0.34448819,3.4216008 8.3597661 -0.34448819,
  3.4291339 8.3582677 -0.34448819,8.8031496 12.255906 -0.34448819,
  8.8031496 8.3976378 -0.34448819,3.4488189 8.3976378 -0.34448819,
  3.4488189 12.255906 -0.34448819,0.99825945 4.4564996 -0.34448819,
  0.99238071 4.4706917 -0.34448819,0.9815185 4.4815539 -0.34448819,
  0.96732638 4.4874327 -0.34448819,0.95196496 4.4874327 -0.34448819,
  0.93777283 4.4815539 -0.34448819,0.92691063 4.4706917 -0.34448819,
  0.92103189 4.4564996 -0.34448819,0.92027559 4.4488189 -0.34448819,
  0.92027559 3.9370079 -0.34448819,0.92103189 3.9293272 -0.34448819,
  0.92691063 3.915135 -0.34448819,0.93777283 3.9042728 -0.34448819,
  0.95196496 3.8983941 -0.34448819,0.95964567 3.8976378 -0.34448819,
  6.8651575 3.8976378 -0.34448819,6.8728382 3.8983941 -0.34448819,
  6.8870303 3.9042728 -0.34448819,6.8978925 3.915135 -0.34448819,
  6.9037713 3.9293272 -0.34448819,6.9045276 3.9370079 -0.34448819,
  6.9045276 5.9448819 -0.34448819,6.9037713 5.9525626 -0.34448819,
  6.8978925 5.9667547 -0.34448819,6.8870303 5.9776169 -0.34448819,
  6.8728382 5.9834957 -0.34448819,6.8574768 5.9834957 -0.34448819,
  6.8432846 5.9776169 -0.34448819,6.8324224 5.9667547 -0.34448819,
  6.8265437 5.9525626 -0.34448819,6.8257874 5.9448819 -0.34448819,
  6.8257874 3.976378 -0.34448819,0.99901575 3.976378 -0.34448819,
  0.99901575 4.4488189 -0.34448819] }
 coordIndex [
  22,21,4,-1,22,4,23,-1,23,4,3,-1,23,3,24,-1,24,3,2,-1,24,2,25,-1,25,2,1,-1,25,1,26,-1,
  26,1,0,-1,4,21,5,-1,5,21,16,-1,16,21,17,-1,17,21,18,-1,18,21,19,-1,19,21,20,-1,12,10,9,-1,
  12,9,13,-1,13,9,8,-1,13,8,14,-1,14,8,7,-1,14,7,15,-1,15,7,6,-1,15,6,16,-1,16,6,5,-1,
  53,52,27,-1,27,52,28,-1,28,52,29,-1,29,52,30,-1,30,52,41,-1,41,52,42,-1,42,52,51,-1,43,51,50,-1,
  43,50,44,-1,44,50,49,-1,44,49,45,-1,45,49,48,-1,45,48,46,-1,46,48,47,-1,37,35,34,-1,37,34,38,-1,
  38,34,33,-1,38,33,39,-1,39,33,32,-1,39,32,40,-1,40,32,31,-1,40,31,41,-1,41,31,30,-1,65,63,62,-1,
  65,62,66,-1,66,62,61,-1,66,61,67,-1,67,61,60,-1,67,60,68,-1,68,60,59,-1,68,59,69,-1,69,59,58,-1,
  69,58,70,-1,70,58,57,-1,70,57,71,-1,71,57,56,-1,71,56,72,-1,72,56,55,-1,72,55,73,-1,73,55,54,-1,
  74,91,81,-1,74,81,75,-1,75,81,80,-1,75,80,76,-1,76,80,79,-1,76,79,77,-1,77,79,78,-1,81,91,94,-1,
  81,94,82,-1,82,94,93,-1,82,93,90,-1,90,93,74,-1,93,92,74,-1,74,92,91,-1,88,85,84,-1,88,84,89,-1,
  89,84,83,-1,89,83,90,-1,90,83,82,-1,87,86,88,-1,88,86,85,-1,128,127,95,-1,95,127,96,-1,96,127,97,-1,
  97,127,98,-1,98,127,109,-1,109,127,110,-1,110,127,126,-1,111,110,120,-1,111,120,112,-1,112,120,119,-1,112,119,113,-1,
  113,119,118,-1,113,118,114,-1,114,118,117,-1,114,117,115,-1,115,117,116,-1,120,110,121,-1,121,110,122,-1,122,110,123,-1,
  123,110,124,-1,124,110,125,-1,125,110,126,-1,105,103,102,-1,105,102,106,-1,106,102,101,-1,106,101,107,-1,107,101,100,-1,
  107,100,108,-1,108,100,99,-1,108,99,109,-1,109,99,98,-1,103,105,104,-1,63,65,64,-1,35,37,36,-1,42,51,43,-1,
  10,12,11,-1]
  normalPerVertex TRUE
  normal DEF NORM_9 Normal { vector [
  0 0 -1,0 0 -1,
  0 0 -1,0 0 -1,
  0 0 -1,0 0 -1,
  0 0 -1,0 0 -1,
  0 0 -1,0 0 -1,
  0 0 -1,0 0 -1,
  0 0 -1,0 0 -1,
  0 0 -1,0 0 -1,
  0 0 -1,0 0 -1,
  0 0 -1,0 0 -1,
  0 0 -1,0 0 -1,
  0 0 -1,0 0 -1,
  0 0 -1,0 0 -1,
  0 0 -1,0 0 -1,
  0 0 -1,0 0 -1,
  0 0 -1,0 0 -1,
  0 0 -1,0 0 -1,
  0 0 -1,0 0 -1,
  0 0 -1,0 0 -1,
  0 0 -1,0 0 -1,
  0 0 -1,0 0 -1,
  0 0 -1,0 0 -1,
  0 0 -1,0 0 -1,
  0 0 -1,0 0 -1,
  0 0 -1,0 0 -1,
  0 0 -1,0 0 -1,
  0 0 -1,0 0 -1,
  0 0 -1,0 0 -1,
  0 0 -1,0 0 -1,
  0 0 -1,0 0 -1,
  0 0 -1,0 0 -1,
  0 0 -1,0 0 -1,
  0 0 -1,0 0 -1,
  0 0 -1,0 0 -1,
  0 0 -1,0 0 -1,
  0 0 -1,0 0 -1,
  0 0 -1,0 0 -1,
  0 0 -1,0 0 -1,
  0 0 -1,0 0 -1,
  0 0 -1,0 0 -1,
  0 0 -1,0 0 -1,
  0 0 -1,0 0 -1,
  0 0 -1,0 0 -1,
  0 0 -1,0 0 -1,
  0 0 -1,0 0 -1,
  0 0 -1,0 0 -1,
  0 0 -1,0 0 -1,
  0 0 -1,0 0 -1,
  0 0 -1,0 0 -1,
  0 0 -1,0 0 -1,
  0 0 -1,0 0 -1,
  0 0 -1,0 0 -1,
  0 0 -1,0 0 -1,
  0 0 -1,0 0 -1,
  0 0 -1,0 0 -1,
  0 0 -1,0 0 -1,
  0 0 -1,0 0 -1,
  0 0 -1,0 0 -1,
  0 0 -1,0 0 -1,
  0 0 -1,0 0 -1,
  0 0 -1,0 0 -1,
  0 0 -1,0 0 -1,
  0 0 -1,0 0 -1,
  0 0 -1,0 0 -1,
  0 0 -1] }
}
}
] }
] }
