#VRML V2.0 utf8
DEF TXFM_1 Transform {
  center 0 0 0
  rotation 0 0 1 0
  scale 2.54 2.54 2.54
  scaleOrientation 0 0 1 0
  translation 0 0 0
 children [
DEF TXFM_2 Transform {
  center 0 0 0
  rotation 0 0 1 0
  scale 1 1 1
  scaleOrientation 0 0 1 0
  translation 0 0 0
 children [
DEF SHAPE_1 Shape {
 appearance DEF APP_1 Appearance {
  material Material {
   ambientIntensity 1
   diffuseColor 0 0 0
   emissiveColor 0 0 0
   shininess 0.0099999998
   specularColor 0.1 0.1 0.1
   transparency 0
} }
 geometry DEF FACE_1 IndexedFaceSet {
  coord DEF COORD_1 Coordinate { point [
  7.4015748 13.501969 0.31003937,7.4122137 13.555454 0.31003937,
  7.4425107 13.600796 0.31003937,7.4878533 13.631093 0.31003937,
  7.5413386 13.641732 0.31003937,7.5948239 13.631093 0.31003937,
  7.6401665 13.600796 0.31003937,7.6704635 13.555454 0.31003937,
  7.6811024 13.501969 0.31003937,7.6704635 13.448483 0.31003937,
  7.6401665 13.403141 0.31003937,7.5948239 13.372844 0.31003937,
  7.5413386 13.362205 0.31003937,7.4878533 13.372844 0.31003937,
  7.4425107 13.403141 0.31003937,7.4122137 13.448483 0.31003937,
  6.8080709 7.5590551 0.31003937,6.8034257 7.5357024 0.31003937,
  6.7901975 7.5159049 0.31003937,6.7704 7.5026766 0.31003937,
  6.7470472 7.4980315 0.31003937,6.7236945 7.5026766 0.31003937,
  6.703897 7.5159049 0.31003937,6.6906688 7.5357024 0.31003937,
  6.6860236 7.5590551 0.31003937,6.6906688 7.5824078 0.31003937,
  6.703897 7.6022053 0.31003937,6.7236945 7.6154336 0.31003937,
  6.7470472 7.6200787 0.31003937,6.7704 7.6154336 0.31003937,
  6.7901975 7.6022053 0.31003937,6.8034257 7.5824078 0.31003937,
  6.8080709 7.0866142 0.31003937,6.8034257 7.0632614 0.31003937,
  6.7901975 7.043464 0.31003937,6.7704 7.0302357 0.31003937,
  6.7470472 7.0255906 0.31003937,6.7236945 7.0302357 0.31003937,
  6.703897 7.043464 0.31003937,6.6906688 7.0632614 0.31003937,
  6.6860236 7.0866142 0.31003937,6.6906688 7.1099669 0.31003937,
  6.703897 7.1297644 0.31003937,6.7236945 7.1429926 0.31003937,
  6.7470472 7.1476378 0.31003937,6.7704 7.1429926 0.31003937,
  6.7901975 7.1297644 0.31003937,6.8034257 7.1099669 0.31003937,
  6.6860236 6.6141732 0.31003937,6.6906688 6.637526 0.31003937,
  6.703897 6.6573234 0.31003937,6.7236945 6.6705517 0.31003937,
  6.7470472 6.6751969 0.31003937,6.7704 6.6705517 0.31003937,
  6.7901975 6.6573234 0.31003937,6.8034257 6.637526 0.31003937,
  6.8080709 6.6141732 0.31003937,6.8034257 6.5908205 0.31003937,
  6.7901975 6.571023 0.31003937,6.7704 6.5577948 0.31003937,
  6.7470472 6.5531496 0.31003937,6.7236945 6.5577948 0.31003937,
  6.703897 6.571023 0.31003937,6.6906688 6.5908205 0.31003937,
  5.3188976 9.9586614 0.31003937,5.3082588 9.9051761 0.31003937,
  5.2779618 9.8598335 0.31003937,5.2326191 9.8295365 0.31003937,
  5.1791339 9.8188976 0.31003937,5.1256486 9.8295365 0.31003937,
  5.0803059 9.8598335 0.31003937,5.050009 9.9051761 0.31003937,
  5.0393701 9.9586614 0.31003937,5.050009 10.012147 0.31003937,
  5.0803059 10.057489 0.31003937,5.1256486 10.087786 0.31003937,
  5.1791339 10.098425 0.31003937,5.2326191 10.087786 0.31003937,
  5.2779618 10.057489 0.31003937,5.3082588 10.012147 0.31003937,
  6.6860236 6.1417323 0.31003937,6.6906688 6.165085 0.31003937,
  6.703897 6.1848825 0.31003937,6.7236945 6.1981108 0.31003937,
  6.7470472 6.2027559 0.31003937,6.7704 6.1981108 0.31003937,
  6.7901975 6.1848825 0.31003937,6.8034257 6.165085 0.31003937,
  6.8080709 6.1417323 0.31003937,6.8034257 6.1183796 0.31003937,
  6.7901975 6.0985821 0.31003937,6.7704 6.0853538 0.31003937,
  6.7470472 6.0807087 0.31003937,6.7236945 6.0853538 0.31003937,
  6.703897 6.0985821 0.31003937,6.6906688 6.1183796 0.31003937,
  12.084646 6.8503937 0.31003937,12.089291 6.8737464 0.31003937,
  12.102519 6.8935439 0.31003937,12.122317 6.9067722 0.31003937,
  12.145669 6.9114173 0.31003937,12.169022 6.9067722 0.31003937,
  12.18882 6.8935439 0.31003937,12.202048 6.8737464 0.31003937,
  12.206693 6.8503937 0.31003937,12.202048 6.827041 0.31003937,
  12.18882 6.8072435 0.31003937,12.169022 6.7940152 0.31003937,
  12.145669 6.7893701 0.31003937,12.122317 6.7940152 0.31003937,
  12.102519 6.8072435 0.31003937,12.089291 6.827041 0.31003937,
  12.084646 6.476378 0.31003937,12.089291 6.4997307 0.31003937,
  12.102519 6.5195282 0.31003937,12.122317 6.5327564 0.31003937,
  12.145669 6.5374016 0.31003937,12.169022 6.5327564 0.31003937,
  12.18882 6.5195282 0.31003937,12.202048 6.4997307 0.31003937,
  12.206693 6.476378 0.31003937,12.202048 6.4530252 0.31003937,
  12.18882 6.4332277 0.31003937,12.169022 6.4199995 0.31003937,
  12.145669 6.4153543 0.31003937,12.122317 6.4199995 0.31003937,
  12.102519 6.4332277 0.31003937,12.089291 6.4530252 0.31003937,
  12.084646 6.102363 0.31003937,12.089291 6.1257157 0.31003937,
  12.102519 6.1455132 0.31003937,12.122317 6.1587415 0.31003937,
  12.145669 6.1633866 0.31003937,12.169022 6.1587415 0.31003937,
  12.18882 6.1455132 0.31003937,12.202048 6.1257157 0.31003937,
  12.206693 6.102363 0.31003937,12.202048 6.0790103 0.31003937,
  12.18882 6.0592128 0.31003937,12.169022 6.0459845 0.31003937,
  12.145669 6.0413394 0.31003937,12.122317 6.0459845 0.31003937,
  12.102519 6.0592128 0.31003937,12.089291 6.0790103 0.31003937,
  8.7814961 6.8503937 0.31003937,8.7768509 6.827041 0.31003937,
  8.7636227 6.8072435 0.31003937,8.7438252 6.7940152 0.31003937,
  8.7204724 6.7893701 0.31003937,8.6971197 6.7940152 0.31003937,
  8.6773222 6.8072435 0.31003937,8.664094 6.827041 0.31003937,
  8.6594488 6.8503937 0.31003937,8.664094 6.8737464 0.31003937,
  8.6773222 6.8935439 0.31003937,8.6971197 6.9067722 0.31003937,
  8.7204724 6.9114173 0.31003937,8.7438252 6.9067722 0.31003937,
  8.7636227 6.8935439 0.31003937,8.7768509 6.8737464 0.31003937,
  8.5472441 9.9586614 0.31003937,8.5366052 9.9051761 0.31003937,
  8.5063082 9.8598335 0.31003937,8.4609656 9.8295365 0.31003937,
  8.4074803 9.8188976 0.31003937,8.353995 9.8295365 0.31003937,
  8.3086524 9.8598335 0.31003937,8.2783554 9.9051761 0.31003937,
  8.2677165 9.9586614 0.31003937,8.2783554 10.012147 0.31003937,
  8.3086524 10.057489 0.31003937,8.353995 10.087786 0.31003937,
  8.4074803 10.098425 0.31003937,8.4609656 10.087786 0.31003937,
  8.5063082 10.057489 0.31003937,8.5366052 10.012147 0.31003937,
  8.6594488 6.496063 0.31003937,8.664094 6.5194157 0.31003937,
  8.6773222 6.5392132 0.31003937,8.6971197 6.5524415 0.31003937,
  8.7204724 6.5570866 0.31003937,8.7438252 6.5524415 0.31003937,
  8.7636227 6.5392132 0.31003937,8.7768509 6.5194157 0.31003937,
  8.7814961 6.496063 0.31003937,8.7768509 6.4727103 0.31003937,
  8.7636227 6.4529128 0.31003937,8.7438252 6.4396845 0.31003937,
  8.7204724 6.4350394 0.31003937,8.6971197 6.4396845 0.31003937,
  8.6773222 6.4529128 0.31003937,8.664094 6.4727103 0.31003937,
  4.3307087 13.580709 0.31003937,4.3353538 13.604061 0.31003937,
  4.3485821 13.623859 0.31003937,4.3683796 13.637087 0.31003937,
  4.3917323 13.641732 0.31003937,4.415085 13.637087 0.31003937,
  4.4348825 13.623859 0.31003937,4.4481108 13.604061 0.31003937,
  4.4527559 13.580709 0.31003937,4.4481108 13.557356 0.31003937,
  4.4348825 13.537558 0.31003937,4.415085 13.52433 0.31003937,
  4.3917323 13.519685 0.31003937,4.3683796 13.52433 0.31003937,
  4.3485821 13.537558 0.31003937,4.3353538 13.557356 0.31003937,
  4.015748 13.580709 0.31003937,4.0203932 13.604061 0.31003937,
  4.0336214 13.623859 0.31003937,4.0534189 13.637087 0.31003937,
  4.0767717 13.641732 0.31003937,4.1001244 13.637087 0.31003937,
  4.1199219 13.623859 0.31003937,4.1331501 13.604061 0.31003937,
  4.1377953 13.580709 0.31003937,4.1331501 13.557356 0.31003937,
  4.1199219 13.537558 0.31003937,4.1001244 13.52433 0.31003937,
  4.0767717 13.519685 0.31003937,4.0534189 13.52433 0.31003937,
  4.0336214 13.537558 0.31003937,4.0203932 13.557356 0.31003937,
  4.015748 13.265748 0.31003937,4.0203932 13.289101 0.31003937,
  4.0336214 13.308898 0.31003937,4.0534189 13.322127 0.31003937,
  4.0767717 13.326772 0.31003937,4.1001244 13.322127 0.31003937,
  4.1199219 13.308898 0.31003937,4.1331501 13.289101 0.31003937,
  4.1377953 13.265748 0.31003937,4.1331501 13.242395 0.31003937,
  4.1199219 13.222598 0.31003937,4.1001244 13.20937 0.31003937,
  4.0767717 13.204724 0.31003937,4.0534189 13.20937 0.31003937,
  4.0336214 13.222598 0.31003937,4.0203932 13.242395 0.31003937,
  4.015748 12.950787 0.31003937,4.0203932 12.97414 0.31003937,
  4.0336214 12.993938 0.31003937,4.0534189 13.007166 0.31003937,
  4.0767717 13.011811 0.31003937,4.1001244 13.007166 0.31003937,
  4.1199219 12.993938 0.31003937,4.1331501 12.97414 0.31003937,
  4.1377953 12.950787 0.31003937,4.1331501 12.927435 0.31003937,
  4.1199219 12.907637 0.31003937,4.1001244 12.894409 0.31003937,
  4.0767717 12.889764 0.31003937,4.0534189 12.894409 0.31003937,
  4.0336214 12.907637 0.31003937,4.0203932 12.927435 0.31003937,
  4.015748 12.635827 0.31003937,4.0203932 12.65918 0.31003937,
  4.0336214 12.678977 0.31003937,4.0534189 12.692205 0.31003937,
  4.0767717 12.69685 0.31003937,4.1001244 12.692205 0.31003937,
  4.1199219 12.678977 0.31003937,4.1331501 12.65918 0.31003937,
  4.1377953 12.635827 0.31003937,4.1331501 12.612474 0.31003937,
  4.1199219 12.592677 0.31003937,4.1001244 12.579448 0.31003937,
  4.0767717 12.574803 0.31003937,4.0534189 12.579448 0.31003937,
  4.0336214 12.592677 0.31003937,4.0203932 12.612474 0.31003937,
  4.015748 12.320866 0.31003937,4.0203932 12.344219 0.31003937,
  4.0336214 12.364016 0.31003937,4.0534189 12.377245 0.31003937,
  4.0767717 12.38189 0.31003937,4.1001244 12.377245 0.31003937,
  4.1199219 12.364016 0.31003937,4.1331501 12.344219 0.31003937,
  4.1377953 12.320866 0.31003937,4.1331501 12.297513 0.31003937,
  4.1199219 12.277716 0.31003937,4.1001244 12.264488 0.31003937,
  4.0767717 12.259843 0.31003937,4.0534189 12.264488 0.31003937,
  4.0336214 12.277716 0.31003937,4.0203932 12.297513 0.31003937,
  4.015748 12.005906 0.31003937,4.0203932 12.029258 0.31003937,
  4.0336214 12.049056 0.31003937,4.0534189 12.062284 0.31003937,
  4.0767717 12.066929 0.31003937,4.1001244 12.062284 0.31003937,
  4.1199219 12.049056 0.31003937,4.1331501 12.029258 0.31003937,
  4.1377953 12.005906 0.31003937,4.1331501 11.982553 0.31003937,
  4.1199219 11.962755 0.31003937,4.1001244 11.949527 0.31003937,
  4.0767717 11.944882 0.31003937,4.0534189 11.949527 0.31003937,
  4.0336214 11.962755 0.31003937,4.0203932 11.982553 0.31003937,
  4.015748 11.690945 0.31003937,4.0203932 11.714298 0.31003937,
  4.0336214 11.734095 0.31003937,4.0534189 11.747323 0.31003937,
  4.0767717 11.751969 0.31003937,4.1001244 11.747323 0.31003937,
  4.1199219 11.734095 0.31003937,4.1331501 11.714298 0.31003937,
  4.1377953 11.690945 0.31003937,4.1331501 11.667592 0.31003937,
  4.1199219 11.647795 0.31003937,4.1001244 11.634566 0.31003937,
  4.0767717 11.629921 0.31003937,4.0534189 11.634566 0.31003937,
  4.0336214 11.647795 0.31003937,4.0203932 11.667592 0.31003937,
  1.0068898 5.015748 0.31003937,1.0115349 5.0391008 0.31003937,
  1.0247632 5.0588982 0.31003937,1.0445607 5.0721265 0.31003937,
  1.0679134 5.0767717 0.31003937,1.0912661 5.0721265 0.31003937,
  1.1110636 5.0588982 0.31003937,1.1242919 5.0391008 0.31003937,
  1.128937 5.015748 0.31003937,1.1242919 4.9923953 0.31003937,
  1.1110636 4.9725978 0.31003937,1.0912661 4.9593696 0.31003937,
  1.0679134 4.9547244 0.31003937,1.0445607 4.9593696 0.31003937,
  1.0247632 4.9725978 0.31003937,1.0115349 4.9923953 0.31003937,
  0 13.877953 0.31003937,0 0 0.31003937,
  13.582677 0 0.31003937,13.582677 13.877953 0.31003937,
  1.0068898 4.6220472 0.31003937,1.0115349 4.6454 0.31003937,
  1.0247632 4.6651975 0.31003937,1.0445607 4.6784257 0.31003937,
  1.0679134 4.6830709 0.31003937,1.0912661 4.6784257 0.31003937,
  1.1110636 4.6651975 0.31003937,1.1242919 4.6454 0.31003937,
  1.128937 4.6220472 0.31003937,1.1242919 4.5986945 0.31003937,
  1.1110636 4.578897 0.31003937,1.0912661 4.5656688 0.31003937,
  1.0679134 4.5610236 0.31003937,1.0445607 4.5656688 0.31003937,
  1.0247632 4.578897 0.31003937,1.0115349 4.5986945 0.31003937,
  4.5669291 9.9586614 0.31003937,4.577568 10.012147 0.31003937,
  4.607865 10.057489 0.31003937,4.6532076 10.087786 0.31003937,
  4.7066929 10.098425 0.31003937,4.7601782 10.087786 0.31003937,
  4.8055208 10.057489 0.31003937,4.8358178 10.012147 0.31003937,
  4.8464567 9.9586614 0.31003937,4.8358178 9.9051761 0.31003937,
  4.8055208 9.8598335 0.31003937,4.7601782 9.8295365 0.31003937,
  4.7066929 9.8188976 0.31003937,4.6532076 9.8295365 0.31003937,
  4.607865 9.8598335 0.31003937,4.577568 9.9051761 0.31003937,
  13.051181 7.480315 0.31003937,13.051181 7.480315 0.31003937,
  13.04762 7.4601169 0.31003937,13.037365 7.4423551 0.31003937,
  13.021654 7.4291717 0.31003937,13.002381 7.422157 0.31003937,
  12.981871 7.422157 0.31003937,12.962598 7.4291717 0.31003937,
  12.946887 7.4423551 0.31003937,12.936632 7.4601169 0.31003937,
  12.933071 7.480315 0.31003937,12.936632 7.500513 0.31003937,
  12.946887 7.5182749 0.31003937,12.962598 7.5314582 0.31003937,
  12.981871 7.5384729 0.31003937,13.002381 7.5384729 0.31003937,
  13.021654 7.5314582 0.31003937,13.037365 7.5182749 0.31003937,
  13.04762 7.500513 0.31003937,12.933071 0.59055118 0.31003937,
  12.936632 0.61074922 0.31003937,12.946887 0.62851108 0.31003937,
  12.962598 0.64169441 0.31003937,12.981871 0.64870912 0.31003937,
  13.002381 0.64870912 0.31003937,13.021654 0.64169441 0.31003937,
  13.037365 0.62851108 0.31003937,13.04762 0.61074922 0.31003937,
  13.051181 0.59055118 0.31003937,13.04762 0.57035314 0.31003937,
  13.037365 0.55259128 0.31003937,13.021654 0.53940795 0.31003937,
  13.002381 0.53239324 0.31003937,12.981871 0.53239324 0.31003937,
  12.962598 0.53940795 0.31003937,12.946887 0.55259128 0.31003937,
  12.936632 0.57035314 0.31003937,7.4015748 13.501969 -0.31003937,
  7.4122137 13.555454 -0.31003937,7.4425107 13.600796 -0.31003937,
  7.4878533 13.631093 -0.31003937,7.5413386 13.641732 -0.31003937,
  7.5948239 13.631093 -0.31003937,7.6401665 13.600796 -0.31003937,
  7.6704635 13.555454 -0.31003937,7.6811024 13.501969 -0.31003937,
  7.6704635 13.448483 -0.31003937,7.6401665 13.403141 -0.31003937,
  7.5948239 13.372844 -0.31003937,7.5413386 13.362205 -0.31003937,
  7.4878533 13.372844 -0.31003937,7.4425107 13.403141 -0.31003937,
  7.4122137 13.448483 -0.31003937,6.8080709 7.5590551 -0.31003937,
  6.8034257 7.5357024 -0.31003937,6.7901975 7.5159049 -0.31003937,
  6.7704 7.5026766 -0.31003937,6.7470472 7.4980315 -0.31003937,
  6.7236945 7.5026766 -0.31003937,6.703897 7.5159049 -0.31003937,
  6.6906688 7.5357024 -0.31003937,6.6860236 7.5590551 -0.31003937,
  6.6906688 7.5824078 -0.31003937,6.703897 7.6022053 -0.31003937,
  6.7236945 7.6154336 -0.31003937,6.7470472 7.6200787 -0.31003937,
  6.7704 7.6154336 -0.31003937,6.7901975 7.6022053 -0.31003937,
  6.8034257 7.5824078 -0.31003937,6.8080709 7.0866142 -0.31003937,
  6.8034257 7.0632614 -0.31003937,6.7901975 7.043464 -0.31003937,
  6.7704 7.0302357 -0.31003937,6.7470472 7.0255906 -0.31003937,
  6.7236945 7.0302357 -0.31003937,6.703897 7.043464 -0.31003937,
  6.6906688 7.0632614 -0.31003937,6.6860236 7.0866142 -0.31003937,
  6.6906688 7.1099669 -0.31003937,6.703897 7.1297644 -0.31003937,
  6.7236945 7.1429926 -0.31003937,6.7470472 7.1476378 -0.31003937,
  6.7704 7.1429926 -0.31003937,6.7901975 7.1297644 -0.31003937,
  6.8034257 7.1099669 -0.31003937,6.6860236 6.6141732 -0.31003937,
  6.6906688 6.637526 -0.31003937,6.703897 6.6573234 -0.31003937,
  6.7236945 6.6705517 -0.31003937,6.7470472 6.6751969 -0.31003937,
  6.7704 6.6705517 -0.31003937,6.7901975 6.6573234 -0.31003937,
  6.8034257 6.637526 -0.31003937,6.8080709 6.6141732 -0.31003937,
  6.8034257 6.5908205 -0.31003937,6.7901975 6.571023 -0.31003937,
  6.7704 6.5577948 -0.31003937,6.7470472 6.5531496 -0.31003937,
  6.7236945 6.5577948 -0.31003937,6.703897 6.571023 -0.31003937,
  6.6906688 6.5908205 -0.31003937,5.3188976 9.9586614 -0.31003937,
  5.3082588 9.9051761 -0.31003937,5.2779618 9.8598335 -0.31003937,
  5.2326191 9.8295365 -0.31003937,5.1791339 9.8188976 -0.31003937,
  5.1256486 9.8295365 -0.31003937,5.0803059 9.8598335 -0.31003937,
  5.050009 9.9051761 -0.31003937,5.0393701 9.9586614 -0.31003937,
  5.050009 10.012147 -0.31003937,5.0803059 10.057489 -0.31003937,
  5.1256486 10.087786 -0.31003937,5.1791339 10.098425 -0.31003937,
  5.2326191 10.087786 -0.31003937,5.2779618 10.057489 -0.31003937,
  5.3082588 10.012147 -0.31003937,6.6860236 6.1417323 -0.31003937,
  6.6906688 6.165085 -0.31003937,6.703897 6.1848825 -0.31003937,
  6.7236945 6.1981108 -0.31003937,6.7470472 6.2027559 -0.31003937,
  6.7704 6.1981108 -0.31003937,6.7901975 6.1848825 -0.31003937,
  6.8034257 6.165085 -0.31003937,6.8080709 6.1417323 -0.31003937,
  6.8034257 6.1183796 -0.31003937,6.7901975 6.0985821 -0.31003937,
  6.7704 6.0853538 -0.31003937,6.7470472 6.0807087 -0.31003937,
  6.7236945 6.0853538 -0.31003937,6.703897 6.0985821 -0.31003937,
  6.6906688 6.1183796 -0.31003937,12.084646 6.8503937 -0.31003937,
  12.089291 6.8737464 -0.31003937,12.102519 6.8935439 -0.31003937,
  12.122317 6.9067722 -0.31003937,12.145669 6.9114173 -0.31003937,
  12.169022 6.9067722 -0.31003937,12.18882 6.8935439 -0.31003937,
  12.202048 6.8737464 -0.31003937,12.206693 6.8503937 -0.31003937,
  12.202048 6.827041 -0.31003937,12.18882 6.8072435 -0.31003937,
  12.169022 6.7940152 -0.31003937,12.145669 6.7893701 -0.31003937,
  12.122317 6.7940152 -0.31003937,12.102519 6.8072435 -0.31003937,
  12.089291 6.827041 -0.31003937,12.084646 6.476378 -0.31003937,
  12.089291 6.4997307 -0.31003937,12.102519 6.5195282 -0.31003937,
  12.122317 6.5327564 -0.31003937,12.145669 6.5374016 -0.31003937,
  12.169022 6.5327564 -0.31003937,12.18882 6.5195282 -0.31003937,
  12.202048 6.4997307 -0.31003937,12.206693 6.476378 -0.31003937,
  12.202048 6.4530252 -0.31003937,12.18882 6.4332277 -0.31003937,
  12.169022 6.4199995 -0.31003937,12.145669 6.4153543 -0.31003937,
  12.122317 6.4199995 -0.31003937,12.102519 6.4332277 -0.31003937,
  12.089291 6.4530252 -0.31003937,12.084646 6.102363 -0.31003937,
  12.089291 6.1257157 -0.31003937,12.102519 6.1455132 -0.31003937,
  12.122317 6.1587415 -0.31003937,12.145669 6.1633866 -0.31003937,
  12.169022 6.1587415 -0.31003937,12.18882 6.1455132 -0.31003937,
  12.202048 6.1257157 -0.31003937,12.206693 6.102363 -0.31003937,
  12.202048 6.0790103 -0.31003937,12.18882 6.0592128 -0.31003937,
  12.169022 6.0459845 -0.31003937,12.145669 6.0413394 -0.31003937,
  12.122317 6.0459845 -0.31003937,12.102519 6.0592128 -0.31003937,
  12.089291 6.0790103 -0.31003937,8.7814961 6.8503937 -0.31003937,
  8.7768509 6.827041 -0.31003937,8.7636227 6.8072435 -0.31003937,
  8.7438252 6.7940152 -0.31003937,8.7204724 6.7893701 -0.31003937,
  8.6971197 6.7940152 -0.31003937,8.6773222 6.8072435 -0.31003937,
  8.664094 6.827041 -0.31003937,8.6594488 6.8503937 -0.31003937,
  8.664094 6.8737464 -0.31003937,8.6773222 6.8935439 -0.31003937,
  8.6971197 6.9067722 -0.31003937,8.7204724 6.9114173 -0.31003937,
  8.7438252 6.9067722 -0.31003937,8.7636227 6.8935439 -0.31003937,
  8.7768509 6.8737464 -0.31003937,8.5472441 9.9586614 -0.31003937,
  8.5366052 9.9051761 -0.31003937,8.5063082 9.8598335 -0.31003937,
  8.4609656 9.8295365 -0.31003937,8.4074803 9.8188976 -0.31003937,
  8.353995 9.8295365 -0.31003937,8.3086524 9.8598335 -0.31003937,
  8.2783554 9.9051761 -0.31003937,8.2677165 9.9586614 -0.31003937,
  8.2783554 10.012147 -0.31003937,8.3086524 10.057489 -0.31003937,
  8.353995 10.087786 -0.31003937,8.4074803 10.098425 -0.31003937,
  8.4609656 10.087786 -0.31003937,8.5063082 10.057489 -0.31003937,
  8.5366052 10.012147 -0.31003937,8.6594488 6.496063 -0.31003937,
  8.664094 6.5194157 -0.31003937,8.6773222 6.5392132 -0.31003937,
  8.6971197 6.5524415 -0.31003937,8.7204724 6.5570866 -0.31003937,
  8.7438252 6.5524415 -0.31003937,8.7636227 6.5392132 -0.31003937,
  8.7768509 6.5194157 -0.31003937,8.7814961 6.496063 -0.31003937,
  8.7768509 6.4727103 -0.31003937,8.7636227 6.4529128 -0.31003937,
  8.7438252 6.4396845 -0.31003937,8.7204724 6.4350394 -0.31003937,
  8.6971197 6.4396845 -0.31003937,8.6773222 6.4529128 -0.31003937,
  8.664094 6.4727103 -0.31003937,4.3307087 13.580709 -0.31003937,
  4.3353538 13.604061 -0.31003937,4.3485821 13.623859 -0.31003937,
  4.3683796 13.637087 -0.31003937,4.3917323 13.641732 -0.31003937,
  4.415085 13.637087 -0.31003937,4.4348825 13.623859 -0.31003937,
  4.4481108 13.604061 -0.31003937,4.4527559 13.580709 -0.31003937,
  4.4481108 13.557356 -0.31003937,4.4348825 13.537558 -0.31003937,
  4.415085 13.52433 -0.31003937,4.3917323 13.519685 -0.31003937,
  4.3683796 13.52433 -0.31003937,4.3485821 13.537558 -0.31003937,
  4.3353538 13.557356 -0.31003937,4.015748 13.580709 -0.31003937,
  4.0203932 13.604061 -0.31003937,4.0336214 13.623859 -0.31003937,
  4.0534189 13.637087 -0.31003937,4.0767717 13.641732 -0.31003937,
  4.1001244 13.637087 -0.31003937,4.1199219 13.623859 -0.31003937,
  4.1331501 13.604061 -0.31003937,4.1377953 13.580709 -0.31003937,
  4.1331501 13.557356 -0.31003937,4.1199219 13.537558 -0.31003937,
  4.1001244 13.52433 -0.31003937,4.0767717 13.519685 -0.31003937,
  4.0534189 13.52433 -0.31003937,4.0336214 13.537558 -0.31003937,
  4.0203932 13.557356 -0.31003937,4.015748 13.265748 -0.31003937,
  4.0203932 13.289101 -0.31003937,4.0336214 13.308898 -0.31003937,
  4.0534189 13.322127 -0.31003937,4.0767717 13.326772 -0.31003937,
  4.1001244 13.322127 -0.31003937,4.1199219 13.308898 -0.31003937,
  4.1331501 13.289101 -0.31003937,4.1377953 13.265748 -0.31003937,
  4.1331501 13.242395 -0.31003937,4.1199219 13.222598 -0.31003937,
  4.1001244 13.20937 -0.31003937,4.0767717 13.204724 -0.31003937,
  4.0534189 13.20937 -0.31003937,4.0336214 13.222598 -0.31003937,
  4.0203932 13.242395 -0.31003937,4.015748 12.950787 -0.31003937,
  4.0203932 12.97414 -0.31003937,4.0336214 12.993938 -0.31003937,
  4.0534189 13.007166 -0.31003937,4.0767717 13.011811 -0.31003937,
  4.1001244 13.007166 -0.31003937,4.1199219 12.993938 -0.31003937,
  4.1331501 12.97414 -0.31003937,4.1377953 12.950787 -0.31003937,
  4.1331501 12.927435 -0.31003937,4.1199219 12.907637 -0.31003937,
  4.1001244 12.894409 -0.31003937,4.0767717 12.889764 -0.31003937,
  4.0534189 12.894409 -0.31003937,4.0336214 12.907637 -0.31003937,
  4.0203932 12.927435 -0.31003937,4.015748 12.635827 -0.31003937,
  4.0203932 12.65918 -0.31003937,4.0336214 12.678977 -0.31003937,
  4.0534189 12.692205 -0.31003937,4.0767717 12.69685 -0.31003937,
  4.1001244 12.692205 -0.31003937,4.1199219 12.678977 -0.31003937,
  4.1331501 12.65918 -0.31003937,4.1377953 12.635827 -0.31003937,
  4.1331501 12.612474 -0.31003937,4.1199219 12.592677 -0.31003937,
  4.1001244 12.579448 -0.31003937,4.0767717 12.574803 -0.31003937,
  4.0534189 12.579448 -0.31003937,4.0336214 12.592677 -0.31003937,
  4.0203932 12.612474 -0.31003937,4.015748 12.320866 -0.31003937,
  4.0203932 12.344219 -0.31003937,4.0336214 12.364016 -0.31003937,
  4.0534189 12.377245 -0.31003937,4.0767717 12.38189 -0.31003937,
  4.1001244 12.377245 -0.31003937,4.1199219 12.364016 -0.31003937,
  4.1331501 12.344219 -0.31003937,4.1377953 12.320866 -0.31003937,
  4.1331501 12.297513 -0.31003937,4.1199219 12.277716 -0.31003937,
  4.1001244 12.264488 -0.31003937,4.0767717 12.259843 -0.31003937,
  4.0534189 12.264488 -0.31003937,4.0336214 12.277716 -0.31003937,
  4.0203932 12.297513 -0.31003937,4.015748 12.005906 -0.31003937,
  4.0203932 12.029258 -0.31003937,4.0336214 12.049056 -0.31003937,
  4.0534189 12.062284 -0.31003937,4.0767717 12.066929 -0.31003937,
  4.1001244 12.062284 -0.31003937,4.1199219 12.049056 -0.31003937,
  4.1331501 12.029258 -0.31003937,4.1377953 12.005906 -0.31003937,
  4.1331501 11.982553 -0.31003937,4.1199219 11.962755 -0.31003937,
  4.1001244 11.949527 -0.31003937,4.0767717 11.944882 -0.31003937,
  4.0534189 11.949527 -0.31003937,4.0336214 11.962755 -0.31003937,
  4.0203932 11.982553 -0.31003937,4.015748 11.690945 -0.31003937,
  4.0203932 11.714298 -0.31003937,4.0336214 11.734095 -0.31003937,
  4.0534189 11.747323 -0.31003937,4.0767717 11.751969 -0.31003937,
  4.1001244 11.747323 -0.31003937,4.1199219 11.734095 -0.31003937,
  4.1331501 11.714298 -0.31003937,4.1377953 11.690945 -0.31003937,
  4.1331501 11.667592 -0.31003937,4.1199219 11.647795 -0.31003937,
  4.1001244 11.634566 -0.31003937,4.0767717 11.629921 -0.31003937,
  4.0534189 11.634566 -0.31003937,4.0336214 11.647795 -0.31003937,
  4.0203932 11.667592 -0.31003937,1.0068898 5.015748 -0.31003937,
  1.0115349 5.0391008 -0.31003937,1.0247632 5.0588982 -0.31003937,
  1.0445607 5.0721265 -0.31003937,1.0679134 5.0767717 -0.31003937,
  1.0912661 5.0721265 -0.31003937,1.1110636 5.0588982 -0.31003937,
  1.1242919 5.0391008 -0.31003937,1.128937 5.015748 -0.31003937,
  1.1242919 4.9923953 -0.31003937,1.1110636 4.9725978 -0.31003937,
  1.0912661 4.9593696 -0.31003937,1.0679134 4.9547244 -0.31003937,
  1.0445607 4.9593696 -0.31003937,1.0247632 4.9725978 -0.31003937,
  1.0115349 4.9923953 -0.31003937,0 13.877953 -0.31003937,
  0 0 -0.31003937,13.582677 0 -0.31003937,
  13.582677 13.877953 -0.31003937,1.0068898 4.6220472 -0.31003937,
  1.0115349 4.6454 -0.31003937,1.0247632 4.6651975 -0.31003937,
  1.0445607 4.6784257 -0.31003937,1.0679134 4.6830709 -0.31003937,
  1.0912661 4.6784257 -0.31003937,1.1110636 4.6651975 -0.31003937,
  1.1242919 4.6454 -0.31003937,1.128937 4.6220472 -0.31003937,
  1.1242919 4.5986945 -0.31003937,1.1110636 4.578897 -0.31003937,
  1.0912661 4.5656688 -0.31003937,1.0679134 4.5610236 -0.31003937,
  1.0445607 4.5656688 -0.31003937,1.0247632 4.578897 -0.31003937,
  1.0115349 4.5986945 -0.31003937,4.5669291 9.9586614 -0.31003937,
  4.577568 10.012147 -0.31003937,4.607865 10.057489 -0.31003937,
  4.6532076 10.087786 -0.31003937,4.7066929 10.098425 -0.31003937,
  4.7601782 10.087786 -0.31003937,4.8055208 10.057489 -0.31003937,
  4.8358178 10.012147 -0.31003937,4.8464567 9.9586614 -0.31003937,
  4.8358178 9.9051761 -0.31003937,4.8055208 9.8598335 -0.31003937,
  4.7601782 9.8295365 -0.31003937,4.7066929 9.8188976 -0.31003937,
  4.6532076 9.8295365 -0.31003937,4.607865 9.8598335 -0.31003937,
  4.577568 9.9051761 -0.31003937,13.051181 7.480315 -0.31003937,
  13.051181 7.480315 -0.31003937,13.04762 7.4601169 -0.31003937,
  13.037365 7.4423551 -0.31003937,13.021654 7.4291717 -0.31003937,
  13.002381 7.422157 -0.31003937,12.981871 7.422157 -0.31003937,
  12.962598 7.4291717 -0.31003937,12.946887 7.4423551 -0.31003937,
  12.936632 7.4601169 -0.31003937,12.933071 7.480315 -0.31003937,
  12.936632 7.500513 -0.31003937,12.946887 7.5182749 -0.31003937,
  12.962598 7.5314582 -0.31003937,12.981871 7.5384729 -0.31003937,
  13.002381 7.5384729 -0.31003937,13.021654 7.5314582 -0.31003937,
  13.037365 7.5182749 -0.31003937,13.04762 7.500513 -0.31003937,
  12.933071 0.59055118 -0.31003937,12.936632 0.61074922 -0.31003937,
  12.946887 0.62851108 -0.31003937,12.962598 0.64169441 -0.31003937,
  12.981871 0.64870912 -0.31003937,13.002381 0.64870912 -0.31003937,
  13.021654 0.64169441 -0.31003937,13.037365 0.62851108 -0.31003937,
  13.04762 0.61074922 -0.31003937,13.051181 0.59055118 -0.31003937,
  13.04762 0.57035314 -0.31003937,13.037365 0.55259128 -0.31003937,
  13.021654 0.53940795 -0.31003937,13.002381 0.53239324 -0.31003937,
  12.981871 0.53239324 -0.31003937,12.962598 0.53940795 -0.31003937,
  12.946887 0.55259128 -0.31003937,12.936632 0.57035314 -0.31003937] }
 coordIndex [
  406,407,338,-1,338,407,328,-1,338,328,348,-1,348,328,329,-1,348,329,347,-1,347,329,330,-1,347,330,346,-1,346,330,331,-1,
  346,331,345,-1,345,331,332,-1,345,332,344,-1,344,332,333,-1,344,333,343,-1,343,333,334,-1,343,334,342,-1,342,334,335,-1,
  342,335,341,-1,341,335,320,-1,341,320,340,-1,340,320,336,-1,340,336,337,-1,326,327,209,-1,209,327,328,-1,209,328,208,-1,
  208,328,304,-1,208,304,288,-1,288,304,305,-1,288,305,303,-1,303,305,306,-1,303,306,302,-1,302,306,307,-1,302,307,301,-1,
  301,307,308,-1,301,308,300,-1,300,308,309,-1,300,309,299,-1,299,309,310,-1,299,310,298,-1,298,310,311,-1,298,311,297,-1,
  297,311,312,-1,297,312,296,-1,296,312,371,-1,296,371,356,-1,208,288,272,-1,272,288,289,-1,272,289,287,-1,287,289,290,-1,
  287,290,286,-1,286,290,291,-1,286,291,285,-1,285,291,292,-1,285,292,284,-1,284,292,293,-1,284,293,283,-1,283,293,294,-1,
  283,294,282,-1,282,294,295,-1,282,295,281,-1,281,295,296,-1,281,296,280,-1,280,296,356,-1,280,356,264,-1,264,356,248,-1,
  264,248,249,-1,208,272,256,-1,256,272,273,-1,256,273,271,-1,271,273,274,-1,271,274,270,-1,270,274,275,-1,270,275,269,-1,
  269,275,276,-1,269,276,268,-1,268,276,277,-1,268,277,267,-1,267,277,278,-1,267,278,266,-1,266,278,279,-1,266,279,265,-1,
  265,279,280,-1,265,280,264,-1,208,256,240,-1,240,256,257,-1,240,257,255,-1,255,257,258,-1,255,258,254,-1,254,258,259,-1,
  254,259,253,-1,253,259,260,-1,253,260,252,-1,252,260,261,-1,252,261,251,-1,251,261,262,-1,251,262,250,-1,250,262,263,-1,
  250,263,249,-1,249,263,264,-1,208,240,224,-1,224,240,241,-1,224,241,239,-1,239,241,242,-1,239,242,238,-1,238,242,243,-1,
  238,243,237,-1,237,243,244,-1,237,244,236,-1,236,244,245,-1,236,245,235,-1,235,245,246,-1,235,246,234,-1,234,246,247,-1,
  234,247,233,-1,233,247,248,-1,233,248,232,-1,232,248,356,-1,232,356,216,-1,216,356,192,-1,216,192,193,-1,208,225,223,-1,
  223,225,226,-1,223,226,222,-1,222,226,227,-1,222,227,221,-1,221,227,228,-1,221,228,220,-1,220,228,229,-1,220,229,219,-1,
  219,229,230,-1,219,230,218,-1,218,230,231,-1,218,231,217,-1,217,231,232,-1,217,232,216,-1,0,64,24,-1,24,64,80,-1,
  24,80,48,-1,48,80,81,-1,48,81,63,-1,63,81,82,-1,63,82,62,-1,62,82,83,-1,62,83,61,-1,61,83,84,-1,
  61,84,60,-1,60,84,85,-1,60,85,59,-1,59,85,86,-1,59,86,58,-1,58,86,87,-1,58,87,57,-1,57,87,88,-1,
  57,88,56,-1,56,88,407,-1,56,407,32,-1,32,407,16,-1,32,16,17,-1,24,48,40,-1,40,48,49,-1,40,49,39,-1,
  39,49,50,-1,39,50,38,-1,38,50,51,-1,38,51,37,-1,37,51,52,-1,37,52,36,-1,36,52,53,-1,36,53,35,-1,
  35,53,54,-1,35,54,34,-1,34,54,55,-1,34,55,33,-1,33,55,56,-1,33,56,32,-1,32,17,47,-1,47,17,18,-1,
  47,18,46,-1,46,18,19,-1,46,19,45,-1,45,19,20,-1,45,20,44,-1,44,20,21,-1,44,21,43,-1,43,21,22,-1,
  43,22,42,-1,42,22,23,-1,42,23,41,-1,41,23,24,-1,41,24,40,-1,160,176,152,-1,152,176,177,-1,152,177,151,-1,
  151,177,178,-1,151,178,150,-1,150,178,179,-1,150,179,149,-1,149,179,180,-1,149,180,148,-1,148,180,181,-1,148,181,147,-1,
  147,181,182,-1,147,182,146,-1,146,182,183,-1,146,183,145,-1,145,183,184,-1,145,184,144,-1,144,184,407,-1,144,407,408,-1,
  98,339,97,-1,97,339,144,-1,97,144,96,-1,96,144,128,-1,96,128,112,-1,112,128,129,-1,112,129,127,-1,127,129,130,-1,
  127,130,126,-1,126,130,131,-1,126,131,125,-1,125,131,132,-1,125,132,124,-1,124,132,133,-1,124,133,123,-1,123,133,134,-1,
  123,134,122,-1,122,134,135,-1,122,135,121,-1,121,135,136,-1,121,136,120,-1,120,136,391,-1,120,391,104,-1,104,391,382,-1,
  104,382,339,-1,339,382,383,-1,339,383,384,-1,96,113,111,-1,111,113,114,-1,111,114,110,-1,110,114,115,-1,110,115,109,-1,
  109,115,116,-1,109,116,108,-1,108,116,117,-1,108,117,107,-1,107,117,118,-1,107,118,106,-1,106,118,119,-1,106,119,105,-1,
  105,119,120,-1,105,120,104,-1,389,390,339,-1,339,390,372,-1,339,372,338,-1,338,373,400,-1,400,373,374,-1,400,374,399,-1,
  399,374,375,-1,399,375,398,-1,398,375,376,-1,398,376,397,-1,397,376,377,-1,397,377,396,-1,396,377,378,-1,396,378,395,-1,
  395,378,379,-1,395,379,394,-1,394,379,380,-1,394,380,393,-1,393,380,381,-1,393,381,392,-1,392,381,382,-1,392,382,391,-1,
  339,384,385,-1,339,385,386,-1,339,386,387,-1,339,387,388,-1,339,388,389,-1,339,98,99,-1,339,99,100,-1,339,100,101,-1,
  339,101,102,-1,339,102,103,-1,339,103,104,-1,339,336,212,-1,339,212,213,-1,339,213,196,-1,339,196,197,-1,339,197,198,-1,
  339,198,199,-1,339,199,200,-1,339,200,4,-1,339,4,5,-1,339,5,6,-1,339,6,7,-1,339,7,8,-1,339,8,170,-1,
  339,170,171,-1,339,171,172,-1,339,172,173,-1,339,173,174,-1,339,174,175,-1,339,175,160,-1,339,160,154,-1,339,154,155,-1,
  339,155,156,-1,339,156,157,-1,339,157,158,-1,339,158,159,-1,339,159,144,-1,153,154,160,-1,153,160,152,-1,166,167,176,-1,
  176,167,168,-1,176,168,8,-1,8,168,169,-1,8,169,170,-1,0,24,25,-1,0,25,26,-1,0,26,27,-1,0,27,28,-1,
  0,28,29,-1,0,29,30,-1,0,30,31,-1,0,31,16,-1,0,16,176,-1,0,176,15,-1,1,2,364,-1,1,364,73,-1,
  1,73,74,-1,1,74,75,-1,1,75,76,-1,1,76,77,-1,1,77,78,-1,1,78,79,-1,1,79,64,-1,1,64,0,-1,
  69,70,95,-1,95,70,71,-1,95,71,364,-1,364,71,72,-1,364,72,73,-1,2,3,200,-1,2,200,358,-1,2,358,359,-1,
  2,359,360,-1,2,360,361,-1,2,361,362,-1,2,362,363,-1,2,363,364,-1,356,357,200,-1,356,200,201,-1,356,201,202,-1,
  356,202,203,-1,356,203,204,-1,356,204,205,-1,356,205,206,-1,356,206,207,-1,356,207,192,-1,213,214,196,-1,196,214,215,-1,
  196,215,195,-1,195,215,216,-1,195,216,194,-1,194,216,193,-1,209,210,336,-1,209,336,321,-1,209,321,322,-1,209,322,323,-1,
  209,323,324,-1,209,324,325,-1,209,325,326,-1,211,212,336,-1,211,336,210,-1,338,400,401,-1,338,401,402,-1,338,402,403,-1,
  338,403,404,-1,338,404,405,-1,338,405,406,-1,391,136,137,-1,391,137,138,-1,391,138,139,-1,391,139,140,-1,391,140,141,-1,
  391,141,142,-1,391,142,143,-1,391,143,128,-1,391,128,144,-1,391,144,408,-1,407,184,185,-1,407,185,186,-1,407,186,187,-1,
  407,187,188,-1,407,188,189,-1,407,189,190,-1,407,190,16,-1,176,160,161,-1,176,161,162,-1,176,162,163,-1,176,163,164,-1,
  176,164,165,-1,176,165,166,-1,176,8,9,-1,176,9,10,-1,176,10,11,-1,176,11,12,-1,176,12,13,-1,176,13,14,-1,
  176,14,15,-1,16,190,191,-1,16,191,176,-1,407,88,89,-1,407,89,90,-1,407,90,91,-1,407,91,92,-1,407,92,93,-1,
  407,93,94,-1,407,94,328,-1,95,80,64,-1,95,64,65,-1,95,65,66,-1,95,66,67,-1,95,67,68,-1,95,68,69,-1,
  95,364,365,-1,95,365,366,-1,95,366,367,-1,95,367,368,-1,95,368,369,-1,95,369,370,-1,95,370,371,-1,95,371,328,-1,
  95,328,94,-1,371,312,313,-1,371,313,314,-1,371,314,315,-1,371,315,316,-1,371,316,317,-1,371,317,318,-1,371,318,319,-1,
  371,319,328,-1,338,348,349,-1,338,349,350,-1,338,350,351,-1,338,351,352,-1,338,352,353,-1,338,353,337,-1,337,353,354,-1,
  337,354,355,-1,337,355,340,-1,328,319,304,-1,321,336,320,-1,4,200,3,-1,358,200,357,-1,113,96,112,-1,225,208,224,-1,
  816,815,747,-1,816,747,737,-1,737,747,757,-1,737,757,738,-1,738,757,756,-1,738,756,739,-1,739,756,755,-1,739,755,740,-1,
  740,755,754,-1,740,754,741,-1,741,754,753,-1,741,753,742,-1,742,753,752,-1,742,752,743,-1,743,752,751,-1,743,751,744,-1,
  744,751,750,-1,744,750,729,-1,729,750,749,-1,729,749,745,-1,745,749,746,-1,736,735,618,-1,736,618,737,-1,737,618,617,-1,
  737,617,713,-1,713,617,697,-1,713,697,714,-1,714,697,712,-1,714,712,715,-1,715,712,711,-1,715,711,716,-1,716,711,710,-1,
  716,710,717,-1,717,710,709,-1,717,709,718,-1,718,709,708,-1,718,708,719,-1,719,708,707,-1,719,707,720,-1,720,707,706,-1,
  720,706,721,-1,721,706,705,-1,721,705,780,-1,780,705,765,-1,697,617,681,-1,697,681,698,-1,698,681,696,-1,698,696,699,-1,
  699,696,695,-1,699,695,700,-1,700,695,694,-1,700,694,701,-1,701,694,693,-1,701,693,702,-1,702,693,692,-1,702,692,703,-1,
  703,692,691,-1,703,691,704,-1,704,691,690,-1,704,690,705,-1,705,690,689,-1,705,689,765,-1,765,689,673,-1,765,673,657,-1,
  657,673,658,-1,681,617,665,-1,681,665,682,-1,682,665,680,-1,682,680,683,-1,683,680,679,-1,683,679,684,-1,684,679,678,-1,
  684,678,685,-1,685,678,677,-1,685,677,686,-1,686,677,676,-1,686,676,687,-1,687,676,675,-1,687,675,688,-1,688,675,674,-1,
  688,674,689,-1,689,674,673,-1,665,617,649,-1,665,649,666,-1,666,649,664,-1,666,664,667,-1,667,664,663,-1,667,663,668,-1,
  668,663,662,-1,668,662,669,-1,669,662,661,-1,669,661,670,-1,670,661,660,-1,670,660,671,-1,671,660,659,-1,671,659,672,-1,
  672,659,658,-1,672,658,673,-1,649,617,633,-1,649,633,650,-1,650,633,648,-1,650,648,651,-1,651,648,647,-1,651,647,652,-1,
  652,647,646,-1,652,646,653,-1,653,646,645,-1,653,645,654,-1,654,645,644,-1,654,644,655,-1,655,644,643,-1,655,643,656,-1,
  656,643,642,-1,656,642,657,-1,657,642,641,-1,657,641,765,-1,765,641,625,-1,765,625,601,-1,601,625,602,-1,634,617,632,-1,
  634,632,635,-1,635,632,631,-1,635,631,636,-1,636,631,630,-1,636,630,637,-1,637,630,629,-1,637,629,638,-1,638,629,628,-1,
  638,628,639,-1,639,628,627,-1,639,627,640,-1,640,627,626,-1,640,626,641,-1,641,626,625,-1,473,409,433,-1,473,433,489,-1,
  489,433,457,-1,489,457,490,-1,490,457,472,-1,490,472,491,-1,491,472,471,-1,491,471,492,-1,492,471,470,-1,492,470,493,-1,
  493,470,469,-1,493,469,494,-1,494,469,468,-1,494,468,495,-1,495,468,467,-1,495,467,496,-1,496,467,466,-1,496,466,497,-1,
  497,466,465,-1,497,465,816,-1,816,465,441,-1,816,441,425,-1,425,441,426,-1,457,433,449,-1,457,449,458,-1,458,449,448,-1,
  458,448,459,-1,459,448,447,-1,459,447,460,-1,460,447,446,-1,460,446,461,-1,461,446,445,-1,461,445,462,-1,462,445,444,-1,
  462,444,463,-1,463,444,443,-1,463,443,464,-1,464,443,442,-1,464,442,465,-1,465,442,441,-1,426,441,456,-1,426,456,427,-1,
  427,456,455,-1,427,455,428,-1,428,455,454,-1,428,454,429,-1,429,454,453,-1,429,453,430,-1,430,453,452,-1,430,452,431,-1,
  431,452,451,-1,431,451,432,-1,432,451,450,-1,432,450,433,-1,433,450,449,-1,585,569,561,-1,585,561,586,-1,586,561,560,-1,
  586,560,587,-1,587,560,559,-1,587,559,588,-1,588,559,558,-1,588,558,589,-1,589,558,557,-1,589,557,590,-1,590,557,556,-1,
  590,556,591,-1,591,556,555,-1,591,555,592,-1,592,555,554,-1,592,554,593,-1,593,554,553,-1,593,553,816,-1,816,553,817,-1,
  748,507,506,-1,748,506,553,-1,553,506,505,-1,553,505,537,-1,537,505,521,-1,537,521,538,-1,538,521,536,-1,538,536,539,-1,
  539,536,535,-1,539,535,540,-1,540,535,534,-1,540,534,541,-1,541,534,533,-1,541,533,542,-1,542,533,532,-1,542,532,543,-1,
  543,532,531,-1,543,531,544,-1,544,531,530,-1,544,530,545,-1,545,530,529,-1,545,529,800,-1,800,529,513,-1,800,513,791,-1,
  791,513,748,-1,791,748,792,-1,792,748,793,-1,522,505,520,-1,522,520,523,-1,523,520,519,-1,523,519,524,-1,524,519,518,-1,
  524,518,525,-1,525,518,517,-1,525,517,526,-1,526,517,516,-1,526,516,527,-1,527,516,515,-1,527,515,528,-1,528,515,514,-1,
  528,514,529,-1,529,514,513,-1,799,798,748,-1,799,748,781,-1,781,748,747,-1,782,747,809,-1,782,809,783,-1,783,809,808,-1,
  783,808,784,-1,784,808,807,-1,784,807,785,-1,785,807,806,-1,785,806,786,-1,786,806,805,-1,786,805,787,-1,787,805,804,-1,
  787,804,788,-1,788,804,803,-1,788,803,789,-1,789,803,802,-1,789,802,790,-1,790,802,801,-1,790,801,791,-1,791,801,800,-1,
  793,748,794,-1,794,748,795,-1,795,748,796,-1,796,748,797,-1,797,748,798,-1,507,748,508,-1,508,748,509,-1,509,748,510,-1,
  510,748,511,-1,511,748,512,-1,512,748,513,-1,745,748,621,-1,621,748,622,-1,622,748,605,-1,605,748,606,-1,606,748,607,-1,
  607,748,608,-1,608,748,609,-1,609,748,413,-1,413,748,414,-1,414,748,415,-1,415,748,416,-1,416,748,417,-1,417,748,579,-1,
  579,748,580,-1,580,748,581,-1,581,748,582,-1,582,748,583,-1,583,748,584,-1,584,748,569,-1,569,748,563,-1,563,748,564,-1,
  564,748,565,-1,565,748,566,-1,566,748,567,-1,567,748,568,-1,568,748,553,-1,563,562,569,-1,569,562,561,-1,576,575,585,-1,
  576,585,577,-1,577,585,417,-1,577,417,578,-1,578,417,579,-1,433,409,434,-1,434,409,435,-1,435,409,436,-1,436,409,437,-1,
  437,409,438,-1,438,409,439,-1,439,409,440,-1,440,409,425,-1,425,409,585,-1,585,409,424,-1,411,410,773,-1,773,410,482,-1,
  482,410,483,-1,483,410,484,-1,484,410,485,-1,485,410,486,-1,486,410,487,-1,487,410,488,-1,488,410,473,-1,473,410,409,-1,
  479,478,504,-1,479,504,480,-1,480,504,773,-1,480,773,481,-1,481,773,482,-1,412,411,609,-1,609,411,767,-1,767,411,768,-1,
  768,411,769,-1,769,411,770,-1,770,411,771,-1,771,411,772,-1,772,411,773,-1,766,765,609,-1,609,765,610,-1,610,765,611,-1,
  611,765,612,-1,612,765,613,-1,613,765,614,-1,614,765,615,-1,615,765,616,-1,616,765,601,-1,623,622,605,-1,623,605,624,-1,
  624,605,604,-1,624,604,625,-1,625,604,603,-1,625,603,602,-1,619,618,745,-1,745,618,730,-1,730,618,731,-1,731,618,732,-1,
  732,618,733,-1,733,618,734,-1,734,618,735,-1,621,620,745,-1,745,620,619,-1,809,747,810,-1,810,747,811,-1,811,747,812,-1,
  812,747,813,-1,813,747,814,-1,814,747,815,-1,545,800,546,-1,546,800,547,-1,547,800,548,-1,548,800,549,-1,549,800,550,-1,
  550,800,551,-1,551,800,552,-1,552,800,537,-1,537,800,553,-1,553,800,817,-1,593,816,594,-1,594,816,595,-1,595,816,596,-1,
  596,816,597,-1,597,816,598,-1,598,816,599,-1,599,816,425,-1,569,585,570,-1,570,585,571,-1,571,585,572,-1,572,585,573,-1,
  573,585,574,-1,574,585,575,-1,417,585,418,-1,418,585,419,-1,419,585,420,-1,420,585,421,-1,421,585,422,-1,422,585,423,-1,
  423,585,424,-1,599,425,600,-1,600,425,585,-1,497,816,498,-1,498,816,499,-1,499,816,500,-1,500,816,501,-1,501,816,502,-1,
  502,816,503,-1,503,816,737,-1,489,504,473,-1,473,504,474,-1,474,504,475,-1,475,504,476,-1,476,504,477,-1,477,504,478,-1,
  773,504,774,-1,774,504,775,-1,775,504,776,-1,776,504,777,-1,777,504,778,-1,778,504,779,-1,779,504,780,-1,780,504,737,-1,
  737,504,503,-1,721,780,722,-1,722,780,723,-1,723,780,724,-1,724,780,725,-1,725,780,726,-1,726,780,727,-1,727,780,728,-1,
  728,780,737,-1,757,747,758,-1,758,747,759,-1,759,747,760,-1,760,747,761,-1,761,747,762,-1,762,747,746,-1,762,746,763,-1,
  763,746,764,-1,764,746,749,-1,728,737,713,-1,745,730,729,-1,609,413,412,-1,609,767,766,-1,505,522,521,-1,617,634,633,-1]
  normalPerVertex TRUE
  normal DEF NORM_1 Normal { vector [
  0 0 1,0 0 1,
  0 0 1,0 0 1,
  0 0 1,0 0 1,
  0 0 1,0 0 1,
  0 0 1,0 0 1,
  0 0 1,0 0 1,
  0 0 1,0 0 1,
  0 0 1,0 0 1,
  0 0 1,0 0 1,
  0 0 1,0 0 1,
  0 0 1,0 0 1,
  0 0 1,0 0 1,
  0 0 1,0 0 1,
  0 0 1,0 0 1,
  0 0 1,0 0 1,
  0 0 1,0 0 1,
  0 0 1,0 0 1,
  0 0 1,0 0 1,
  0 0 1,0 0 1,
  0 0 1,0 0 1,
  0 0 1,0 0 1,
  0 0 1,0 0 1,
  0 0 1,0 0 1,
  0 0 1,0 0 1,
  0 0 1,0 0 1,
  0 0 1,0 0 1,
  0 0 1,0 0 1,
  0 0 1,0 0 1,
  0 0 1,0 0 1,
  0 0 1,0 0 1,
  0 0 1,0 0 1,
  0 0 1,0 0 1,
  0 0 1,0 0 1,
  0 0 1,0 0 1,
  0 0 1,0 0 1,
  0 0 1,0 0 1,
  0 0 1,0 0 1,
  0 0 1,0 0 1,
  0 0 1,0 0 1,
  0 0 1,0 0 1,
  0 0 1,0 0 1,
  0 0 1,0 0 1,
  0 0 1,0 0 1,
  0 0 1,0 0 1,
  0 0 1,0 0 1,
  0 0 1,0 0 1,
  0 0 1,0 0 1,
  0 0 1,0 0 1,
  0 0 1,0 0 1,
  0 0 1,0 0 1,
  0 0 1,0 0 1,
  0 0 1,0 0 1,
  0 0 1,0 0 1,
  0 0 1,0 0 1,
  0 0 1,0 0 1,
  0 0 1,0 0 1,
  0 0 1,0 0 1,
  0 0 1,0 0 1,
  0 0 1,0 0 1,
  0 0 1,0 0 1,
  0 0 1,0 0 1,
  0 0 1,0 0 1,
  0 0 1,0 0 1,
  0 0 1,0 0 1,
  0 0 1,0 0 1,
  0 0 1,0 0 1,
  0 0 1,0 0 1,
  0 0 1,0 0 1,
  0 0 1,0 0 1,
  0 0 1,0 0 1,
  0 0 1,0 0 1,
  0 0 1,0 0 1,
  0 0 1,0 0 1,
  0 0 1,0 0 1,
  0 0 1,0 0 1,
  0 0 1,0 0 1,
  0 0 1,0 0 1,
  0 0 1,0 0 1,
  0 0 1,0 0 1,
  0 0 1,0 0 1,
  0 0 1,0 0 1,
  0 0 1,0 0 1,
  0 0 1,0 0 1,
  0 0 1,0 0 1,
  0 0 1,0 0 1,
  0 0 1,0 0 1,
  0 0 1,0 0 1,
  0 0 1,0 0 1,
  0 0 1,0 0 1,
  0 0 1,0 0 1,
  0 0 1,0 0 1,
  0 0 1,0 0 1,
  0 0 1,0 0 1,
  0 0 1,0 0 1,
  0 0 1,0 0 1,
  0 0 1,0 0 1,
  0 0 1,0 0 1,
  0 0 1,0 0 1,
  0 0 1,0 0 1,
  0 0 1,0 0 1,
  0 0 1,0 0 1,
  0 0 1,0 0 1,
  0 0 1,0 0 1,
  0 0 1,0 0 1,
  0 0 1,0 0 1,
  0 0 1,0 0 1,
  0 0 1,0 0 1,
  0 0 1,0 0 1,
  0 0 1,0 0 1,
  0 0 1,0 0 1,
  0 0 1,0 0 1,
  0 0 1,0 0 1,
  0 0 1,0 0 1,
  0 0 1,0 0 1,
  0 0 1,0 0 1,
  0 0 1,0 0 1,
  0 0 1,0 0 1,
  0 0 1,0 0 1,
  0 0 1,0 0 1,
  0 0 1,0 0 1,
  0 0 1,0 0 1,
  0 0 1,0 0 1,
  0 0 1,0 0 1,
  0 0 1,0 0 1,
  0 0 1,0 0 1,
  0 0 1,0 0 1,
  0 0 1,0 0 1,
  0 0 1,0 0 1,
  0 0 1,0 0 1,
  0 0 1,0 0 1,
  0 0 1,0 0 1,
  0 0 1,0 0 1,
  0 0 1,0 0 1,
  0 0 1,0 0 1,
  0 0 1,0 0 1,
  0 0 1,0 0 1,
  0 0 1,0 0 1,
  0 0 1,0 0 1,
  0 0 1,0 0 1,
  0 0 1,0 0 1,
  0 0 1,0 0 1,
  0 0 1,0 0 1,
  0 0 1,0 0 1,
  0 0 1,0 0 1,
  0 0 1,0 0 1,
  0 0 1,0 0 1,
  0 0 1,0 0 1,
  0 0 1,0 0 1,
  0 0 1,0 0 1,
  0 0 1,0 0 1,
  0 0 1,0 0 1,
  0 0 1,0 0 1,
  0 0 1,0 0 1,
  0 0 1,0 0 1,
  0 0 1,0 0 1,
  0 0 1,0 0 1,
  0 0 1,0 0 1,
  0 0 1,0 0 1,
  0 0 1,0 0 1,
  0 0 1,0 0 1,
  0 0 1,0 0 1,
  0 0 1,0 0 1,
  0 0 1,0 0 1,
  0 0 1,0 0 1,
  0 0 1,0 0 1,
  0 0 1,0 0 1,
  0 0 1,0 0 1,
  0 0 1,0 0 1,
  0 0 1,0 0 1,
  0 0 1,0 0 1,
  0 0 1,0 0 1,
  0 0 1,0 0 1,
  0 0 1,0 0 1,
  0 0 1,0 0 1,
  0 0 1,0 0 1,
  0 0 1,0 0 1,
  0 0 1,0 0 1,
  0 0 1,0 0 1,
  0 0 1,0 0 1,
  0 0 1,0 0 1,
  0 0 1,0 0 1,
  0 0 1,0 0 1,
  0 0 1,0 0 1,
  0 0 1,0 0 1,
  0 0 1,0 0 1,
  0 0 1,0 0 1,
  0 0 1,0 0 1,
  0 0 1,0 0 1,
  0 0 1,0 0 1,
  0 0 1,0 0 1,
  0 0 1,0 0 1,
  0 0 1,0 0 1,
  0 0 1,0 0 1,
  0 0 1,0 0 1,
  0 0 1,0 0 1,
  0 0 1,0 0 1,
  0 0 1,0 0 1,
  0 0 1,0 0 1,
  0 0 1,0 0 1,
  0 0 1,0 0 1,
  0 0 1,0 0 1,
  0 0 1,0 0 1,
  0 0 1,0 0 1,
  0 0 1,0 0 1,
  0 0 1,0 0 -1,
  0 0 -1,0 0 -1,
  0 0 -1,0 0 -1,
  0 0 -1,0 0 -1,
  0 0 -1,0 0 -1,
  0 0 -1,0 0 -1,
  0 0 -1,0 0 -1,
  0 0 -1,0 0 -1,
  0 0 -1,0 0 -1,
  0 0 -1,0 0 -1,
  0 0 -1,0 0 -1,
  0 0 -1,0 0 -1,
  0 0 -1,0 0 -1,
  0 0 -1,0 0 -1,
  0 0 -1,0 0 -1,
  0 0 -1,0 0 -1,
  0 0 -1,0 0 -1,
  0 0 -1,0 0 -1,
  0 0 -1,0 0 -1,
  0 0 -1,0 0 -1,
  0 0 -1,0 0 -1,
  0 0 -1,0 0 -1,
  0 0 -1,0 0 -1,
  0 0 -1,0 0 -1,
  0 0 -1,0 0 -1,
  0 0 -1,0 0 -1,
  0 0 -1,0 0 -1,
  0 0 -1,0 0 -1,
  0 0 -1,0 0 -1,
  0 0 -1,0 0 -1,
  0 0 -1,0 0 -1,
  0 0 -1,0 0 -1,
  0 0 -1,0 0 -1,
  0 0 -1,0 0 -1,
  0 0 -1,0 0 -1,
  0 0 -1,0 0 -1,
  0 0 -1,0 0 -1,
  0 0 -1,0 0 -1,
  0 0 -1,0 0 -1,
  0 0 -1,0 0 -1,
  0 0 -1,0 0 -1,
  0 0 -1,0 0 -1,
  0 0 -1,0 0 -1,
  0 0 -1,0 0 -1,
  0 0 -1,0 0 -1,
  0 0 -1,0 0 -1,
  0 0 -1,0 0 -1,
  0 0 -1,0 0 -1,
  0 0 -1,0 0 -1,
  0 0 -1,0 0 -1,
  0 0 -1,0 0 -1,
  0 0 -1,0 0 -1,
  0 0 -1,0 0 -1,
  0 0 -1,0 0 -1,
  0 0 -1,0 0 -1,
  0 0 -1,0 0 -1,
  0 0 -1,0 0 -1,
  0 0 -1,0 0 -1,
  0 0 -1,0 0 -1,
  0 0 -1,0 0 -1,
  0 0 -1,0 0 -1,
  0 0 -1,0 0 -1,
  0 0 -1,0 0 -1,
  0 0 -1,0 0 -1,
  0 0 -1,0 0 -1,
  0 0 -1,0 0 -1,
  0 0 -1,0 0 -1,
  0 0 -1,0 0 -1,
  0 0 -1,0 0 -1,
  0 0 -1,0 0 -1,
  0 0 -1,0 0 -1,
  0 0 -1,0 0 -1,
  0 0 -1,0 0 -1,
  0 0 -1,0 0 -1,
  0 0 -1,0 0 -1,
  0 0 -1,0 0 -1,
  0 0 -1,0 0 -1,
  0 0 -1,0 0 -1,
  0 0 -1,0 0 -1,
  0 0 -1,0 0 -1,
  0 0 -1,0 0 -1,
  0 0 -1,0 0 -1,
  0 0 -1,0 0 -1,
  0 0 -1,0 0 -1,
  0 0 -1,0 0 -1,
  0 0 -1,0 0 -1,
  0 0 -1,0 0 -1,
  0 0 -1,0 0 -1,
  0 0 -1,0 0 -1,
  0 0 -1,0 0 -1,
  0 0 -1,0 0 -1,
  0 0 -1,0 0 -1,
  0 0 -1,0 0 -1,
  0 0 -1,0 0 -1,
  0 0 -1,0 0 -1,
  0 0 -1,0 0 -1,
  0 0 -1,0 0 -1,
  0 0 -1,0 0 -1,
  0 0 -1,0 0 -1,
  0 0 -1,0 0 -1,
  0 0 -1,0 0 -1,
  0 0 -1,0 0 -1,
  0 0 -1,0 0 -1,
  0 0 -1,0 0 -1,
  0 0 -1,0 0 -1,
  0 0 -1,0 0 -1,
  0 0 -1,0 0 -1,
  0 0 -1,0 0 -1,
  0 0 -1,0 0 -1,
  0 0 -1,0 0 -1,
  0 0 -1,0 0 -1,
  0 0 -1,0 0 -1,
  0 0 -1,0 0 -1,
  0 0 -1,0 0 -1,
  0 0 -1,0 0 -1,
  0 0 -1,0 0 -1,
  0 0 -1,0 0 -1,
  0 0 -1,0 0 -1,
  0 0 -1,0 0 -1,
  0 0 -1,0 0 -1,
  0 0 -1,0 0 -1,
  0 0 -1,0 0 -1,
  0 0 -1,0 0 -1,
  0 0 -1,0 0 -1,
  0 0 -1,0 0 -1,
  0 0 -1,0 0 -1,
  0 0 -1,0 0 -1,
  0 0 -1,0 0 -1,
  0 0 -1,0 0 -1,
  0 0 -1,0 0 -1,
  0 0 -1,0 0 -1,
  0 0 -1,0 0 -1,
  0 0 -1,0 0 -1,
  0 0 -1,0 0 -1,
  0 0 -1,0 0 -1,
  0 0 -1,0 0 -1,
  0 0 -1,0 0 -1,
  0 0 -1,0 0 -1,
  0 0 -1,0 0 -1,
  0 0 -1,0 0 -1,
  0 0 -1,0 0 -1,
  0 0 -1,0 0 -1,
  0 0 -1,0 0 -1,
  0 0 -1,0 0 -1,
  0 0 -1,0 0 -1,
  0 0 -1,0 0 -1,
  0 0 -1,0 0 -1,
  0 0 -1,0 0 -1,
  0 0 -1,0 0 -1,
  0 0 -1,0 0 -1,
  0 0 -1,0 0 -1,
  0 0 -1,0 0 -1,
  0 0 -1,0 0 -1,
  0 0 -1,0 0 -1,
  0 0 -1,0 0 -1,
  0 0 -1,0 0 -1,
  0 0 -1,0 0 -1,
  0 0 -1,0 0 -1,
  0 0 -1,0 0 -1,
  0 0 -1,0 0 -1,
  0 0 -1,0 0 -1,
  0 0 -1,0 0 -1,
  0 0 -1,0 0 -1,
  0 0 -1,0 0 -1,
  0 0 -1,0 0 -1,
  0 0 -1,0 0 -1,
  0 0 -1,0 0 -1,
  0 0 -1,0 0 -1,
  0 0 -1,0 0 -1,
  0 0 -1,0 0 -1,
  0 0 -1,0 0 -1,
  0 0 -1,0 0 -1,
  0 0 -1,0 0 -1,
  0 0 -1,0 0 -1,
  0 0 -1,0 0 -1,
  0 0 -1,0 0 -1,
  0 0 -1,0 0 -1,
  0 0 -1,0 0 -1,
  0 0 -1,0 0 -1,
  0 0 -1,0 0 -1,
  0 0 -1,0 0 -1,
  0 0 -1,0 0 -1,
  0 0 -1,0 0 -1,
  0 0 -1,0 0 -1,
  0 0 -1,0 0 -1,
  0 0 -1,0 0 -1,
  0 0 -1,0 0 -1,
  0 0 -1,0 0 -1,
  0 0 -1,0 0 -1,
  0 0 -1,0 0 -1,
  0 0 -1,0 0 -1,
  0 0 -1,0 0 -1,
  0 0 -1,0 0 -1,
  0 0 -1,0 0 -1,
  0 0 -1,0 0 -1,
  0 0 -1,0 0 -1,
  0 0 -1,0 0 -1,
  0 0 -1,0 0 -1,
  0 0 -1,0 0 -1,
  0 0 -1,0 0 -1,
  0 0 -1,0 0 -1,
  0 0 -1,0 0 -1,
  0 0 -1,0 0 -1,
  0 0 -1,0 0 -1,
  0 0 -1,0 0 -1] }
}
}
DEF SHAPE_2 Shape {
 appearance USE APP_1
 geometry DEF FACE_2 IndexedFaceSet {
  coord DEF COORD_2 Coordinate { point [
  7.4122137 13.555454 0.31003937,7.4015748 13.501969 0.31003937,
  7.4122137 13.555454 -0.31003937,7.4122137 13.555454 -0.31003937,
  7.4015748 13.501969 0.31003937,7.4015748 13.501969 -0.31003937,
  7.4425107 13.600796 0.31003937,7.4122137 13.555454 0.31003937,
  7.4425107 13.600796 -0.31003937,7.4425107 13.600796 -0.31003937,
  7.4122137 13.555454 0.31003937,7.4122137 13.555454 -0.31003937,
  7.4878533 13.631093 0.31003937,7.4425107 13.600796 0.31003937,
  7.4878533 13.631093 -0.31003937,7.4878533 13.631093 -0.31003937,
  7.4425107 13.600796 0.31003937,7.4425107 13.600796 -0.31003937,
  7.5413386 13.641732 0.31003937,7.4878533 13.631093 0.31003937,
  7.5413386 13.641732 -0.31003937,7.5413386 13.641732 -0.31003937,
  7.4878533 13.631093 0.31003937,7.4878533 13.631093 -0.31003937,
  7.5948239 13.631093 0.31003937,7.5413386 13.641732 0.31003937,
  7.5948239 13.631093 -0.31003937,7.5948239 13.631093 -0.31003937,
  7.5413386 13.641732 0.31003937,7.5413386 13.641732 -0.31003937,
  7.6401665 13.600796 0.31003937,7.5948239 13.631093 0.31003937,
  7.6401665 13.600796 -0.31003937,7.6401665 13.600796 -0.31003937,
  7.5948239 13.631093 0.31003937,7.5948239 13.631093 -0.31003937,
  7.6704635 13.555454 0.31003937,7.6401665 13.600796 0.31003937,
  7.6704635 13.555454 -0.31003937,7.6704635 13.555454 -0.31003937,
  7.6401665 13.600796 0.31003937,7.6401665 13.600796 -0.31003937,
  7.6811024 13.501969 0.31003937,7.6704635 13.555454 0.31003937,
  7.6811024 13.501969 -0.31003937,7.6811024 13.501969 -0.31003937,
  7.6704635 13.555454 0.31003937,7.6704635 13.555454 -0.31003937,
  7.6704635 13.448483 0.31003937,7.6811024 13.501969 0.31003937,
  7.6704635 13.448483 -0.31003937,7.6704635 13.448483 -0.31003937,
  7.6811024 13.501969 0.31003937,7.6811024 13.501969 -0.31003937,
  7.6401665 13.403141 0.31003937,7.6704635 13.448483 0.31003937,
  7.6401665 13.403141 -0.31003937,7.6401665 13.403141 -0.31003937,
  7.6704635 13.448483 0.31003937,7.6704635 13.448483 -0.31003937,
  7.5948239 13.372844 0.31003937,7.6401665 13.403141 0.31003937,
  7.5948239 13.372844 -0.31003937,7.5948239 13.372844 -0.31003937,
  7.6401665 13.403141 0.31003937,7.6401665 13.403141 -0.31003937,
  7.5413386 13.362205 0.31003937,7.5948239 13.372844 0.31003937,
  7.5413386 13.362205 -0.31003937,7.5413386 13.362205 -0.31003937,
  7.5948239 13.372844 0.31003937,7.5948239 13.372844 -0.31003937,
  7.4878533 13.372844 0.31003937,7.5413386 13.362205 0.31003937,
  7.4878533 13.372844 -0.31003937,7.4878533 13.372844 -0.31003937,
  7.5413386 13.362205 0.31003937,7.5413386 13.362205 -0.31003937,
  7.4425107 13.403141 0.31003937,7.4878533 13.372844 0.31003937,
  7.4425107 13.403141 -0.31003937,7.4425107 13.403141 -0.31003937,
  7.4878533 13.372844 0.31003937,7.4878533 13.372844 -0.31003937,
  7.4122137 13.448483 0.31003937,7.4425107 13.403141 0.31003937,
  7.4122137 13.448483 -0.31003937,7.4122137 13.448483 -0.31003937,
  7.4425107 13.403141 0.31003937,7.4425107 13.403141 -0.31003937,
  7.4015748 13.501969 0.31003937,7.4122137 13.448483 0.31003937,
  7.4015748 13.501969 -0.31003937,7.4015748 13.501969 -0.31003937,
  7.4122137 13.448483 0.31003937,7.4122137 13.448483 -0.31003937,
  6.8034257 7.5357024 0.31003937,6.8080709 7.5590551 0.31003937,
  6.8034257 7.5357024 -0.31003937,6.8034257 7.5357024 -0.31003937,
  6.8080709 7.5590551 0.31003937,6.8080709 7.5590551 -0.31003937,
  6.7901975 7.5159049 0.31003937,6.8034257 7.5357024 0.31003937,
  6.7901975 7.5159049 -0.31003937,6.7901975 7.5159049 -0.31003937,
  6.8034257 7.5357024 0.31003937,6.8034257 7.5357024 -0.31003937,
  6.7704 7.5026766 0.31003937,6.7901975 7.5159049 0.31003937,
  6.7704 7.5026766 -0.31003937,6.7704 7.5026766 -0.31003937,
  6.7901975 7.5159049 0.31003937,6.7901975 7.5159049 -0.31003937,
  6.7470472 7.4980315 0.31003937,6.7704 7.5026766 0.31003937,
  6.7470472 7.4980315 -0.31003937,6.7470472 7.4980315 -0.31003937,
  6.7704 7.5026766 0.31003937,6.7704 7.5026766 -0.31003937,
  6.7236945 7.5026766 0.31003937,6.7470472 7.4980315 0.31003937,
  6.7236945 7.5026766 -0.31003937,6.7236945 7.5026766 -0.31003937,
  6.7470472 7.4980315 0.31003937,6.7470472 7.4980315 -0.31003937,
  6.703897 7.5159049 0.31003937,6.7236945 7.5026766 0.31003937,
  6.703897 7.5159049 -0.31003937,6.703897 7.5159049 -0.31003937,
  6.7236945 7.5026766 0.31003937,6.7236945 7.5026766 -0.31003937,
  6.6906688 7.5357024 0.31003937,6.703897 7.5159049 0.31003937,
  6.6906688 7.5357024 -0.31003937,6.6906688 7.5357024 -0.31003937,
  6.703897 7.5159049 0.31003937,6.703897 7.5159049 -0.31003937,
  6.6860236 7.5590551 0.31003937,6.6906688 7.5357024 0.31003937,
  6.6860236 7.5590551 -0.31003937,6.6860236 7.5590551 -0.31003937,
  6.6906688 7.5357024 0.31003937,6.6906688 7.5357024 -0.31003937,
  6.6906688 7.5824078 0.31003937,6.6860236 7.5590551 0.31003937,
  6.6906688 7.5824078 -0.31003937,6.6906688 7.5824078 -0.31003937,
  6.6860236 7.5590551 0.31003937,6.6860236 7.5590551 -0.31003937,
  6.703897 7.6022053 0.31003937,6.6906688 7.5824078 0.31003937,
  6.703897 7.6022053 -0.31003937,6.703897 7.6022053 -0.31003937,
  6.6906688 7.5824078 0.31003937,6.6906688 7.5824078 -0.31003937,
  6.7236945 7.6154336 0.31003937,6.703897 7.6022053 0.31003937,
  6.7236945 7.6154336 -0.31003937,6.7236945 7.6154336 -0.31003937,
  6.703897 7.6022053 0.31003937,6.703897 7.6022053 -0.31003937,
  6.7470472 7.6200787 0.31003937,6.7236945 7.6154336 0.31003937,
  6.7470472 7.6200787 -0.31003937,6.7470472 7.6200787 -0.31003937,
  6.7236945 7.6154336 0.31003937,6.7236945 7.6154336 -0.31003937,
  6.7704 7.6154336 0.31003937,6.7470472 7.6200787 0.31003937,
  6.7704 7.6154336 -0.31003937,6.7704 7.6154336 -0.31003937,
  6.7470472 7.6200787 0.31003937,6.7470472 7.6200787 -0.31003937,
  6.7901975 7.6022053 0.31003937,6.7704 7.6154336 0.31003937,
  6.7901975 7.6022053 -0.31003937,6.7901975 7.6022053 -0.31003937,
  6.7704 7.6154336 0.31003937,6.7704 7.6154336 -0.31003937,
  6.8034257 7.5824078 0.31003937,6.7901975 7.6022053 0.31003937,
  6.8034257 7.5824078 -0.31003937,6.8034257 7.5824078 -0.31003937,
  6.7901975 7.6022053 0.31003937,6.7901975 7.6022053 -0.31003937,
  6.8080709 7.5590551 0.31003937,6.8034257 7.5824078 0.31003937,
  6.8080709 7.5590551 -0.31003937,6.8080709 7.5590551 -0.31003937,
  6.8034257 7.5824078 0.31003937,6.8034257 7.5824078 -0.31003937,
  6.8034257 7.0632614 0.31003937,6.8080709 7.0866142 0.31003937,
  6.8034257 7.0632614 -0.31003937,6.8034257 7.0632614 -0.31003937,
  6.8080709 7.0866142 0.31003937,6.8080709 7.0866142 -0.31003937,
  6.7901975 7.043464 0.31003937,6.8034257 7.0632614 0.31003937,
  6.7901975 7.043464 -0.31003937,6.7901975 7.043464 -0.31003937,
  6.8034257 7.0632614 0.31003937,6.8034257 7.0632614 -0.31003937,
  6.7704 7.0302357 0.31003937,6.7901975 7.043464 0.31003937,
  6.7704 7.0302357 -0.31003937,6.7704 7.0302357 -0.31003937,
  6.7901975 7.043464 0.31003937,6.7901975 7.043464 -0.31003937,
  6.7470472 7.0255906 0.31003937,6.7704 7.0302357 0.31003937,
  6.7470472 7.0255906 -0.31003937,6.7470472 7.0255906 -0.31003937,
  6.7704 7.0302357 0.31003937,6.7704 7.0302357 -0.31003937,
  6.7236945 7.0302357 0.31003937,6.7470472 7.0255906 0.31003937,
  6.7236945 7.0302357 -0.31003937,6.7236945 7.0302357 -0.31003937,
  6.7470472 7.0255906 0.31003937,6.7470472 7.0255906 -0.31003937,
  6.703897 7.043464 0.31003937,6.7236945 7.0302357 0.31003937,
  6.703897 7.043464 -0.31003937,6.703897 7.043464 -0.31003937,
  6.7236945 7.0302357 0.31003937,6.7236945 7.0302357 -0.31003937,
  6.6906688 7.0632614 0.31003937,6.703897 7.043464 0.31003937,
  6.6906688 7.0632614 -0.31003937,6.6906688 7.0632614 -0.31003937,
  6.703897 7.043464 0.31003937,6.703897 7.043464 -0.31003937,
  6.6860236 7.0866142 0.31003937,6.6906688 7.0632614 0.31003937,
  6.6860236 7.0866142 -0.31003937,6.6860236 7.0866142 -0.31003937,
  6.6906688 7.0632614 0.31003937,6.6906688 7.0632614 -0.31003937,
  6.6906688 7.1099669 0.31003937,6.6860236 7.0866142 0.31003937,
  6.6906688 7.1099669 -0.31003937,6.6906688 7.1099669 -0.31003937,
  6.6860236 7.0866142 0.31003937,6.6860236 7.0866142 -0.31003937,
  6.703897 7.1297644 0.31003937,6.6906688 7.1099669 0.31003937,
  6.703897 7.1297644 -0.31003937,6.703897 7.1297644 -0.31003937,
  6.6906688 7.1099669 0.31003937,6.6906688 7.1099669 -0.31003937,
  6.7236945 7.1429926 0.31003937,6.703897 7.1297644 0.31003937,
  6.7236945 7.1429926 -0.31003937,6.7236945 7.1429926 -0.31003937,
  6.703897 7.1297644 0.31003937,6.703897 7.1297644 -0.31003937,
  6.7470472 7.1476378 0.31003937,6.7236945 7.1429926 0.31003937,
  6.7470472 7.1476378 -0.31003937,6.7470472 7.1476378 -0.31003937,
  6.7236945 7.1429926 0.31003937,6.7236945 7.1429926 -0.31003937,
  6.7704 7.1429926 0.31003937,6.7470472 7.1476378 0.31003937,
  6.7704 7.1429926 -0.31003937,6.7704 7.1429926 -0.31003937,
  6.7470472 7.1476378 0.31003937,6.7470472 7.1476378 -0.31003937,
  6.7901975 7.1297644 0.31003937,6.7704 7.1429926 0.31003937,
  6.7901975 7.1297644 -0.31003937,6.7901975 7.1297644 -0.31003937,
  6.7704 7.1429926 0.31003937,6.7704 7.1429926 -0.31003937,
  6.8034257 7.1099669 0.31003937,6.7901975 7.1297644 0.31003937,
  6.8034257 7.1099669 -0.31003937,6.8034257 7.1099669 -0.31003937,
  6.7901975 7.1297644 0.31003937,6.7901975 7.1297644 -0.31003937,
  6.8080709 7.0866142 0.31003937,6.8034257 7.1099669 0.31003937,
  6.8080709 7.0866142 -0.31003937,6.8080709 7.0866142 -0.31003937,
  6.8034257 7.1099669 0.31003937,6.8034257 7.1099669 -0.31003937,
  6.6906688 6.637526 0.31003937,6.6860236 6.6141732 0.31003937,
  6.6906688 6.637526 -0.31003937,6.6906688 6.637526 -0.31003937,
  6.6860236 6.6141732 0.31003937,6.6860236 6.6141732 -0.31003937,
  6.703897 6.6573234 0.31003937,6.6906688 6.637526 0.31003937,
  6.703897 6.6573234 -0.31003937,6.703897 6.6573234 -0.31003937,
  6.6906688 6.637526 0.31003937,6.6906688 6.637526 -0.31003937,
  6.7236945 6.6705517 0.31003937,6.703897 6.6573234 0.31003937,
  6.7236945 6.6705517 -0.31003937,6.7236945 6.6705517 -0.31003937,
  6.703897 6.6573234 0.31003937,6.703897 6.6573234 -0.31003937,
  6.7470472 6.6751969 0.31003937,6.7236945 6.6705517 0.31003937,
  6.7470472 6.6751969 -0.31003937,6.7470472 6.6751969 -0.31003937,
  6.7236945 6.6705517 0.31003937,6.7236945 6.6705517 -0.31003937,
  6.7704 6.6705517 0.31003937,6.7470472 6.6751969 0.31003937,
  6.7704 6.6705517 -0.31003937,6.7704 6.6705517 -0.31003937,
  6.7470472 6.6751969 0.31003937,6.7470472 6.6751969 -0.31003937,
  6.7901975 6.6573234 0.31003937,6.7704 6.6705517 0.31003937,
  6.7901975 6.6573234 -0.31003937,6.7901975 6.6573234 -0.31003937,
  6.7704 6.6705517 0.31003937,6.7704 6.6705517 -0.31003937,
  6.8034257 6.637526 0.31003937,6.7901975 6.6573234 0.31003937,
  6.8034257 6.637526 -0.31003937,6.8034257 6.637526 -0.31003937,
  6.7901975 6.6573234 0.31003937,6.7901975 6.6573234 -0.31003937,
  6.8080709 6.6141732 0.31003937,6.8034257 6.637526 0.31003937,
  6.8080709 6.6141732 -0.31003937,6.8080709 6.6141732 -0.31003937,
  6.8034257 6.637526 0.31003937,6.8034257 6.637526 -0.31003937,
  6.8034257 6.5908205 0.31003937,6.8080709 6.6141732 0.31003937,
  6.8034257 6.5908205 -0.31003937,6.8034257 6.5908205 -0.31003937,
  6.8080709 6.6141732 0.31003937,6.8080709 6.6141732 -0.31003937,
  6.7901975 6.571023 0.31003937,6.8034257 6.5908205 0.31003937,
  6.7901975 6.571023 -0.31003937,6.7901975 6.571023 -0.31003937,
  6.8034257 6.5908205 0.31003937,6.8034257 6.5908205 -0.31003937,
  6.7704 6.5577948 0.31003937,6.7901975 6.571023 0.31003937,
  6.7704 6.5577948 -0.31003937,6.7704 6.5577948 -0.31003937,
  6.7901975 6.571023 0.31003937,6.7901975 6.571023 -0.31003937,
  6.7470472 6.5531496 0.31003937,6.7704 6.5577948 0.31003937,
  6.7470472 6.5531496 -0.31003937,6.7470472 6.5531496 -0.31003937,
  6.7704 6.5577948 0.31003937,6.7704 6.5577948 -0.31003937,
  6.7236945 6.5577948 0.31003937,6.7470472 6.5531496 0.31003937,
  6.7236945 6.5577948 -0.31003937,6.7236945 6.5577948 -0.31003937,
  6.7470472 6.5531496 0.31003937,6.7470472 6.5531496 -0.31003937,
  6.703897 6.571023 0.31003937,6.7236945 6.5577948 0.31003937,
  6.703897 6.571023 -0.31003937,6.703897 6.571023 -0.31003937,
  6.7236945 6.5577948 0.31003937,6.7236945 6.5577948 -0.31003937,
  6.6906688 6.5908205 0.31003937,6.703897 6.571023 0.31003937,
  6.6906688 6.5908205 -0.31003937,6.6906688 6.5908205 -0.31003937,
  6.703897 6.571023 0.31003937,6.703897 6.571023 -0.31003937,
  6.6860236 6.6141732 0.31003937,6.6906688 6.5908205 0.31003937,
  6.6860236 6.6141732 -0.31003937,6.6860236 6.6141732 -0.31003937,
  6.6906688 6.5908205 0.31003937,6.6906688 6.5908205 -0.31003937,
  5.3082588 9.9051761 0.31003937,5.3188976 9.9586614 0.31003937,
  5.3082588 9.9051761 -0.31003937,5.3082588 9.9051761 -0.31003937,
  5.3188976 9.9586614 0.31003937,5.3188976 9.9586614 -0.31003937,
  5.2779618 9.8598335 0.31003937,5.3082588 9.9051761 0.31003937,
  5.2779618 9.8598335 -0.31003937,5.2779618 9.8598335 -0.31003937,
  5.3082588 9.9051761 0.31003937,5.3082588 9.9051761 -0.31003937,
  5.2326191 9.8295365 0.31003937,5.2779618 9.8598335 0.31003937,
  5.2326191 9.8295365 -0.31003937,5.2326191 9.8295365 -0.31003937,
  5.2779618 9.8598335 0.31003937,5.2779618 9.8598335 -0.31003937,
  5.1791339 9.8188976 0.31003937,5.2326191 9.8295365 0.31003937,
  5.1791339 9.8188976 -0.31003937,5.1791339 9.8188976 -0.31003937,
  5.2326191 9.8295365 0.31003937,5.2326191 9.8295365 -0.31003937,
  5.1256486 9.8295365 0.31003937,5.1791339 9.8188976 0.31003937,
  5.1256486 9.8295365 -0.31003937,5.1256486 9.8295365 -0.31003937,
  5.1791339 9.8188976 0.31003937,5.1791339 9.8188976 -0.31003937,
  5.0803059 9.8598335 0.31003937,5.1256486 9.8295365 0.31003937,
  5.0803059 9.8598335 -0.31003937,5.0803059 9.8598335 -0.31003937,
  5.1256486 9.8295365 0.31003937,5.1256486 9.8295365 -0.31003937,
  5.050009 9.9051761 0.31003937,5.0803059 9.8598335 0.31003937,
  5.050009 9.9051761 -0.31003937,5.050009 9.9051761 -0.31003937,
  5.0803059 9.8598335 0.31003937,5.0803059 9.8598335 -0.31003937,
  5.0393701 9.9586614 0.31003937,5.050009 9.9051761 0.31003937,
  5.0393701 9.9586614 -0.31003937,5.0393701 9.9586614 -0.31003937,
  5.050009 9.9051761 0.31003937,5.050009 9.9051761 -0.31003937,
  5.050009 10.012147 0.31003937,5.0393701 9.9586614 0.31003937,
  5.050009 10.012147 -0.31003937,5.050009 10.012147 -0.31003937,
  5.0393701 9.9586614 0.31003937,5.0393701 9.9586614 -0.31003937,
  5.0803059 10.057489 0.31003937,5.050009 10.012147 0.31003937,
  5.0803059 10.057489 -0.31003937,5.0803059 10.057489 -0.31003937,
  5.050009 10.012147 0.31003937,5.050009 10.012147 -0.31003937,
  5.1256486 10.087786 0.31003937,5.0803059 10.057489 0.31003937,
  5.1256486 10.087786 -0.31003937,5.1256486 10.087786 -0.31003937,
  5.0803059 10.057489 0.31003937,5.0803059 10.057489 -0.31003937,
  5.1791339 10.098425 0.31003937,5.1256486 10.087786 0.31003937,
  5.1791339 10.098425 -0.31003937,5.1791339 10.098425 -0.31003937,
  5.1256486 10.087786 0.31003937,5.1256486 10.087786 -0.31003937,
  5.2326191 10.087786 0.31003937,5.1791339 10.098425 0.31003937,
  5.2326191 10.087786 -0.31003937,5.2326191 10.087786 -0.31003937,
  5.1791339 10.098425 0.31003937,5.1791339 10.098425 -0.31003937,
  5.2779618 10.057489 0.31003937,5.2326191 10.087786 0.31003937,
  5.2779618 10.057489 -0.31003937,5.2779618 10.057489 -0.31003937,
  5.2326191 10.087786 0.31003937,5.2326191 10.087786 -0.31003937,
  5.3082588 10.012147 0.31003937,5.2779618 10.057489 0.31003937,
  5.3082588 10.012147 -0.31003937,5.3082588 10.012147 -0.31003937,
  5.2779618 10.057489 0.31003937,5.2779618 10.057489 -0.31003937,
  5.3188976 9.9586614 0.31003937,5.3082588 10.012147 0.31003937,
  5.3188976 9.9586614 -0.31003937,5.3188976 9.9586614 -0.31003937,
  5.3082588 10.012147 0.31003937,5.3082588 10.012147 -0.31003937,
  6.6906688 6.165085 0.31003937,6.6860236 6.1417323 0.31003937,
  6.6906688 6.165085 -0.31003937,6.6906688 6.165085 -0.31003937,
  6.6860236 6.1417323 0.31003937,6.6860236 6.1417323 -0.31003937,
  6.703897 6.1848825 0.31003937,6.6906688 6.165085 0.31003937,
  6.703897 6.1848825 -0.31003937,6.703897 6.1848825 -0.31003937,
  6.6906688 6.165085 0.31003937,6.6906688 6.165085 -0.31003937,
  6.7236945 6.1981108 0.31003937,6.703897 6.1848825 0.31003937,
  6.7236945 6.1981108 -0.31003937,6.7236945 6.1981108 -0.31003937,
  6.703897 6.1848825 0.31003937,6.703897 6.1848825 -0.31003937,
  6.7470472 6.2027559 0.31003937,6.7236945 6.1981108 0.31003937,
  6.7470472 6.2027559 -0.31003937,6.7470472 6.2027559 -0.31003937,
  6.7236945 6.1981108 0.31003937,6.7236945 6.1981108 -0.31003937,
  6.7704 6.1981108 0.31003937,6.7470472 6.2027559 0.31003937,
  6.7704 6.1981108 -0.31003937,6.7704 6.1981108 -0.31003937,
  6.7470472 6.2027559 0.31003937,6.7470472 6.2027559 -0.31003937,
  6.7901975 6.1848825 0.31003937,6.7704 6.1981108 0.31003937,
  6.7901975 6.1848825 -0.31003937,6.7901975 6.1848825 -0.31003937,
  6.7704 6.1981108 0.31003937,6.7704 6.1981108 -0.31003937,
  6.8034257 6.165085 0.31003937,6.7901975 6.1848825 0.31003937,
  6.8034257 6.165085 -0.31003937,6.8034257 6.165085 -0.31003937,
  6.7901975 6.1848825 0.31003937,6.7901975 6.1848825 -0.31003937,
  6.8080709 6.1417323 0.31003937,6.8034257 6.165085 0.31003937,
  6.8080709 6.1417323 -0.31003937,6.8080709 6.1417323 -0.31003937,
  6.8034257 6.165085 0.31003937,6.8034257 6.165085 -0.31003937,
  6.8034257 6.1183796 0.31003937,6.8080709 6.1417323 0.31003937,
  6.8034257 6.1183796 -0.31003937,6.8034257 6.1183796 -0.31003937,
  6.8080709 6.1417323 0.31003937,6.8080709 6.1417323 -0.31003937,
  6.7901975 6.0985821 0.31003937,6.8034257 6.1183796 0.31003937,
  6.7901975 6.0985821 -0.31003937,6.7901975 6.0985821 -0.31003937,
  6.8034257 6.1183796 0.31003937,6.8034257 6.1183796 -0.31003937,
  6.7704 6.0853538 0.31003937,6.7901975 6.0985821 0.31003937,
  6.7704 6.0853538 -0.31003937,6.7704 6.0853538 -0.31003937,
  6.7901975 6.0985821 0.31003937,6.7901975 6.0985821 -0.31003937,
  6.7470472 6.0807087 0.31003937,6.7704 6.0853538 0.31003937,
  6.7470472 6.0807087 -0.31003937,6.7470472 6.0807087 -0.31003937,
  6.7704 6.0853538 0.31003937,6.7704 6.0853538 -0.31003937,
  6.7236945 6.0853538 0.31003937,6.7470472 6.0807087 0.31003937,
  6.7236945 6.0853538 -0.31003937,6.7236945 6.0853538 -0.31003937,
  6.7470472 6.0807087 0.31003937,6.7470472 6.0807087 -0.31003937,
  6.703897 6.0985821 0.31003937,6.7236945 6.0853538 0.31003937,
  6.703897 6.0985821 -0.31003937,6.703897 6.0985821 -0.31003937,
  6.7236945 6.0853538 0.31003937,6.7236945 6.0853538 -0.31003937,
  6.6906688 6.1183796 0.31003937,6.703897 6.0985821 0.31003937,
  6.6906688 6.1183796 -0.31003937,6.6906688 6.1183796 -0.31003937,
  6.703897 6.0985821 0.31003937,6.703897 6.0985821 -0.31003937,
  6.6860236 6.1417323 0.31003937,6.6906688 6.1183796 0.31003937,
  6.6860236 6.1417323 -0.31003937,6.6860236 6.1417323 -0.31003937,
  6.6906688 6.1183796 0.31003937,6.6906688 6.1183796 -0.31003937,
  12.089291 6.8737464 0.31003937,12.084646 6.8503937 0.31003937,
  12.089291 6.8737464 -0.31003937,12.089291 6.8737464 -0.31003937,
  12.084646 6.8503937 0.31003937,12.084646 6.8503937 -0.31003937,
  12.102519 6.8935439 0.31003937,12.089291 6.8737464 0.31003937,
  12.102519 6.8935439 -0.31003937,12.102519 6.8935439 -0.31003937,
  12.089291 6.8737464 0.31003937,12.089291 6.8737464 -0.31003937,
  12.122317 6.9067722 0.31003937,12.102519 6.8935439 0.31003937,
  12.122317 6.9067722 -0.31003937,12.122317 6.9067722 -0.31003937,
  12.102519 6.8935439 0.31003937,12.102519 6.8935439 -0.31003937,
  12.145669 6.9114173 0.31003937,12.122317 6.9067722 0.31003937,
  12.145669 6.9114173 -0.31003937,12.145669 6.9114173 -0.31003937,
  12.122317 6.9067722 0.31003937,12.122317 6.9067722 -0.31003937,
  12.169022 6.9067722 0.31003937,12.145669 6.9114173 0.31003937,
  12.169022 6.9067722 -0.31003937,12.169022 6.9067722 -0.31003937,
  12.145669 6.9114173 0.31003937,12.145669 6.9114173 -0.31003937,
  12.18882 6.8935439 0.31003937,12.169022 6.9067722 0.31003937,
  12.18882 6.8935439 -0.31003937,12.18882 6.8935439 -0.31003937,
  12.169022 6.9067722 0.31003937,12.169022 6.9067722 -0.31003937,
  12.202048 6.8737464 0.31003937,12.18882 6.8935439 0.31003937,
  12.202048 6.8737464 -0.31003937,12.202048 6.8737464 -0.31003937,
  12.18882 6.8935439 0.31003937,12.18882 6.8935439 -0.31003937,
  12.206693 6.8503937 0.31003937,12.202048 6.8737464 0.31003937,
  12.206693 6.8503937 -0.31003937,12.206693 6.8503937 -0.31003937,
  12.202048 6.8737464 0.31003937,12.202048 6.8737464 -0.31003937,
  12.202048 6.827041 0.31003937,12.206693 6.8503937 0.31003937,
  12.202048 6.827041 -0.31003937,12.202048 6.827041 -0.31003937,
  12.206693 6.8503937 0.31003937,12.206693 6.8503937 -0.31003937,
  12.18882 6.8072435 0.31003937,12.202048 6.827041 0.31003937,
  12.18882 6.8072435 -0.31003937,12.18882 6.8072435 -0.31003937,
  12.202048 6.827041 0.31003937,12.202048 6.827041 -0.31003937,
  12.169022 6.7940152 0.31003937,12.18882 6.8072435 0.31003937,
  12.169022 6.7940152 -0.31003937,12.169022 6.7940152 -0.31003937,
  12.18882 6.8072435 0.31003937,12.18882 6.8072435 -0.31003937,
  12.145669 6.7893701 0.31003937,12.169022 6.7940152 0.31003937,
  12.145669 6.7893701 -0.31003937,12.145669 6.7893701 -0.31003937,
  12.169022 6.7940152 0.31003937,12.169022 6.7940152 -0.31003937,
  12.122317 6.7940152 0.31003937,12.145669 6.7893701 0.31003937,
  12.122317 6.7940152 -0.31003937,12.122317 6.7940152 -0.31003937,
  12.145669 6.7893701 0.31003937,12.145669 6.7893701 -0.31003937,
  12.102519 6.8072435 0.31003937,12.122317 6.7940152 0.31003937,
  12.102519 6.8072435 -0.31003937,12.102519 6.8072435 -0.31003937,
  12.122317 6.7940152 0.31003937,12.122317 6.7940152 -0.31003937,
  12.089291 6.827041 0.31003937,12.102519 6.8072435 0.31003937,
  12.089291 6.827041 -0.31003937,12.089291 6.827041 -0.31003937,
  12.102519 6.8072435 0.31003937,12.102519 6.8072435 -0.31003937,
  12.084646 6.8503937 0.31003937,12.089291 6.827041 0.31003937,
  12.084646 6.8503937 -0.31003937,12.084646 6.8503937 -0.31003937,
  12.089291 6.827041 0.31003937,12.089291 6.827041 -0.31003937,
  12.089291 6.4997307 0.31003937,12.084646 6.476378 0.31003937,
  12.089291 6.4997307 -0.31003937,12.089291 6.4997307 -0.31003937,
  12.084646 6.476378 0.31003937,12.084646 6.476378 -0.31003937,
  12.102519 6.5195282 0.31003937,12.089291 6.4997307 0.31003937,
  12.102519 6.5195282 -0.31003937,12.102519 6.5195282 -0.31003937,
  12.089291 6.4997307 0.31003937,12.089291 6.4997307 -0.31003937,
  12.122317 6.5327564 0.31003937,12.102519 6.5195282 0.31003937,
  12.122317 6.5327564 -0.31003937,12.122317 6.5327564 -0.31003937,
  12.102519 6.5195282 0.31003937,12.102519 6.5195282 -0.31003937,
  12.145669 6.5374016 0.31003937,12.122317 6.5327564 0.31003937,
  12.145669 6.5374016 -0.31003937,12.145669 6.5374016 -0.31003937,
  12.122317 6.5327564 0.31003937,12.122317 6.5327564 -0.31003937,
  12.169022 6.5327564 0.31003937,12.145669 6.5374016 0.31003937,
  12.169022 6.5327564 -0.31003937,12.169022 6.5327564 -0.31003937,
  12.145669 6.5374016 0.31003937,12.145669 6.5374016 -0.31003937,
  12.18882 6.5195282 0.31003937,12.169022 6.5327564 0.31003937,
  12.18882 6.5195282 -0.31003937,12.18882 6.5195282 -0.31003937,
  12.169022 6.5327564 0.31003937,12.169022 6.5327564 -0.31003937,
  12.202048 6.4997307 0.31003937,12.18882 6.5195282 0.31003937,
  12.202048 6.4997307 -0.31003937,12.202048 6.4997307 -0.31003937,
  12.18882 6.5195282 0.31003937,12.18882 6.5195282 -0.31003937,
  12.206693 6.476378 0.31003937,12.202048 6.4997307 0.31003937,
  12.206693 6.476378 -0.31003937,12.206693 6.476378 -0.31003937,
  12.202048 6.4997307 0.31003937,12.202048 6.4997307 -0.31003937,
  12.202048 6.4530252 0.31003937,12.206693 6.476378 0.31003937,
  12.202048 6.4530252 -0.31003937,12.202048 6.4530252 -0.31003937,
  12.206693 6.476378 0.31003937,12.206693 6.476378 -0.31003937,
  12.18882 6.4332277 0.31003937,12.202048 6.4530252 0.31003937,
  12.18882 6.4332277 -0.31003937,12.18882 6.4332277 -0.31003937,
  12.202048 6.4530252 0.31003937,12.202048 6.4530252 -0.31003937,
  12.169022 6.4199995 0.31003937,12.18882 6.4332277 0.31003937,
  12.169022 6.4199995 -0.31003937,12.169022 6.4199995 -0.31003937,
  12.18882 6.4332277 0.31003937,12.18882 6.4332277 -0.31003937,
  12.145669 6.4153543 0.31003937,12.169022 6.4199995 0.31003937,
  12.145669 6.4153543 -0.31003937,12.145669 6.4153543 -0.31003937,
  12.169022 6.4199995 0.31003937,12.169022 6.4199995 -0.31003937,
  12.122317 6.4199995 0.31003937,12.145669 6.4153543 0.31003937,
  12.122317 6.4199995 -0.31003937,12.122317 6.4199995 -0.31003937,
  12.145669 6.4153543 0.31003937,12.145669 6.4153543 -0.31003937,
  12.102519 6.4332277 0.31003937,12.122317 6.4199995 0.31003937,
  12.102519 6.4332277 -0.31003937,12.102519 6.4332277 -0.31003937,
  12.122317 6.4199995 0.31003937,12.122317 6.4199995 -0.31003937,
  12.089291 6.4530252 0.31003937,12.102519 6.4332277 0.31003937,
  12.089291 6.4530252 -0.31003937,12.089291 6.4530252 -0.31003937,
  12.102519 6.4332277 0.31003937,12.102519 6.4332277 -0.31003937,
  12.084646 6.476378 0.31003937,12.089291 6.4530252 0.31003937,
  12.084646 6.476378 -0.31003937,12.084646 6.476378 -0.31003937,
  12.089291 6.4530252 0.31003937,12.089291 6.4530252 -0.31003937,
  12.089291 6.1257157 0.31003937,12.084646 6.102363 0.31003937,
  12.089291 6.1257157 -0.31003937,12.089291 6.1257157 -0.31003937,
  12.084646 6.102363 0.31003937,12.084646 6.102363 -0.31003937,
  12.102519 6.1455132 0.31003937,12.089291 6.1257157 0.31003937,
  12.102519 6.1455132 -0.31003937,12.102519 6.1455132 -0.31003937,
  12.089291 6.1257157 0.31003937,12.089291 6.1257157 -0.31003937,
  12.122317 6.1587415 0.31003937,12.102519 6.1455132 0.31003937,
  12.122317 6.1587415 -0.31003937,12.122317 6.1587415 -0.31003937,
  12.102519 6.1455132 0.31003937,12.102519 6.1455132 -0.31003937,
  12.145669 6.1633866 0.31003937,12.122317 6.1587415 0.31003937,
  12.145669 6.1633866 -0.31003937,12.145669 6.1633866 -0.31003937,
  12.122317 6.1587415 0.31003937,12.122317 6.1587415 -0.31003937,
  12.169022 6.1587415 0.31003937,12.145669 6.1633866 0.31003937,
  12.169022 6.1587415 -0.31003937,12.169022 6.1587415 -0.31003937,
  12.145669 6.1633866 0.31003937,12.145669 6.1633866 -0.31003937,
  12.18882 6.1455132 0.31003937,12.169022 6.1587415 0.31003937,
  12.18882 6.1455132 -0.31003937,12.18882 6.1455132 -0.31003937,
  12.169022 6.1587415 0.31003937,12.169022 6.1587415 -0.31003937,
  12.202048 6.1257157 0.31003937,12.18882 6.1455132 0.31003937,
  12.202048 6.1257157 -0.31003937,12.202048 6.1257157 -0.31003937,
  12.18882 6.1455132 0.31003937,12.18882 6.1455132 -0.31003937,
  12.206693 6.102363 0.31003937,12.202048 6.1257157 0.31003937,
  12.206693 6.102363 -0.31003937,12.206693 6.102363 -0.31003937,
  12.202048 6.1257157 0.31003937,12.202048 6.1257157 -0.31003937,
  12.202048 6.0790103 0.31003937,12.206693 6.102363 0.31003937,
  12.202048 6.0790103 -0.31003937,12.202048 6.0790103 -0.31003937,
  12.206693 6.102363 0.31003937,12.206693 6.102363 -0.31003937,
  12.18882 6.0592128 0.31003937,12.202048 6.0790103 0.31003937,
  12.18882 6.0592128 -0.31003937,12.18882 6.0592128 -0.31003937,
  12.202048 6.0790103 0.31003937,12.202048 6.0790103 -0.31003937,
  12.169022 6.0459845 0.31003937,12.18882 6.0592128 0.31003937,
  12.169022 6.0459845 -0.31003937,12.169022 6.0459845 -0.31003937,
  12.18882 6.0592128 0.31003937,12.18882 6.0592128 -0.31003937,
  12.145669 6.0413394 0.31003937,12.169022 6.0459845 0.31003937,
  12.145669 6.0413394 -0.31003937,12.145669 6.0413394 -0.31003937,
  12.169022 6.0459845 0.31003937,12.169022 6.0459845 -0.31003937,
  12.122317 6.0459845 0.31003937,12.145669 6.0413394 0.31003937,
  12.122317 6.0459845 -0.31003937,12.122317 6.0459845 -0.31003937,
  12.145669 6.0413394 0.31003937,12.145669 6.0413394 -0.31003937,
  12.102519 6.0592128 0.31003937,12.122317 6.0459845 0.31003937,
  12.102519 6.0592128 -0.31003937,12.102519 6.0592128 -0.31003937,
  12.122317 6.0459845 0.31003937,12.122317 6.0459845 -0.31003937,
  12.089291 6.0790103 0.31003937,12.102519 6.0592128 0.31003937,
  12.089291 6.0790103 -0.31003937,12.089291 6.0790103 -0.31003937,
  12.102519 6.0592128 0.31003937,12.102519 6.0592128 -0.31003937,
  12.084646 6.102363 0.31003937,12.089291 6.0790103 0.31003937,
  12.084646 6.102363 -0.31003937,12.084646 6.102363 -0.31003937,
  12.089291 6.0790103 0.31003937,12.089291 6.0790103 -0.31003937,
  8.7768509 6.827041 0.31003937,8.7814961 6.8503937 0.31003937,
  8.7768509 6.827041 -0.31003937,8.7768509 6.827041 -0.31003937,
  8.7814961 6.8503937 0.31003937,8.7814961 6.8503937 -0.31003937,
  8.7636227 6.8072435 0.31003937,8.7768509 6.827041 0.31003937,
  8.7636227 6.8072435 -0.31003937,8.7636227 6.8072435 -0.31003937,
  8.7768509 6.827041 0.31003937,8.7768509 6.827041 -0.31003937,
  8.7438252 6.7940152 0.31003937,8.7636227 6.8072435 0.31003937,
  8.7438252 6.7940152 -0.31003937,8.7438252 6.7940152 -0.31003937,
  8.7636227 6.8072435 0.31003937,8.7636227 6.8072435 -0.31003937,
  8.7204724 6.7893701 0.31003937,8.7438252 6.7940152 0.31003937,
  8.7204724 6.7893701 -0.31003937,8.7204724 6.7893701 -0.31003937,
  8.7438252 6.7940152 0.31003937,8.7438252 6.7940152 -0.31003937,
  8.6971197 6.7940152 0.31003937,8.7204724 6.7893701 0.31003937,
  8.6971197 6.7940152 -0.31003937,8.6971197 6.7940152 -0.31003937,
  8.7204724 6.7893701 0.31003937,8.7204724 6.7893701 -0.31003937,
  8.6773222 6.8072435 0.31003937,8.6971197 6.7940152 0.31003937,
  8.6773222 6.8072435 -0.31003937,8.6773222 6.8072435 -0.31003937,
  8.6971197 6.7940152 0.31003937,8.6971197 6.7940152 -0.31003937,
  8.664094 6.827041 0.31003937,8.6773222 6.8072435 0.31003937,
  8.664094 6.827041 -0.31003937,8.664094 6.827041 -0.31003937,
  8.6773222 6.8072435 0.31003937,8.6773222 6.8072435 -0.31003937,
  8.6594488 6.8503937 0.31003937,8.664094 6.827041 0.31003937,
  8.6594488 6.8503937 -0.31003937,8.6594488 6.8503937 -0.31003937,
  8.664094 6.827041 0.31003937,8.664094 6.827041 -0.31003937,
  8.664094 6.8737464 0.31003937,8.6594488 6.8503937 0.31003937,
  8.664094 6.8737464 -0.31003937,8.664094 6.8737464 -0.31003937,
  8.6594488 6.8503937 0.31003937,8.6594488 6.8503937 -0.31003937,
  8.6773222 6.8935439 0.31003937,8.664094 6.8737464 0.31003937,
  8.6773222 6.8935439 -0.31003937,8.6773222 6.8935439 -0.31003937,
  8.664094 6.8737464 0.31003937,8.664094 6.8737464 -0.31003937,
  8.6971197 6.9067722 0.31003937,8.6773222 6.8935439 0.31003937,
  8.6971197 6.9067722 -0.31003937,8.6971197 6.9067722 -0.31003937,
  8.6773222 6.8935439 0.31003937,8.6773222 6.8935439 -0.31003937,
  8.7204724 6.9114173 0.31003937,8.6971197 6.9067722 0.31003937,
  8.7204724 6.9114173 -0.31003937,8.7204724 6.9114173 -0.31003937,
  8.6971197 6.9067722 0.31003937,8.6971197 6.9067722 -0.31003937,
  8.7438252 6.9067722 0.31003937,8.7204724 6.9114173 0.31003937,
  8.7438252 6.9067722 -0.31003937,8.7438252 6.9067722 -0.31003937,
  8.7204724 6.9114173 0.31003937,8.7204724 6.9114173 -0.31003937,
  8.7636227 6.8935439 0.31003937,8.7438252 6.9067722 0.31003937,
  8.7636227 6.8935439 -0.31003937,8.7636227 6.8935439 -0.31003937,
  8.7438252 6.9067722 0.31003937,8.7438252 6.9067722 -0.31003937,
  8.7768509 6.8737464 0.31003937,8.7636227 6.8935439 0.31003937,
  8.7768509 6.8737464 -0.31003937,8.7768509 6.8737464 -0.31003937,
  8.7636227 6.8935439 0.31003937,8.7636227 6.8935439 -0.31003937,
  8.7814961 6.8503937 0.31003937,8.7768509 6.8737464 0.31003937,
  8.7814961 6.8503937 -0.31003937,8.7814961 6.8503937 -0.31003937,
  8.7768509 6.8737464 0.31003937,8.7768509 6.8737464 -0.31003937,
  8.5366052 9.9051761 0.31003937,8.5472441 9.9586614 0.31003937,
  8.5366052 9.9051761 -0.31003937,8.5366052 9.9051761 -0.31003937,
  8.5472441 9.9586614 0.31003937,8.5472441 9.9586614 -0.31003937,
  8.5063082 9.8598335 0.31003937,8.5366052 9.9051761 0.31003937,
  8.5063082 9.8598335 -0.31003937,8.5063082 9.8598335 -0.31003937,
  8.5366052 9.9051761 0.31003937,8.5366052 9.9051761 -0.31003937,
  8.4609656 9.8295365 0.31003937,8.5063082 9.8598335 0.31003937,
  8.4609656 9.8295365 -0.31003937,8.4609656 9.8295365 -0.31003937,
  8.5063082 9.8598335 0.31003937,8.5063082 9.8598335 -0.31003937,
  8.4074803 9.8188976 0.31003937,8.4609656 9.8295365 0.31003937,
  8.4074803 9.8188976 -0.31003937,8.4074803 9.8188976 -0.31003937,
  8.4609656 9.8295365 0.31003937,8.4609656 9.8295365 -0.31003937,
  8.353995 9.8295365 0.31003937,8.4074803 9.8188976 0.31003937,
  8.353995 9.8295365 -0.31003937,8.353995 9.8295365 -0.31003937,
  8.4074803 9.8188976 0.31003937,8.4074803 9.8188976 -0.31003937,
  8.3086524 9.8598335 0.31003937,8.353995 9.8295365 0.31003937,
  8.3086524 9.8598335 -0.31003937,8.3086524 9.8598335 -0.31003937,
  8.353995 9.8295365 0.31003937,8.353995 9.8295365 -0.31003937,
  8.2783554 9.9051761 0.31003937,8.3086524 9.8598335 0.31003937,
  8.2783554 9.9051761 -0.31003937,8.2783554 9.9051761 -0.31003937,
  8.3086524 9.8598335 0.31003937,8.3086524 9.8598335 -0.31003937,
  8.2677165 9.9586614 0.31003937,8.2783554 9.9051761 0.31003937,
  8.2677165 9.9586614 -0.31003937,8.2677165 9.9586614 -0.31003937,
  8.2783554 9.9051761 0.31003937,8.2783554 9.9051761 -0.31003937,
  8.2783554 10.012147 0.31003937,8.2677165 9.9586614 0.31003937,
  8.2783554 10.012147 -0.31003937,8.2783554 10.012147 -0.31003937,
  8.2677165 9.9586614 0.31003937,8.2677165 9.9586614 -0.31003937,
  8.3086524 10.057489 0.31003937,8.2783554 10.012147 0.31003937,
  8.3086524 10.057489 -0.31003937,8.3086524 10.057489 -0.31003937,
  8.2783554 10.012147 0.31003937,8.2783554 10.012147 -0.31003937,
  8.353995 10.087786 0.31003937,8.3086524 10.057489 0.31003937,
  8.353995 10.087786 -0.31003937,8.353995 10.087786 -0.31003937,
  8.3086524 10.057489 0.31003937,8.3086524 10.057489 -0.31003937,
  8.4074803 10.098425 0.31003937,8.353995 10.087786 0.31003937,
  8.4074803 10.098425 -0.31003937,8.4074803 10.098425 -0.31003937,
  8.353995 10.087786 0.31003937,8.353995 10.087786 -0.31003937,
  8.4609656 10.087786 0.31003937,8.4074803 10.098425 0.31003937,
  8.4609656 10.087786 -0.31003937,8.4609656 10.087786 -0.31003937,
  8.4074803 10.098425 0.31003937,8.4074803 10.098425 -0.31003937,
  8.5063082 10.057489 0.31003937,8.4609656 10.087786 0.31003937,
  8.5063082 10.057489 -0.31003937,8.5063082 10.057489 -0.31003937,
  8.4609656 10.087786 0.31003937,8.4609656 10.087786 -0.31003937,
  8.5366052 10.012147 0.31003937,8.5063082 10.057489 0.31003937,
  8.5366052 10.012147 -0.31003937,8.5366052 10.012147 -0.31003937,
  8.5063082 10.057489 0.31003937,8.5063082 10.057489 -0.31003937,
  8.5472441 9.9586614 0.31003937,8.5366052 10.012147 0.31003937,
  8.5472441 9.9586614 -0.31003937,8.5472441 9.9586614 -0.31003937,
  8.5366052 10.012147 0.31003937,8.5366052 10.012147 -0.31003937,
  8.664094 6.5194157 0.31003937,8.6594488 6.496063 0.31003937,
  8.664094 6.5194157 -0.31003937,8.664094 6.5194157 -0.31003937,
  8.6594488 6.496063 0.31003937,8.6594488 6.496063 -0.31003937,
  8.6773222 6.5392132 0.31003937,8.664094 6.5194157 0.31003937,
  8.6773222 6.5392132 -0.31003937,8.6773222 6.5392132 -0.31003937,
  8.664094 6.5194157 0.31003937,8.664094 6.5194157 -0.31003937,
  8.6971197 6.5524415 0.31003937,8.6773222 6.5392132 0.31003937,
  8.6971197 6.5524415 -0.31003937,8.6971197 6.5524415 -0.31003937,
  8.6773222 6.5392132 0.31003937,8.6773222 6.5392132 -0.31003937,
  8.7204724 6.5570866 0.31003937,8.6971197 6.5524415 0.31003937,
  8.7204724 6.5570866 -0.31003937,8.7204724 6.5570866 -0.31003937,
  8.6971197 6.5524415 0.31003937,8.6971197 6.5524415 -0.31003937,
  8.7438252 6.5524415 0.31003937,8.7204724 6.5570866 0.31003937,
  8.7438252 6.5524415 -0.31003937,8.7438252 6.5524415 -0.31003937,
  8.7204724 6.5570866 0.31003937,8.7204724 6.5570866 -0.31003937,
  8.7636227 6.5392132 0.31003937,8.7438252 6.5524415 0.31003937,
  8.7636227 6.5392132 -0.31003937,8.7636227 6.5392132 -0.31003937,
  8.7438252 6.5524415 0.31003937,8.7438252 6.5524415 -0.31003937,
  8.7768509 6.5194157 0.31003937,8.7636227 6.5392132 0.31003937,
  8.7768509 6.5194157 -0.31003937,8.7768509 6.5194157 -0.31003937,
  8.7636227 6.5392132 0.31003937,8.7636227 6.5392132 -0.31003937,
  8.7814961 6.496063 0.31003937,8.7768509 6.5194157 0.31003937,
  8.7814961 6.496063 -0.31003937,8.7814961 6.496063 -0.31003937,
  8.7768509 6.5194157 0.31003937,8.7768509 6.5194157 -0.31003937,
  8.7768509 6.4727103 0.31003937,8.7814961 6.496063 0.31003937,
  8.7768509 6.4727103 -0.31003937,8.7768509 6.4727103 -0.31003937,
  8.7814961 6.496063 0.31003937,8.7814961 6.496063 -0.31003937,
  8.7636227 6.4529128 0.31003937,8.7768509 6.4727103 0.31003937,
  8.7636227 6.4529128 -0.31003937,8.7636227 6.4529128 -0.31003937,
  8.7768509 6.4727103 0.31003937,8.7768509 6.4727103 -0.31003937,
  8.7438252 6.4396845 0.31003937,8.7636227 6.4529128 0.31003937,
  8.7438252 6.4396845 -0.31003937,8.7438252 6.4396845 -0.31003937,
  8.7636227 6.4529128 0.31003937,8.7636227 6.4529128 -0.31003937,
  8.7204724 6.4350394 0.31003937,8.7438252 6.4396845 0.31003937,
  8.7204724 6.4350394 -0.31003937,8.7204724 6.4350394 -0.31003937,
  8.7438252 6.4396845 0.31003937,8.7438252 6.4396845 -0.31003937,
  8.6971197 6.4396845 0.31003937,8.7204724 6.4350394 0.31003937,
  8.6971197 6.4396845 -0.31003937,8.6971197 6.4396845 -0.31003937,
  8.7204724 6.4350394 0.31003937,8.7204724 6.4350394 -0.31003937,
  8.6773222 6.4529128 0.31003937,8.6971197 6.4396845 0.31003937,
  8.6773222 6.4529128 -0.31003937,8.6773222 6.4529128 -0.31003937,
  8.6971197 6.4396845 0.31003937,8.6971197 6.4396845 -0.31003937,
  8.664094 6.4727103 0.31003937,8.6773222 6.4529128 0.31003937,
  8.664094 6.4727103 -0.31003937,8.664094 6.4727103 -0.31003937,
  8.6773222 6.4529128 0.31003937,8.6773222 6.4529128 -0.31003937,
  8.6594488 6.496063 0.31003937,8.664094 6.4727103 0.31003937,
  8.6594488 6.496063 -0.31003937,8.6594488 6.496063 -0.31003937,
  8.664094 6.4727103 0.31003937,8.664094 6.4727103 -0.31003937,
  4.3353538 13.604061 0.31003937,4.3307087 13.580709 0.31003937,
  4.3353538 13.604061 -0.31003937,4.3353538 13.604061 -0.31003937,
  4.3307087 13.580709 0.31003937,4.3307087 13.580709 -0.31003937,
  4.3485821 13.623859 0.31003937,4.3353538 13.604061 0.31003937,
  4.3485821 13.623859 -0.31003937,4.3485821 13.623859 -0.31003937,
  4.3353538 13.604061 0.31003937,4.3353538 13.604061 -0.31003937,
  4.3683796 13.637087 0.31003937,4.3485821 13.623859 0.31003937,
  4.3683796 13.637087 -0.31003937,4.3683796 13.637087 -0.31003937,
  4.3485821 13.623859 0.31003937,4.3485821 13.623859 -0.31003937,
  4.3917323 13.641732 0.31003937,4.3683796 13.637087 0.31003937,
  4.3917323 13.641732 -0.31003937,4.3917323 13.641732 -0.31003937,
  4.3683796 13.637087 0.31003937,4.3683796 13.637087 -0.31003937,
  4.415085 13.637087 0.31003937,4.3917323 13.641732 0.31003937,
  4.415085 13.637087 -0.31003937,4.415085 13.637087 -0.31003937,
  4.3917323 13.641732 0.31003937,4.3917323 13.641732 -0.31003937,
  4.4348825 13.623859 0.31003937,4.415085 13.637087 0.31003937,
  4.4348825 13.623859 -0.31003937,4.4348825 13.623859 -0.31003937,
  4.415085 13.637087 0.31003937,4.415085 13.637087 -0.31003937,
  4.4481108 13.604061 0.31003937,4.4348825 13.623859 0.31003937,
  4.4481108 13.604061 -0.31003937,4.4481108 13.604061 -0.31003937,
  4.4348825 13.623859 0.31003937,4.4348825 13.623859 -0.31003937,
  4.4527559 13.580709 0.31003937,4.4481108 13.604061 0.31003937,
  4.4527559 13.580709 -0.31003937,4.4527559 13.580709 -0.31003937,
  4.4481108 13.604061 0.31003937,4.4481108 13.604061 -0.31003937,
  4.4481108 13.557356 0.31003937,4.4527559 13.580709 0.31003937,
  4.4481108 13.557356 -0.31003937,4.4481108 13.557356 -0.31003937,
  4.4527559 13.580709 0.31003937,4.4527559 13.580709 -0.31003937,
  4.4348825 13.537558 0.31003937,4.4481108 13.557356 0.31003937,
  4.4348825 13.537558 -0.31003937,4.4348825 13.537558 -0.31003937,
  4.4481108 13.557356 0.31003937,4.4481108 13.557356 -0.31003937,
  4.415085 13.52433 0.31003937,4.4348825 13.537558 0.31003937,
  4.415085 13.52433 -0.31003937,4.415085 13.52433 -0.31003937,
  4.4348825 13.537558 0.31003937,4.4348825 13.537558 -0.31003937,
  4.3917323 13.519685 0.31003937,4.415085 13.52433 0.31003937,
  4.3917323 13.519685 -0.31003937,4.3917323 13.519685 -0.31003937,
  4.415085 13.52433 0.31003937,4.415085 13.52433 -0.31003937,
  4.3683796 13.52433 0.31003937,4.3917323 13.519685 0.31003937,
  4.3683796 13.52433 -0.31003937,4.3683796 13.52433 -0.31003937,
  4.3917323 13.519685 0.31003937,4.3917323 13.519685 -0.31003937,
  4.3485821 13.537558 0.31003937,4.3683796 13.52433 0.31003937,
  4.3485821 13.537558 -0.31003937,4.3485821 13.537558 -0.31003937,
  4.3683796 13.52433 0.31003937,4.3683796 13.52433 -0.31003937,
  4.3353538 13.557356 0.31003937,4.3485821 13.537558 0.31003937,
  4.3353538 13.557356 -0.31003937,4.3353538 13.557356 -0.31003937,
  4.3485821 13.537558 0.31003937,4.3485821 13.537558 -0.31003937,
  4.3307087 13.580709 0.31003937,4.3353538 13.557356 0.31003937,
  4.3307087 13.580709 -0.31003937,4.3307087 13.580709 -0.31003937,
  4.3353538 13.557356 0.31003937,4.3353538 13.557356 -0.31003937,
  4.0203932 13.604061 0.31003937,4.015748 13.580709 0.31003937,
  4.0203932 13.604061 -0.31003937,4.0203932 13.604061 -0.31003937,
  4.015748 13.580709 0.31003937,4.015748 13.580709 -0.31003937,
  4.0336214 13.623859 0.31003937,4.0203932 13.604061 0.31003937,
  4.0336214 13.623859 -0.31003937,4.0336214 13.623859 -0.31003937,
  4.0203932 13.604061 0.31003937,4.0203932 13.604061 -0.31003937,
  4.0534189 13.637087 0.31003937,4.0336214 13.623859 0.31003937,
  4.0534189 13.637087 -0.31003937,4.0534189 13.637087 -0.31003937,
  4.0336214 13.623859 0.31003937,4.0336214 13.623859 -0.31003937,
  4.0767717 13.641732 0.31003937,4.0534189 13.637087 0.31003937,
  4.0767717 13.641732 -0.31003937,4.0767717 13.641732 -0.31003937,
  4.0534189 13.637087 0.31003937,4.0534189 13.637087 -0.31003937,
  4.1001244 13.637087 0.31003937,4.0767717 13.641732 0.31003937,
  4.1001244 13.637087 -0.31003937,4.1001244 13.637087 -0.31003937,
  4.0767717 13.641732 0.31003937,4.0767717 13.641732 -0.31003937,
  4.1199219 13.623859 0.31003937,4.1001244 13.637087 0.31003937,
  4.1199219 13.623859 -0.31003937,4.1199219 13.623859 -0.31003937,
  4.1001244 13.637087 0.31003937,4.1001244 13.637087 -0.31003937,
  4.1331501 13.604061 0.31003937,4.1199219 13.623859 0.31003937,
  4.1331501 13.604061 -0.31003937,4.1331501 13.604061 -0.31003937,
  4.1199219 13.623859 0.31003937,4.1199219 13.623859 -0.31003937,
  4.1377953 13.580709 0.31003937,4.1331501 13.604061 0.31003937,
  4.1377953 13.580709 -0.31003937,4.1377953 13.580709 -0.31003937,
  4.1331501 13.604061 0.31003937,4.1331501 13.604061 -0.31003937,
  4.1331501 13.557356 0.31003937,4.1377953 13.580709 0.31003937,
  4.1331501 13.557356 -0.31003937,4.1331501 13.557356 -0.31003937,
  4.1377953 13.580709 0.31003937,4.1377953 13.580709 -0.31003937,
  4.1199219 13.537558 0.31003937,4.1331501 13.557356 0.31003937,
  4.1199219 13.537558 -0.31003937,4.1199219 13.537558 -0.31003937,
  4.1331501 13.557356 0.31003937,4.1331501 13.557356 -0.31003937,
  4.1001244 13.52433 0.31003937,4.1199219 13.537558 0.31003937,
  4.1001244 13.52433 -0.31003937,4.1001244 13.52433 -0.31003937,
  4.1199219 13.537558 0.31003937,4.1199219 13.537558 -0.31003937,
  4.0767717 13.519685 0.31003937,4.1001244 13.52433 0.31003937,
  4.0767717 13.519685 -0.31003937,4.0767717 13.519685 -0.31003937,
  4.1001244 13.52433 0.31003937,4.1001244 13.52433 -0.31003937,
  4.0534189 13.52433 0.31003937,4.0767717 13.519685 0.31003937,
  4.0534189 13.52433 -0.31003937,4.0534189 13.52433 -0.31003937,
  4.0767717 13.519685 0.31003937,4.0767717 13.519685 -0.31003937,
  4.0336214 13.537558 0.31003937,4.0534189 13.52433 0.31003937,
  4.0336214 13.537558 -0.31003937,4.0336214 13.537558 -0.31003937,
  4.0534189 13.52433 0.31003937,4.0534189 13.52433 -0.31003937,
  4.0203932 13.557356 0.31003937,4.0336214 13.537558 0.31003937,
  4.0203932 13.557356 -0.31003937,4.0203932 13.557356 -0.31003937,
  4.0336214 13.537558 0.31003937,4.0336214 13.537558 -0.31003937,
  4.015748 13.580709 0.31003937,4.0203932 13.557356 0.31003937,
  4.015748 13.580709 -0.31003937,4.015748 13.580709 -0.31003937,
  4.0203932 13.557356 0.31003937,4.0203932 13.557356 -0.31003937,
  4.0203932 13.289101 0.31003937,4.015748 13.265748 0.31003937,
  4.0203932 13.289101 -0.31003937,4.0203932 13.289101 -0.31003937,
  4.015748 13.265748 0.31003937,4.015748 13.265748 -0.31003937,
  4.0336214 13.308898 0.31003937,4.0203932 13.289101 0.31003937,
  4.0336214 13.308898 -0.31003937,4.0336214 13.308898 -0.31003937,
  4.0203932 13.289101 0.31003937,4.0203932 13.289101 -0.31003937,
  4.0534189 13.322127 0.31003937,4.0336214 13.308898 0.31003937,
  4.0534189 13.322127 -0.31003937,4.0534189 13.322127 -0.31003937,
  4.0336214 13.308898 0.31003937,4.0336214 13.308898 -0.31003937,
  4.0767717 13.326772 0.31003937,4.0534189 13.322127 0.31003937,
  4.0767717 13.326772 -0.31003937,4.0767717 13.326772 -0.31003937,
  4.0534189 13.322127 0.31003937,4.0534189 13.322127 -0.31003937,
  4.1001244 13.322127 0.31003937,4.0767717 13.326772 0.31003937,
  4.1001244 13.322127 -0.31003937,4.1001244 13.322127 -0.31003937,
  4.0767717 13.326772 0.31003937,4.0767717 13.326772 -0.31003937,
  4.1199219 13.308898 0.31003937,4.1001244 13.322127 0.31003937,
  4.1199219 13.308898 -0.31003937,4.1199219 13.308898 -0.31003937,
  4.1001244 13.322127 0.31003937,4.1001244 13.322127 -0.31003937,
  4.1331501 13.289101 0.31003937,4.1199219 13.308898 0.31003937,
  4.1331501 13.289101 -0.31003937,4.1331501 13.289101 -0.31003937,
  4.1199219 13.308898 0.31003937,4.1199219 13.308898 -0.31003937,
  4.1377953 13.265748 0.31003937,4.1331501 13.289101 0.31003937,
  4.1377953 13.265748 -0.31003937,4.1377953 13.265748 -0.31003937,
  4.1331501 13.289101 0.31003937,4.1331501 13.289101 -0.31003937,
  4.1331501 13.242395 0.31003937,4.1377953 13.265748 0.31003937,
  4.1331501 13.242395 -0.31003937,4.1331501 13.242395 -0.31003937,
  4.1377953 13.265748 0.31003937,4.1377953 13.265748 -0.31003937,
  4.1199219 13.222598 0.31003937,4.1331501 13.242395 0.31003937,
  4.1199219 13.222598 -0.31003937,4.1199219 13.222598 -0.31003937,
  4.1331501 13.242395 0.31003937,4.1331501 13.242395 -0.31003937,
  4.1001244 13.20937 0.31003937,4.1199219 13.222598 0.31003937,
  4.1001244 13.20937 -0.31003937,4.1001244 13.20937 -0.31003937,
  4.1199219 13.222598 0.31003937,4.1199219 13.222598 -0.31003937,
  4.0767717 13.204724 0.31003937,4.1001244 13.20937 0.31003937,
  4.0767717 13.204724 -0.31003937,4.0767717 13.204724 -0.31003937,
  4.1001244 13.20937 0.31003937,4.1001244 13.20937 -0.31003937,
  4.0534189 13.20937 0.31003937,4.0767717 13.204724 0.31003937,
  4.0534189 13.20937 -0.31003937,4.0534189 13.20937 -0.31003937,
  4.0767717 13.204724 0.31003937,4.0767717 13.204724 -0.31003937,
  4.0336214 13.222598 0.31003937,4.0534189 13.20937 0.31003937,
  4.0336214 13.222598 -0.31003937,4.0336214 13.222598 -0.31003937,
  4.0534189 13.20937 0.31003937,4.0534189 13.20937 -0.31003937,
  4.0203932 13.242395 0.31003937,4.0336214 13.222598 0.31003937,
  4.0203932 13.242395 -0.31003937,4.0203932 13.242395 -0.31003937,
  4.0336214 13.222598 0.31003937,4.0336214 13.222598 -0.31003937,
  4.015748 13.265748 0.31003937,4.0203932 13.242395 0.31003937,
  4.015748 13.265748 -0.31003937,4.015748 13.265748 -0.31003937,
  4.0203932 13.242395 0.31003937,4.0203932 13.242395 -0.31003937,
  4.0203932 12.97414 0.31003937,4.015748 12.950787 0.31003937,
  4.0203932 12.97414 -0.31003937,4.0203932 12.97414 -0.31003937,
  4.015748 12.950787 0.31003937,4.015748 12.950787 -0.31003937,
  4.0336214 12.993938 0.31003937,4.0203932 12.97414 0.31003937,
  4.0336214 12.993938 -0.31003937,4.0336214 12.993938 -0.31003937,
  4.0203932 12.97414 0.31003937,4.0203932 12.97414 -0.31003937,
  4.0534189 13.007166 0.31003937,4.0336214 12.993938 0.31003937,
  4.0534189 13.007166 -0.31003937,4.0534189 13.007166 -0.31003937,
  4.0336214 12.993938 0.31003937,4.0336214 12.993938 -0.31003937,
  4.0767717 13.011811 0.31003937,4.0534189 13.007166 0.31003937,
  4.0767717 13.011811 -0.31003937,4.0767717 13.011811 -0.31003937,
  4.0534189 13.007166 0.31003937,4.0534189 13.007166 -0.31003937,
  4.1001244 13.007166 0.31003937,4.0767717 13.011811 0.31003937,
  4.1001244 13.007166 -0.31003937,4.1001244 13.007166 -0.31003937,
  4.0767717 13.011811 0.31003937,4.0767717 13.011811 -0.31003937,
  4.1199219 12.993938 0.31003937,4.1001244 13.007166 0.31003937,
  4.1199219 12.993938 -0.31003937,4.1199219 12.993938 -0.31003937,
  4.1001244 13.007166 0.31003937,4.1001244 13.007166 -0.31003937,
  4.1331501 12.97414 0.31003937,4.1199219 12.993938 0.31003937,
  4.1331501 12.97414 -0.31003937,4.1331501 12.97414 -0.31003937,
  4.1199219 12.993938 0.31003937,4.1199219 12.993938 -0.31003937,
  4.1377953 12.950787 0.31003937,4.1331501 12.97414 0.31003937,
  4.1377953 12.950787 -0.31003937,4.1377953 12.950787 -0.31003937,
  4.1331501 12.97414 0.31003937,4.1331501 12.97414 -0.31003937,
  4.1331501 12.927435 0.31003937,4.1377953 12.950787 0.31003937,
  4.1331501 12.927435 -0.31003937,4.1331501 12.927435 -0.31003937,
  4.1377953 12.950787 0.31003937,4.1377953 12.950787 -0.31003937,
  4.1199219 12.907637 0.31003937,4.1331501 12.927435 0.31003937,
  4.1199219 12.907637 -0.31003937,4.1199219 12.907637 -0.31003937,
  4.1331501 12.927435 0.31003937,4.1331501 12.927435 -0.31003937,
  4.1001244 12.894409 0.31003937,4.1199219 12.907637 0.31003937,
  4.1001244 12.894409 -0.31003937,4.1001244 12.894409 -0.31003937,
  4.1199219 12.907637 0.31003937,4.1199219 12.907637 -0.31003937,
  4.0767717 12.889764 0.31003937,4.1001244 12.894409 0.31003937,
  4.0767717 12.889764 -0.31003937,4.0767717 12.889764 -0.31003937,
  4.1001244 12.894409 0.31003937,4.1001244 12.894409 -0.31003937,
  4.0534189 12.894409 0.31003937,4.0767717 12.889764 0.31003937,
  4.0534189 12.894409 -0.31003937,4.0534189 12.894409 -0.31003937,
  4.0767717 12.889764 0.31003937,4.0767717 12.889764 -0.31003937,
  4.0336214 12.907637 0.31003937,4.0534189 12.894409 0.31003937,
  4.0336214 12.907637 -0.31003937,4.0336214 12.907637 -0.31003937,
  4.0534189 12.894409 0.31003937,4.0534189 12.894409 -0.31003937,
  4.0203932 12.927435 0.31003937,4.0336214 12.907637 0.31003937,
  4.0203932 12.927435 -0.31003937,4.0203932 12.927435 -0.31003937,
  4.0336214 12.907637 0.31003937,4.0336214 12.907637 -0.31003937,
  4.015748 12.950787 0.31003937,4.0203932 12.927435 0.31003937,
  4.015748 12.950787 -0.31003937,4.015748 12.950787 -0.31003937,
  4.0203932 12.927435 0.31003937,4.0203932 12.927435 -0.31003937,
  4.0203932 12.65918 0.31003937,4.015748 12.635827 0.31003937,
  4.0203932 12.65918 -0.31003937,4.0203932 12.65918 -0.31003937,
  4.015748 12.635827 0.31003937,4.015748 12.635827 -0.31003937,
  4.0336214 12.678977 0.31003937,4.0203932 12.65918 0.31003937,
  4.0336214 12.678977 -0.31003937,4.0336214 12.678977 -0.31003937,
  4.0203932 12.65918 0.31003937,4.0203932 12.65918 -0.31003937,
  4.0534189 12.692205 0.31003937,4.0336214 12.678977 0.31003937,
  4.0534189 12.692205 -0.31003937,4.0534189 12.692205 -0.31003937,
  4.0336214 12.678977 0.31003937,4.0336214 12.678977 -0.31003937,
  4.0767717 12.69685 0.31003937,4.0534189 12.692205 0.31003937,
  4.0767717 12.69685 -0.31003937,4.0767717 12.69685 -0.31003937,
  4.0534189 12.692205 0.31003937,4.0534189 12.692205 -0.31003937,
  4.1001244 12.692205 0.31003937,4.0767717 12.69685 0.31003937,
  4.1001244 12.692205 -0.31003937,4.1001244 12.692205 -0.31003937,
  4.0767717 12.69685 0.31003937,4.0767717 12.69685 -0.31003937,
  4.1199219 12.678977 0.31003937,4.1001244 12.692205 0.31003937,
  4.1199219 12.678977 -0.31003937,4.1199219 12.678977 -0.31003937,
  4.1001244 12.692205 0.31003937,4.1001244 12.692205 -0.31003937,
  4.1331501 12.65918 0.31003937,4.1199219 12.678977 0.31003937,
  4.1331501 12.65918 -0.31003937,4.1331501 12.65918 -0.31003937,
  4.1199219 12.678977 0.31003937,4.1199219 12.678977 -0.31003937,
  4.1377953 12.635827 0.31003937,4.1331501 12.65918 0.31003937,
  4.1377953 12.635827 -0.31003937,4.1377953 12.635827 -0.31003937,
  4.1331501 12.65918 0.31003937,4.1331501 12.65918 -0.31003937,
  4.1331501 12.612474 0.31003937,4.1377953 12.635827 0.31003937,
  4.1331501 12.612474 -0.31003937,4.1331501 12.612474 -0.31003937,
  4.1377953 12.635827 0.31003937,4.1377953 12.635827 -0.31003937,
  4.1199219 12.592677 0.31003937,4.1331501 12.612474 0.31003937,
  4.1199219 12.592677 -0.31003937,4.1199219 12.592677 -0.31003937,
  4.1331501 12.612474 0.31003937,4.1331501 12.612474 -0.31003937,
  4.1001244 12.579448 0.31003937,4.1199219 12.592677 0.31003937,
  4.1001244 12.579448 -0.31003937,4.1001244 12.579448 -0.31003937,
  4.1199219 12.592677 0.31003937,4.1199219 12.592677 -0.31003937,
  4.0767717 12.574803 0.31003937,4.1001244 12.579448 0.31003937,
  4.0767717 12.574803 -0.31003937,4.0767717 12.574803 -0.31003937,
  4.1001244 12.579448 0.31003937,4.1001244 12.579448 -0.31003937,
  4.0534189 12.579448 0.31003937,4.0767717 12.574803 0.31003937,
  4.0534189 12.579448 -0.31003937,4.0534189 12.579448 -0.31003937,
  4.0767717 12.574803 0.31003937,4.0767717 12.574803 -0.31003937,
  4.0336214 12.592677 0.31003937,4.0534189 12.579448 0.31003937,
  4.0336214 12.592677 -0.31003937,4.0336214 12.592677 -0.31003937,
  4.0534189 12.579448 0.31003937,4.0534189 12.579448 -0.31003937,
  4.0203932 12.612474 0.31003937,4.0336214 12.592677 0.31003937,
  4.0203932 12.612474 -0.31003937,4.0203932 12.612474 -0.31003937,
  4.0336214 12.592677 0.31003937,4.0336214 12.592677 -0.31003937,
  4.015748 12.635827 0.31003937,4.0203932 12.612474 0.31003937,
  4.015748 12.635827 -0.31003937,4.015748 12.635827 -0.31003937,
  4.0203932 12.612474 0.31003937,4.0203932 12.612474 -0.31003937,
  4.0203932 12.344219 0.31003937,4.015748 12.320866 0.31003937,
  4.0203932 12.344219 -0.31003937,4.0203932 12.344219 -0.31003937,
  4.015748 12.320866 0.31003937,4.015748 12.320866 -0.31003937,
  4.0336214 12.364016 0.31003937,4.0203932 12.344219 0.31003937,
  4.0336214 12.364016 -0.31003937,4.0336214 12.364016 -0.31003937,
  4.0203932 12.344219 0.31003937,4.0203932 12.344219 -0.31003937,
  4.0534189 12.377245 0.31003937,4.0336214 12.364016 0.31003937,
  4.0534189 12.377245 -0.31003937,4.0534189 12.377245 -0.31003937,
  4.0336214 12.364016 0.31003937,4.0336214 12.364016 -0.31003937,
  4.0767717 12.38189 0.31003937,4.0534189 12.377245 0.31003937,
  4.0767717 12.38189 -0.31003937,4.0767717 12.38189 -0.31003937,
  4.0534189 12.377245 0.31003937,4.0534189 12.377245 -0.31003937,
  4.1001244 12.377245 0.31003937,4.0767717 12.38189 0.31003937,
  4.1001244 12.377245 -0.31003937,4.1001244 12.377245 -0.31003937,
  4.0767717 12.38189 0.31003937,4.0767717 12.38189 -0.31003937,
  4.1199219 12.364016 0.31003937,4.1001244 12.377245 0.31003937,
  4.1199219 12.364016 -0.31003937,4.1199219 12.364016 -0.31003937,
  4.1001244 12.377245 0.31003937,4.1001244 12.377245 -0.31003937,
  4.1331501 12.344219 0.31003937,4.1199219 12.364016 0.31003937,
  4.1331501 12.344219 -0.31003937,4.1331501 12.344219 -0.31003937,
  4.1199219 12.364016 0.31003937,4.1199219 12.364016 -0.31003937,
  4.1377953 12.320866 0.31003937,4.1331501 12.344219 0.31003937,
  4.1377953 12.320866 -0.31003937,4.1377953 12.320866 -0.31003937,
  4.1331501 12.344219 0.31003937,4.1331501 12.344219 -0.31003937,
  4.1331501 12.297513 0.31003937,4.1377953 12.320866 0.31003937,
  4.1331501 12.297513 -0.31003937,4.1331501 12.297513 -0.31003937,
  4.1377953 12.320866 0.31003937,4.1377953 12.320866 -0.31003937,
  4.1199219 12.277716 0.31003937,4.1331501 12.297513 0.31003937,
  4.1199219 12.277716 -0.31003937,4.1199219 12.277716 -0.31003937,
  4.1331501 12.297513 0.31003937,4.1331501 12.297513 -0.31003937,
  4.1001244 12.264488 0.31003937,4.1199219 12.277716 0.31003937,
  4.1001244 12.264488 -0.31003937,4.1001244 12.264488 -0.31003937,
  4.1199219 12.277716 0.31003937,4.1199219 12.277716 -0.31003937,
  4.0767717 12.259843 0.31003937,4.1001244 12.264488 0.31003937,
  4.0767717 12.259843 -0.31003937,4.0767717 12.259843 -0.31003937,
  4.1001244 12.264488 0.31003937,4.1001244 12.264488 -0.31003937,
  4.0534189 12.264488 0.31003937,4.0767717 12.259843 0.31003937,
  4.0534189 12.264488 -0.31003937,4.0534189 12.264488 -0.31003937,
  4.0767717 12.259843 0.31003937,4.0767717 12.259843 -0.31003937,
  4.0336214 12.277716 0.31003937,4.0534189 12.264488 0.31003937,
  4.0336214 12.277716 -0.31003937,4.0336214 12.277716 -0.31003937,
  4.0534189 12.264488 0.31003937,4.0534189 12.264488 -0.31003937,
  4.0203932 12.297513 0.31003937,4.0336214 12.277716 0.31003937,
  4.0203932 12.297513 -0.31003937,4.0203932 12.297513 -0.31003937,
  4.0336214 12.277716 0.31003937,4.0336214 12.277716 -0.31003937,
  4.015748 12.320866 0.31003937,4.0203932 12.297513 0.31003937,
  4.015748 12.320866 -0.31003937,4.015748 12.320866 -0.31003937,
  4.0203932 12.297513 0.31003937,4.0203932 12.297513 -0.31003937,
  4.0203932 12.029258 0.31003937,4.015748 12.005906 0.31003937,
  4.0203932 12.029258 -0.31003937,4.0203932 12.029258 -0.31003937,
  4.015748 12.005906 0.31003937,4.015748 12.005906 -0.31003937,
  4.0336214 12.049056 0.31003937,4.0203932 12.029258 0.31003937,
  4.0336214 12.049056 -0.31003937,4.0336214 12.049056 -0.31003937,
  4.0203932 12.029258 0.31003937,4.0203932 12.029258 -0.31003937,
  4.0534189 12.062284 0.31003937,4.0336214 12.049056 0.31003937,
  4.0534189 12.062284 -0.31003937,4.0534189 12.062284 -0.31003937,
  4.0336214 12.049056 0.31003937,4.0336214 12.049056 -0.31003937,
  4.0767717 12.066929 0.31003937,4.0534189 12.062284 0.31003937,
  4.0767717 12.066929 -0.31003937,4.0767717 12.066929 -0.31003937,
  4.0534189 12.062284 0.31003937,4.0534189 12.062284 -0.31003937,
  4.1001244 12.062284 0.31003937,4.0767717 12.066929 0.31003937,
  4.1001244 12.062284 -0.31003937,4.1001244 12.062284 -0.31003937,
  4.0767717 12.066929 0.31003937,4.0767717 12.066929 -0.31003937,
  4.1199219 12.049056 0.31003937,4.1001244 12.062284 0.31003937,
  4.1199219 12.049056 -0.31003937,4.1199219 12.049056 -0.31003937,
  4.1001244 12.062284 0.31003937,4.1001244 12.062284 -0.31003937,
  4.1331501 12.029258 0.31003937,4.1199219 12.049056 0.31003937,
  4.1331501 12.029258 -0.31003937,4.1331501 12.029258 -0.31003937,
  4.1199219 12.049056 0.31003937,4.1199219 12.049056 -0.31003937,
  4.1377953 12.005906 0.31003937,4.1331501 12.029258 0.31003937,
  4.1377953 12.005906 -0.31003937,4.1377953 12.005906 -0.31003937,
  4.1331501 12.029258 0.31003937,4.1331501 12.029258 -0.31003937,
  4.1331501 11.982553 0.31003937,4.1377953 12.005906 0.31003937,
  4.1331501 11.982553 -0.31003937,4.1331501 11.982553 -0.31003937,
  4.1377953 12.005906 0.31003937,4.1377953 12.005906 -0.31003937,
  4.1199219 11.962755 0.31003937,4.1331501 11.982553 0.31003937,
  4.1199219 11.962755 -0.31003937,4.1199219 11.962755 -0.31003937,
  4.1331501 11.982553 0.31003937,4.1331501 11.982553 -0.31003937,
  4.1001244 11.949527 0.31003937,4.1199219 11.962755 0.31003937,
  4.1001244 11.949527 -0.31003937,4.1001244 11.949527 -0.31003937,
  4.1199219 11.962755 0.31003937,4.1199219 11.962755 -0.31003937,
  4.0767717 11.944882 0.31003937,4.1001244 11.949527 0.31003937,
  4.0767717 11.944882 -0.31003937,4.0767717 11.944882 -0.31003937,
  4.1001244 11.949527 0.31003937,4.1001244 11.949527 -0.31003937,
  4.0534189 11.949527 0.31003937,4.0767717 11.944882 0.31003937,
  4.0534189 11.949527 -0.31003937,4.0534189 11.949527 -0.31003937,
  4.0767717 11.944882 0.31003937,4.0767717 11.944882 -0.31003937,
  4.0336214 11.962755 0.31003937,4.0534189 11.949527 0.31003937,
  4.0336214 11.962755 -0.31003937,4.0336214 11.962755 -0.31003937,
  4.0534189 11.949527 0.31003937,4.0534189 11.949527 -0.31003937,
  4.0203932 11.982553 0.31003937,4.0336214 11.962755 0.31003937,
  4.0203932 11.982553 -0.31003937,4.0203932 11.982553 -0.31003937,
  4.0336214 11.962755 0.31003937,4.0336214 11.962755 -0.31003937,
  4.015748 12.005906 0.31003937,4.0203932 11.982553 0.31003937,
  4.015748 12.005906 -0.31003937,4.015748 12.005906 -0.31003937,
  4.0203932 11.982553 0.31003937,4.0203932 11.982553 -0.31003937,
  4.0203932 11.714298 0.31003937,4.015748 11.690945 0.31003937,
  4.0203932 11.714298 -0.31003937,4.0203932 11.714298 -0.31003937,
  4.015748 11.690945 0.31003937,4.015748 11.690945 -0.31003937,
  4.0336214 11.734095 0.31003937,4.0203932 11.714298 0.31003937,
  4.0336214 11.734095 -0.31003937,4.0336214 11.734095 -0.31003937,
  4.0203932 11.714298 0.31003937,4.0203932 11.714298 -0.31003937,
  4.0534189 11.747323 0.31003937,4.0336214 11.734095 0.31003937,
  4.0534189 11.747323 -0.31003937,4.0534189 11.747323 -0.31003937,
  4.0336214 11.734095 0.31003937,4.0336214 11.734095 -0.31003937,
  4.0767717 11.751969 0.31003937,4.0534189 11.747323 0.31003937,
  4.0767717 11.751969 -0.31003937,4.0767717 11.751969 -0.31003937,
  4.0534189 11.747323 0.31003937,4.0534189 11.747323 -0.31003937,
  4.1001244 11.747323 0.31003937,4.0767717 11.751969 0.31003937,
  4.1001244 11.747323 -0.31003937,4.1001244 11.747323 -0.31003937,
  4.0767717 11.751969 0.31003937,4.0767717 11.751969 -0.31003937,
  4.1199219 11.734095 0.31003937,4.1001244 11.747323 0.31003937,
  4.1199219 11.734095 -0.31003937,4.1199219 11.734095 -0.31003937,
  4.1001244 11.747323 0.31003937,4.1001244 11.747323 -0.31003937,
  4.1331501 11.714298 0.31003937,4.1199219 11.734095 0.31003937,
  4.1331501 11.714298 -0.31003937,4.1331501 11.714298 -0.31003937,
  4.1199219 11.734095 0.31003937,4.1199219 11.734095 -0.31003937,
  4.1377953 11.690945 0.31003937,4.1331501 11.714298 0.31003937,
  4.1377953 11.690945 -0.31003937,4.1377953 11.690945 -0.31003937,
  4.1331501 11.714298 0.31003937,4.1331501 11.714298 -0.31003937,
  4.1331501 11.667592 0.31003937,4.1377953 11.690945 0.31003937,
  4.1331501 11.667592 -0.31003937,4.1331501 11.667592 -0.31003937,
  4.1377953 11.690945 0.31003937,4.1377953 11.690945 -0.31003937,
  4.1199219 11.647795 0.31003937,4.1331501 11.667592 0.31003937,
  4.1199219 11.647795 -0.31003937,4.1199219 11.647795 -0.31003937,
  4.1331501 11.667592 0.31003937,4.1331501 11.667592 -0.31003937,
  4.1001244 11.634566 0.31003937,4.1199219 11.647795 0.31003937,
  4.1001244 11.634566 -0.31003937,4.1001244 11.634566 -0.31003937,
  4.1199219 11.647795 0.31003937,4.1199219 11.647795 -0.31003937,
  4.0767717 11.629921 0.31003937,4.1001244 11.634566 0.31003937,
  4.0767717 11.629921 -0.31003937,4.0767717 11.629921 -0.31003937,
  4.1001244 11.634566 0.31003937,4.1001244 11.634566 -0.31003937,
  4.0534189 11.634566 0.31003937,4.0767717 11.629921 0.31003937,
  4.0534189 11.634566 -0.31003937,4.0534189 11.634566 -0.31003937,
  4.0767717 11.629921 0.31003937,4.0767717 11.629921 -0.31003937,
  4.0336214 11.647795 0.31003937,4.0534189 11.634566 0.31003937,
  4.0336214 11.647795 -0.31003937,4.0336214 11.647795 -0.31003937,
  4.0534189 11.634566 0.31003937,4.0534189 11.634566 -0.31003937,
  4.0203932 11.667592 0.31003937,4.0336214 11.647795 0.31003937,
  4.0203932 11.667592 -0.31003937,4.0203932 11.667592 -0.31003937,
  4.0336214 11.647795 0.31003937,4.0336214 11.647795 -0.31003937,
  4.015748 11.690945 0.31003937,4.0203932 11.667592 0.31003937,
  4.015748 11.690945 -0.31003937,4.015748 11.690945 -0.31003937,
  4.0203932 11.667592 0.31003937,4.0203932 11.667592 -0.31003937,
  1.0115349 5.0391008 0.31003937,1.0068898 5.015748 0.31003937,
  1.0115349 5.0391008 -0.31003937,1.0115349 5.0391008 -0.31003937,
  1.0068898 5.015748 0.31003937,1.0068898 5.015748 -0.31003937,
  1.0247632 5.0588982 0.31003937,1.0115349 5.0391008 0.31003937,
  1.0247632 5.0588982 -0.31003937,1.0247632 5.0588982 -0.31003937,
  1.0115349 5.0391008 0.31003937,1.0115349 5.0391008 -0.31003937,
  1.0445607 5.0721265 0.31003937,1.0247632 5.0588982 0.31003937,
  1.0445607 5.0721265 -0.31003937,1.0445607 5.0721265 -0.31003937,
  1.0247632 5.0588982 0.31003937,1.0247632 5.0588982 -0.31003937,
  1.0679134 5.0767717 0.31003937,1.0445607 5.0721265 0.31003937,
  1.0679134 5.0767717 -0.31003937,1.0679134 5.0767717 -0.31003937,
  1.0445607 5.0721265 0.31003937,1.0445607 5.0721265 -0.31003937,
  1.0912661 5.0721265 0.31003937,1.0679134 5.0767717 0.31003937,
  1.0912661 5.0721265 -0.31003937,1.0912661 5.0721265 -0.31003937,
  1.0679134 5.0767717 0.31003937,1.0679134 5.0767717 -0.31003937,
  1.1110636 5.0588982 0.31003937,1.0912661 5.0721265 0.31003937,
  1.1110636 5.0588982 -0.31003937,1.1110636 5.0588982 -0.31003937,
  1.0912661 5.0721265 0.31003937,1.0912661 5.0721265 -0.31003937,
  1.1242919 5.0391008 0.31003937,1.1110636 5.0588982 0.31003937,
  1.1242919 5.0391008 -0.31003937,1.1242919 5.0391008 -0.31003937,
  1.1110636 5.0588982 0.31003937,1.1110636 5.0588982 -0.31003937,
  1.128937 5.015748 0.31003937,1.1242919 5.0391008 0.31003937,
  1.128937 5.015748 -0.31003937,1.128937 5.015748 -0.31003937,
  1.1242919 5.0391008 0.31003937,1.1242919 5.0391008 -0.31003937,
  1.1242919 4.9923953 0.31003937,1.128937 5.015748 0.31003937,
  1.1242919 4.9923953 -0.31003937,1.1242919 4.9923953 -0.31003937,
  1.128937 5.015748 0.31003937,1.128937 5.015748 -0.31003937,
  1.1110636 4.9725978 0.31003937,1.1242919 4.9923953 0.31003937,
  1.1110636 4.9725978 -0.31003937,1.1110636 4.9725978 -0.31003937,
  1.1242919 4.9923953 0.31003937,1.1242919 4.9923953 -0.31003937,
  1.0912661 4.9593696 0.31003937,1.1110636 4.9725978 0.31003937,
  1.0912661 4.9593696 -0.31003937,1.0912661 4.9593696 -0.31003937,
  1.1110636 4.9725978 0.31003937,1.1110636 4.9725978 -0.31003937,
  1.0679134 4.9547244 0.31003937,1.0912661 4.9593696 0.31003937,
  1.0679134 4.9547244 -0.31003937,1.0679134 4.9547244 -0.31003937,
  1.0912661 4.9593696 0.31003937,1.0912661 4.9593696 -0.31003937,
  1.0445607 4.9593696 0.31003937,1.0679134 4.9547244 0.31003937,
  1.0445607 4.9593696 -0.31003937,1.0445607 4.9593696 -0.31003937,
  1.0679134 4.9547244 0.31003937,1.0679134 4.9547244 -0.31003937,
  1.0247632 4.9725978 0.31003937,1.0445607 4.9593696 0.31003937,
  1.0247632 4.9725978 -0.31003937,1.0247632 4.9725978 -0.31003937,
  1.0445607 4.9593696 0.31003937,1.0445607 4.9593696 -0.31003937,
  1.0115349 4.9923953 0.31003937,1.0247632 4.9725978 0.31003937,
  1.0115349 4.9923953 -0.31003937,1.0115349 4.9923953 -0.31003937,
  1.0247632 4.9725978 0.31003937,1.0247632 4.9725978 -0.31003937,
  1.0068898 5.015748 0.31003937,1.0115349 4.9923953 0.31003937,
  1.0068898 5.015748 -0.31003937,1.0068898 5.015748 -0.31003937,
  1.0115349 4.9923953 0.31003937,1.0115349 4.9923953 -0.31003937,
  0 0 0.31003937,0 13.877953 0.31003937,
  0 0 -0.31003937,0 0 -0.31003937,
  0 13.877953 0.31003937,0 13.877953 -0.31003937,
  13.582677 0 0.31003937,0 0 0.31003937,
  13.582677 0 -0.31003937,13.582677 0 -0.31003937,
  0 0 0.31003937,0 0 -0.31003937,
  13.582677 13.877953 0.31003937,13.582677 0 0.31003937,
  13.582677 13.877953 -0.31003937,13.582677 13.877953 -0.31003937,
  13.582677 0 0.31003937,13.582677 0 -0.31003937,
  0 13.877953 0.31003937,13.582677 13.877953 0.31003937,
  0 13.877953 -0.31003937,0 13.877953 -0.31003937,
  13.582677 13.877953 0.31003937,13.582677 13.877953 -0.31003937,
  1.0115349 4.6454 0.31003937,1.0068898 4.6220472 0.31003937,
  1.0115349 4.6454 -0.31003937,1.0115349 4.6454 -0.31003937,
  1.0068898 4.6220472 0.31003937,1.0068898 4.6220472 -0.31003937,
  1.0247632 4.6651975 0.31003937,1.0115349 4.6454 0.31003937,
  1.0247632 4.6651975 -0.31003937,1.0247632 4.6651975 -0.31003937,
  1.0115349 4.6454 0.31003937,1.0115349 4.6454 -0.31003937,
  1.0445607 4.6784257 0.31003937,1.0247632 4.6651975 0.31003937,
  1.0445607 4.6784257 -0.31003937,1.0445607 4.6784257 -0.31003937,
  1.0247632 4.6651975 0.31003937,1.0247632 4.6651975 -0.31003937,
  1.0679134 4.6830709 0.31003937,1.0445607 4.6784257 0.31003937,
  1.0679134 4.6830709 -0.31003937,1.0679134 4.6830709 -0.31003937,
  1.0445607 4.6784257 0.31003937,1.0445607 4.6784257 -0.31003937,
  1.0912661 4.6784257 0.31003937,1.0679134 4.6830709 0.31003937,
  1.0912661 4.6784257 -0.31003937,1.0912661 4.6784257 -0.31003937,
  1.0679134 4.6830709 0.31003937,1.0679134 4.6830709 -0.31003937,
  1.1110636 4.6651975 0.31003937,1.0912661 4.6784257 0.31003937,
  1.1110636 4.6651975 -0.31003937,1.1110636 4.6651975 -0.31003937,
  1.0912661 4.6784257 0.31003937,1.0912661 4.6784257 -0.31003937,
  1.1242919 4.6454 0.31003937,1.1110636 4.6651975 0.31003937,
  1.1242919 4.6454 -0.31003937,1.1242919 4.6454 -0.31003937,
  1.1110636 4.6651975 0.31003937,1.1110636 4.6651975 -0.31003937,
  1.128937 4.6220472 0.31003937,1.1242919 4.6454 0.31003937,
  1.128937 4.6220472 -0.31003937,1.128937 4.6220472 -0.31003937,
  1.1242919 4.6454 0.31003937,1.1242919 4.6454 -0.31003937,
  1.1242919 4.5986945 0.31003937,1.128937 4.6220472 0.31003937,
  1.1242919 4.5986945 -0.31003937,1.1242919 4.5986945 -0.31003937,
  1.128937 4.6220472 0.31003937,1.128937 4.6220472 -0.31003937,
  1.1110636 4.578897 0.31003937,1.1242919 4.5986945 0.31003937,
  1.1110636 4.578897 -0.31003937,1.1110636 4.578897 -0.31003937,
  1.1242919 4.5986945 0.31003937,1.1242919 4.5986945 -0.31003937,
  1.0912661 4.5656688 0.31003937,1.1110636 4.578897 0.31003937,
  1.0912661 4.5656688 -0.31003937,1.0912661 4.5656688 -0.31003937,
  1.1110636 4.578897 0.31003937,1.1110636 4.578897 -0.31003937,
  1.0679134 4.5610236 0.31003937,1.0912661 4.5656688 0.31003937,
  1.0679134 4.5610236 -0.31003937,1.0679134 4.5610236 -0.31003937,
  1.0912661 4.5656688 0.31003937,1.0912661 4.5656688 -0.31003937,
  1.0445607 4.5656688 0.31003937,1.0679134 4.5610236 0.31003937,
  1.0445607 4.5656688 -0.31003937,1.0445607 4.5656688 -0.31003937,
  1.0679134 4.5610236 0.31003937,1.0679134 4.5610236 -0.31003937,
  1.0247632 4.578897 0.31003937,1.0445607 4.5656688 0.31003937,
  1.0247632 4.578897 -0.31003937,1.0247632 4.578897 -0.31003937,
  1.0445607 4.5656688 0.31003937,1.0445607 4.5656688 -0.31003937,
  1.0115349 4.5986945 0.31003937,1.0247632 4.578897 0.31003937,
  1.0115349 4.5986945 -0.31003937,1.0115349 4.5986945 -0.31003937,
  1.0247632 4.578897 0.31003937,1.0247632 4.578897 -0.31003937,
  1.0068898 4.6220472 0.31003937,1.0115349 4.5986945 0.31003937,
  1.0068898 4.6220472 -0.31003937,1.0068898 4.6220472 -0.31003937,
  1.0115349 4.5986945 0.31003937,1.0115349 4.5986945 -0.31003937,
  4.577568 10.012147 0.31003937,4.5669291 9.9586614 0.31003937,
  4.577568 10.012147 -0.31003937,4.577568 10.012147 -0.31003937,
  4.5669291 9.9586614 0.31003937,4.5669291 9.9586614 -0.31003937,
  4.607865 10.057489 0.31003937,4.577568 10.012147 0.31003937,
  4.607865 10.057489 -0.31003937,4.607865 10.057489 -0.31003937,
  4.577568 10.012147 0.31003937,4.577568 10.012147 -0.31003937,
  4.6532076 10.087786 0.31003937,4.607865 10.057489 0.31003937,
  4.6532076 10.087786 -0.31003937,4.6532076 10.087786 -0.31003937,
  4.607865 10.057489 0.31003937,4.607865 10.057489 -0.31003937,
  4.7066929 10.098425 0.31003937,4.6532076 10.087786 0.31003937,
  4.7066929 10.098425 -0.31003937,4.7066929 10.098425 -0.31003937,
  4.6532076 10.087786 0.31003937,4.6532076 10.087786 -0.31003937,
  4.7601782 10.087786 0.31003937,4.7066929 10.098425 0.31003937,
  4.7601782 10.087786 -0.31003937,4.7601782 10.087786 -0.31003937,
  4.7066929 10.098425 0.31003937,4.7066929 10.098425 -0.31003937,
  4.8055208 10.057489 0.31003937,4.7601782 10.087786 0.31003937,
  4.8055208 10.057489 -0.31003937,4.8055208 10.057489 -0.31003937,
  4.7601782 10.087786 0.31003937,4.7601782 10.087786 -0.31003937,
  4.8358178 10.012147 0.31003937,4.8055208 10.057489 0.31003937,
  4.8358178 10.012147 -0.31003937,4.8358178 10.012147 -0.31003937,
  4.8055208 10.057489 0.31003937,4.8055208 10.057489 -0.31003937,
  4.8464567 9.9586614 0.31003937,4.8358178 10.012147 0.31003937,
  4.8464567 9.9586614 -0.31003937,4.8464567 9.9586614 -0.31003937,
  4.8358178 10.012147 0.31003937,4.8358178 10.012147 -0.31003937,
  4.8358178 9.9051761 0.31003937,4.8464567 9.9586614 0.31003937,
  4.8358178 9.9051761 -0.31003937,4.8358178 9.9051761 -0.31003937,
  4.8464567 9.9586614 0.31003937,4.8464567 9.9586614 -0.31003937,
  4.8055208 9.8598335 0.31003937,4.8358178 9.9051761 0.31003937,
  4.8055208 9.8598335 -0.31003937,4.8055208 9.8598335 -0.31003937,
  4.8358178 9.9051761 0.31003937,4.8358178 9.9051761 -0.31003937,
  4.7601782 9.8295365 0.31003937,4.8055208 9.8598335 0.31003937,
  4.7601782 9.8295365 -0.31003937,4.7601782 9.8295365 -0.31003937,
  4.8055208 9.8598335 0.31003937,4.8055208 9.8598335 -0.31003937,
  4.7066929 9.8188976 0.31003937,4.7601782 9.8295365 0.31003937,
  4.7066929 9.8188976 -0.31003937,4.7066929 9.8188976 -0.31003937,
  4.7601782 9.8295365 0.31003937,4.7601782 9.8295365 -0.31003937,
  4.6532076 9.8295365 0.31003937,4.7066929 9.8188976 0.31003937,
  4.6532076 9.8295365 -0.31003937,4.6532076 9.8295365 -0.31003937,
  4.7066929 9.8188976 0.31003937,4.7066929 9.8188976 -0.31003937,
  4.607865 9.8598335 0.31003937,4.6532076 9.8295365 0.31003937,
  4.607865 9.8598335 -0.31003937,4.607865 9.8598335 -0.31003937,
  4.6532076 9.8295365 0.31003937,4.6532076 9.8295365 -0.31003937,
  4.577568 9.9051761 0.31003937,4.607865 9.8598335 0.31003937,
  4.577568 9.9051761 -0.31003937,4.577568 9.9051761 -0.31003937,
  4.607865 9.8598335 0.31003937,4.607865 9.8598335 -0.31003937,
  4.5669291 9.9586614 0.31003937,4.577568 9.9051761 0.31003937,
  4.5669291 9.9586614 -0.31003937,4.5669291 9.9586614 -0.31003937,
  4.577568 9.9051761 0.31003937,4.577568 9.9051761 -0.31003937,
  13.051181 7.480315 0.31003937,13.051181 7.480315 0.31003937,
  13.051181 7.480315 -0.31003937,13.051181 7.480315 -0.31003937,
  13.051181 7.480315 0.31003937,13.051181 7.480315 -0.31003937,
  13.04762 7.4601169 0.31003937,13.051181 7.480315 0.31003937,
  13.04762 7.4601169 -0.31003937,13.04762 7.4601169 -0.31003937,
  13.051181 7.480315 0.31003937,13.051181 7.480315 -0.31003937,
  13.037365 7.4423551 0.31003937,13.04762 7.4601169 0.31003937,
  13.037365 7.4423551 -0.31003937,13.037365 7.4423551 -0.31003937,
  13.04762 7.4601169 0.31003937,13.04762 7.4601169 -0.31003937,
  13.021654 7.4291717 0.31003937,13.037365 7.4423551 0.31003937,
  13.021654 7.4291717 -0.31003937,13.021654 7.4291717 -0.31003937,
  13.037365 7.4423551 0.31003937,13.037365 7.4423551 -0.31003937,
  13.002381 7.422157 0.31003937,13.021654 7.4291717 0.31003937,
  13.002381 7.422157 -0.31003937,13.002381 7.422157 -0.31003937,
  13.021654 7.4291717 0.31003937,13.021654 7.4291717 -0.31003937,
  12.981871 7.422157 0.31003937,13.002381 7.422157 0.31003937,
  12.981871 7.422157 -0.31003937,12.981871 7.422157 -0.31003937,
  13.002381 7.422157 0.31003937,13.002381 7.422157 -0.31003937,
  12.962598 7.4291717 0.31003937,12.981871 7.422157 0.31003937,
  12.962598 7.4291717 -0.31003937,12.962598 7.4291717 -0.31003937,
  12.981871 7.422157 0.31003937,12.981871 7.422157 -0.31003937,
  12.946887 7.4423551 0.31003937,12.962598 7.4291717 0.31003937,
  12.946887 7.4423551 -0.31003937,12.946887 7.4423551 -0.31003937,
  12.962598 7.4291717 0.31003937,12.962598 7.4291717 -0.31003937,
  12.936632 7.4601169 0.31003937,12.946887 7.4423551 0.31003937,
  12.936632 7.4601169 -0.31003937,12.936632 7.4601169 -0.31003937,
  12.946887 7.4423551 0.31003937,12.946887 7.4423551 -0.31003937,
  12.933071 7.480315 0.31003937,12.936632 7.4601169 0.31003937,
  12.933071 7.480315 -0.31003937,12.933071 7.480315 -0.31003937,
  12.936632 7.4601169 0.31003937,12.936632 7.4601169 -0.31003937,
  12.936632 7.500513 0.31003937,12.933071 7.480315 0.31003937,
  12.936632 7.500513 -0.31003937,12.936632 7.500513 -0.31003937,
  12.933071 7.480315 0.31003937,12.933071 7.480315 -0.31003937,
  12.946887 7.5182749 0.31003937,12.936632 7.500513 0.31003937,
  12.946887 7.5182749 -0.31003937,12.946887 7.5182749 -0.31003937,
  12.936632 7.500513 0.31003937,12.936632 7.500513 -0.31003937,
  12.962598 7.5314582 0.31003937,12.946887 7.5182749 0.31003937,
  12.962598 7.5314582 -0.31003937,12.962598 7.5314582 -0.31003937,
  12.946887 7.5182749 0.31003937,12.946887 7.5182749 -0.31003937,
  12.981871 7.5384729 0.31003937,12.962598 7.5314582 0.31003937,
  12.981871 7.5384729 -0.31003937,12.981871 7.5384729 -0.31003937,
  12.962598 7.5314582 0.31003937,12.962598 7.5314582 -0.31003937,
  13.002381 7.5384729 0.31003937,12.981871 7.5384729 0.31003937,
  13.002381 7.5384729 -0.31003937,13.002381 7.5384729 -0.31003937,
  12.981871 7.5384729 0.31003937,12.981871 7.5384729 -0.31003937,
  13.021654 7.5314582 0.31003937,13.002381 7.5384729 0.31003937,
  13.021654 7.5314582 -0.31003937,13.021654 7.5314582 -0.31003937,
  13.002381 7.5384729 0.31003937,13.002381 7.5384729 -0.31003937,
  13.037365 7.5182749 0.31003937,13.021654 7.5314582 0.31003937,
  13.037365 7.5182749 -0.31003937,13.037365 7.5182749 -0.31003937,
  13.021654 7.5314582 0.31003937,13.021654 7.5314582 -0.31003937,
  13.04762 7.500513 0.31003937,13.037365 7.5182749 0.31003937,
  13.04762 7.500513 -0.31003937,13.04762 7.500513 -0.31003937,
  13.037365 7.5182749 0.31003937,13.037365 7.5182749 -0.31003937,
  13.051181 7.480315 0.31003937,13.04762 7.500513 0.31003937,
  13.051181 7.480315 -0.31003937,13.051181 7.480315 -0.31003937,
  13.04762 7.500513 0.31003937,13.04762 7.500513 -0.31003937,
  12.936632 0.61074922 0.31003937,12.933071 0.59055118 0.31003937,
  12.936632 0.61074922 -0.31003937,12.936632 0.61074922 -0.31003937,
  12.933071 0.59055118 0.31003937,12.933071 0.59055118 -0.31003937,
  12.946887 0.62851108 0.31003937,12.936632 0.61074922 0.31003937,
  12.946887 0.62851108 -0.31003937,12.946887 0.62851108 -0.31003937,
  12.936632 0.61074922 0.31003937,12.936632 0.61074922 -0.31003937,
  12.962598 0.64169441 0.31003937,12.946887 0.62851108 0.31003937,
  12.962598 0.64169441 -0.31003937,12.962598 0.64169441 -0.31003937,
  12.946887 0.62851108 0.31003937,12.946887 0.62851108 -0.31003937,
  12.981871 0.64870912 0.31003937,12.962598 0.64169441 0.31003937,
  12.981871 0.64870912 -0.31003937,12.981871 0.64870912 -0.31003937,
  12.962598 0.64169441 0.31003937,12.962598 0.64169441 -0.31003937,
  13.002381 0.64870912 0.31003937,12.981871 0.64870912 0.31003937,
  13.002381 0.64870912 -0.31003937,13.002381 0.64870912 -0.31003937,
  12.981871 0.64870912 0.31003937,12.981871 0.64870912 -0.31003937,
  13.021654 0.64169441 0.31003937,13.002381 0.64870912 0.31003937,
  13.021654 0.64169441 -0.31003937,13.021654 0.64169441 -0.31003937,
  13.002381 0.64870912 0.31003937,13.002381 0.64870912 -0.31003937,
  13.037365 0.62851108 0.31003937,13.021654 0.64169441 0.31003937,
  13.037365 0.62851108 -0.31003937,13.037365 0.62851108 -0.31003937,
  13.021654 0.64169441 0.31003937,13.021654 0.64169441 -0.31003937,
  13.04762 0.61074922 0.31003937,13.037365 0.62851108 0.31003937,
  13.04762 0.61074922 -0.31003937,13.04762 0.61074922 -0.31003937,
  13.037365 0.62851108 0.31003937,13.037365 0.62851108 -0.31003937,
  13.051181 0.59055118 0.31003937,13.04762 0.61074922 0.31003937,
  13.051181 0.59055118 -0.31003937,13.051181 0.59055118 -0.31003937,
  13.04762 0.61074922 0.31003937,13.04762 0.61074922 -0.31003937,
  13.04762 0.57035314 0.31003937,13.051181 0.59055118 0.31003937,
  13.04762 0.57035314 -0.31003937,13.04762 0.57035314 -0.31003937,
  13.051181 0.59055118 0.31003937,13.051181 0.59055118 -0.31003937,
  13.037365 0.55259128 0.31003937,13.04762 0.57035314 0.31003937,
  13.037365 0.55259128 -0.31003937,13.037365 0.55259128 -0.31003937,
  13.04762 0.57035314 0.31003937,13.04762 0.57035314 -0.31003937,
  13.021654 0.53940795 0.31003937,13.037365 0.55259128 0.31003937,
  13.021654 0.53940795 -0.31003937,13.021654 0.53940795 -0.31003937,
  13.037365 0.55259128 0.31003937,13.037365 0.55259128 -0.31003937,
  13.002381 0.53239324 0.31003937,13.021654 0.53940795 0.31003937,
  13.002381 0.53239324 -0.31003937,13.002381 0.53239324 -0.31003937,
  13.021654 0.53940795 0.31003937,13.021654 0.53940795 -0.31003937,
  12.981871 0.53239324 0.31003937,13.002381 0.53239324 0.31003937,
  12.981871 0.53239324 -0.31003937,12.981871 0.53239324 -0.31003937,
  13.002381 0.53239324 0.31003937,13.002381 0.53239324 -0.31003937,
  12.962598 0.53940795 0.31003937,12.981871 0.53239324 0.31003937,
  12.962598 0.53940795 -0.31003937,12.962598 0.53940795 -0.31003937,
  12.981871 0.53239324 0.31003937,12.981871 0.53239324 -0.31003937,
  12.946887 0.55259128 0.31003937,12.962598 0.53940795 0.31003937,
  12.946887 0.55259128 -0.31003937,12.946887 0.55259128 -0.31003937,
  12.962598 0.53940795 0.31003937,12.962598 0.53940795 -0.31003937,
  12.936632 0.57035314 0.31003937,12.946887 0.55259128 0.31003937,
  12.936632 0.57035314 -0.31003937,12.936632 0.57035314 -0.31003937,
  12.946887 0.55259128 0.31003937,12.946887 0.55259128 -0.31003937,
  12.933071 0.59055118 0.31003937,12.936632 0.57035314 0.31003937,
  12.933071 0.59055118 -0.31003937,12.933071 0.59055118 -0.31003937,
  12.936632 0.57035314 0.31003937,12.936632 0.57035314 -0.31003937] }
 coordIndex [
  0,1,2,-1,3,4,5,-1,6,7,8,-1,9,10,11,-1,12,13,14,-1,15,16,17,-1,18,19,20,-1,21,22,23,-1,
  24,25,26,-1,27,28,29,-1,30,31,32,-1,33,34,35,-1,36,37,38,-1,39,40,41,-1,42,43,44,-1,45,46,47,-1,
  48,49,50,-1,51,52,53,-1,54,55,56,-1,57,58,59,-1,60,61,62,-1,63,64,65,-1,66,67,68,-1,69,70,71,-1,
  72,73,74,-1,75,76,77,-1,78,79,80,-1,81,82,83,-1,84,85,86,-1,87,88,89,-1,90,91,92,-1,93,94,95,-1,
  96,97,98,-1,99,100,101,-1,102,103,104,-1,105,106,107,-1,108,109,110,-1,111,112,113,-1,114,115,116,-1,117,118,119,-1,
  120,121,122,-1,123,124,125,-1,126,127,128,-1,129,130,131,-1,132,133,134,-1,135,136,137,-1,138,139,140,-1,141,142,143,-1,
  144,145,146,-1,147,148,149,-1,150,151,152,-1,153,154,155,-1,156,157,158,-1,159,160,161,-1,162,163,164,-1,165,166,167,-1,
  168,169,170,-1,171,172,173,-1,174,175,176,-1,177,178,179,-1,180,181,182,-1,183,184,185,-1,186,187,188,-1,189,190,191,-1,
  192,193,194,-1,195,196,197,-1,198,199,200,-1,201,202,203,-1,204,205,206,-1,207,208,209,-1,210,211,212,-1,213,214,215,-1,
  216,217,218,-1,219,220,221,-1,222,223,224,-1,225,226,227,-1,228,229,230,-1,231,232,233,-1,234,235,236,-1,237,238,239,-1,
  240,241,242,-1,243,244,245,-1,246,247,248,-1,249,250,251,-1,252,253,254,-1,255,256,257,-1,258,259,260,-1,261,262,263,-1,
  264,265,266,-1,267,268,269,-1,270,271,272,-1,273,274,275,-1,276,277,278,-1,279,280,281,-1,282,283,284,-1,285,286,287,-1,
  288,289,290,-1,291,292,293,-1,294,295,296,-1,297,298,299,-1,300,301,302,-1,303,304,305,-1,306,307,308,-1,309,310,311,-1,
  312,313,314,-1,315,316,317,-1,318,319,320,-1,321,322,323,-1,324,325,326,-1,327,328,329,-1,330,331,332,-1,333,334,335,-1,
  336,337,338,-1,339,340,341,-1,342,343,344,-1,345,346,347,-1,348,349,350,-1,351,352,353,-1,354,355,356,-1,357,358,359,-1,
  360,361,362,-1,363,364,365,-1,366,367,368,-1,369,370,371,-1,372,373,374,-1,375,376,377,-1,378,379,380,-1,381,382,383,-1,
  384,385,386,-1,387,388,389,-1,390,391,392,-1,393,394,395,-1,396,397,398,-1,399,400,401,-1,402,403,404,-1,405,406,407,-1,
  408,409,410,-1,411,412,413,-1,414,415,416,-1,417,418,419,-1,420,421,422,-1,423,424,425,-1,426,427,428,-1,429,430,431,-1,
  432,433,434,-1,435,436,437,-1,438,439,440,-1,441,442,443,-1,444,445,446,-1,447,448,449,-1,450,451,452,-1,453,454,455,-1,
  456,457,458,-1,459,460,461,-1,462,463,464,-1,465,466,467,-1,468,469,470,-1,471,472,473,-1,474,475,476,-1,477,478,479,-1,
  480,481,482,-1,483,484,485,-1,486,487,488,-1,489,490,491,-1,492,493,494,-1,495,496,497,-1,498,499,500,-1,501,502,503,-1,
  504,505,506,-1,507,508,509,-1,510,511,512,-1,513,514,515,-1,516,517,518,-1,519,520,521,-1,522,523,524,-1,525,526,527,-1,
  528,529,530,-1,531,532,533,-1,534,535,536,-1,537,538,539,-1,540,541,542,-1,543,544,545,-1,546,547,548,-1,549,550,551,-1,
  552,553,554,-1,555,556,557,-1,558,559,560,-1,561,562,563,-1,564,565,566,-1,567,568,569,-1,570,571,572,-1,573,574,575,-1,
  576,577,578,-1,579,580,581,-1,582,583,584,-1,585,586,587,-1,588,589,590,-1,591,592,593,-1,594,595,596,-1,597,598,599,-1,
  600,601,602,-1,603,604,605,-1,606,607,608,-1,609,610,611,-1,612,613,614,-1,615,616,617,-1,618,619,620,-1,621,622,623,-1,
  624,625,626,-1,627,628,629,-1,630,631,632,-1,633,634,635,-1,636,637,638,-1,639,640,641,-1,642,643,644,-1,645,646,647,-1,
  648,649,650,-1,651,652,653,-1,654,655,656,-1,657,658,659,-1,660,661,662,-1,663,664,665,-1,666,667,668,-1,669,670,671,-1,
  672,673,674,-1,675,676,677,-1,678,679,680,-1,681,682,683,-1,684,685,686,-1,687,688,689,-1,690,691,692,-1,693,694,695,-1,
  696,697,698,-1,699,700,701,-1,702,703,704,-1,705,706,707,-1,708,709,710,-1,711,712,713,-1,714,715,716,-1,717,718,719,-1,
  720,721,722,-1,723,724,725,-1,726,727,728,-1,729,730,731,-1,732,733,734,-1,735,736,737,-1,738,739,740,-1,741,742,743,-1,
  744,745,746,-1,747,748,749,-1,750,751,752,-1,753,754,755,-1,756,757,758,-1,759,760,761,-1,762,763,764,-1,765,766,767,-1,
  768,769,770,-1,771,772,773,-1,774,775,776,-1,777,778,779,-1,780,781,782,-1,783,784,785,-1,786,787,788,-1,789,790,791,-1,
  792,793,794,-1,795,796,797,-1,798,799,800,-1,801,802,803,-1,804,805,806,-1,807,808,809,-1,810,811,812,-1,813,814,815,-1,
  816,817,818,-1,819,820,821,-1,822,823,824,-1,825,826,827,-1,828,829,830,-1,831,832,833,-1,834,835,836,-1,837,838,839,-1,
  840,841,842,-1,843,844,845,-1,846,847,848,-1,849,850,851,-1,852,853,854,-1,855,856,857,-1,858,859,860,-1,861,862,863,-1,
  864,865,866,-1,867,868,869,-1,870,871,872,-1,873,874,875,-1,876,877,878,-1,879,880,881,-1,882,883,884,-1,885,886,887,-1,
  888,889,890,-1,891,892,893,-1,894,895,896,-1,897,898,899,-1,900,901,902,-1,903,904,905,-1,906,907,908,-1,909,910,911,-1,
  912,913,914,-1,915,916,917,-1,918,919,920,-1,921,922,923,-1,924,925,926,-1,927,928,929,-1,930,931,932,-1,933,934,935,-1,
  936,937,938,-1,939,940,941,-1,942,943,944,-1,945,946,947,-1,948,949,950,-1,951,952,953,-1,954,955,956,-1,957,958,959,-1,
  960,961,962,-1,963,964,965,-1,966,967,968,-1,969,970,971,-1,972,973,974,-1,975,976,977,-1,978,979,980,-1,981,982,983,-1,
  984,985,986,-1,987,988,989,-1,990,991,992,-1,993,994,995,-1,996,997,998,-1,999,1000,1001,-1,1002,1003,1004,-1,1005,1006,1007,-1,
  1008,1009,1010,-1,1011,1012,1013,-1,1014,1015,1016,-1,1017,1018,1019,-1,1020,1021,1022,-1,1023,1024,1025,-1,1026,1027,1028,-1,1029,1030,1031,-1,
  1032,1033,1034,-1,1035,1036,1037,-1,1038,1039,1040,-1,1041,1042,1043,-1,1044,1045,1046,-1,1047,1048,1049,-1,1050,1051,1052,-1,1053,1054,1055,-1,
  1056,1057,1058,-1,1059,1060,1061,-1,1062,1063,1064,-1,1065,1066,1067,-1,1068,1069,1070,-1,1071,1072,1073,-1,1074,1075,1076,-1,1077,1078,1079,-1,
  1080,1081,1082,-1,1083,1084,1085,-1,1086,1087,1088,-1,1089,1090,1091,-1,1092,1093,1094,-1,1095,1096,1097,-1,1098,1099,1100,-1,1101,1102,1103,-1,
  1104,1105,1106,-1,1107,1108,1109,-1,1110,1111,1112,-1,1113,1114,1115,-1,1116,1117,1118,-1,1119,1120,1121,-1,1122,1123,1124,-1,1125,1126,1127,-1,
  1128,1129,1130,-1,1131,1132,1133,-1,1134,1135,1136,-1,1137,1138,1139,-1,1140,1141,1142,-1,1143,1144,1145,-1,1146,1147,1148,-1,1149,1150,1151,-1,
  1152,1153,1154,-1,1155,1156,1157,-1,1158,1159,1160,-1,1161,1162,1163,-1,1164,1165,1166,-1,1167,1168,1169,-1,1170,1171,1172,-1,1173,1174,1175,-1,
  1176,1177,1178,-1,1179,1180,1181,-1,1182,1183,1184,-1,1185,1186,1187,-1,1188,1189,1190,-1,1191,1192,1193,-1,1194,1195,1196,-1,1197,1198,1199,-1,
  1200,1201,1202,-1,1203,1204,1205,-1,1206,1207,1208,-1,1209,1210,1211,-1,1212,1213,1214,-1,1215,1216,1217,-1,1218,1219,1220,-1,1221,1222,1223,-1,
  1224,1225,1226,-1,1227,1228,1229,-1,1230,1231,1232,-1,1233,1234,1235,-1,1236,1237,1238,-1,1239,1240,1241,-1,1242,1243,1244,-1,1245,1246,1247,-1,
  1248,1249,1250,-1,1251,1252,1253,-1,1254,1255,1256,-1,1257,1258,1259,-1,1260,1261,1262,-1,1263,1264,1265,-1,1266,1267,1268,-1,1269,1270,1271,-1,
  1272,1273,1274,-1,1275,1276,1277,-1,1278,1279,1280,-1,1281,1282,1283,-1,1284,1285,1286,-1,1287,1288,1289,-1,1290,1291,1292,-1,1293,1294,1295,-1,
  1296,1297,1298,-1,1299,1300,1301,-1,1302,1303,1304,-1,1305,1306,1307,-1,1308,1309,1310,-1,1311,1312,1313,-1,1314,1315,1316,-1,1317,1318,1319,-1,
  1320,1321,1322,-1,1323,1324,1325,-1,1326,1327,1328,-1,1329,1330,1331,-1,1332,1333,1334,-1,1335,1336,1337,-1,1338,1339,1340,-1,1341,1342,1343,-1,
  1344,1345,1346,-1,1347,1348,1349,-1,1350,1351,1352,-1,1353,1354,1355,-1,1356,1357,1358,-1,1359,1360,1361,-1,1362,1363,1364,-1,1365,1366,1367,-1,
  1368,1369,1370,-1,1371,1372,1373,-1,1374,1375,1376,-1,1377,1378,1379,-1,1380,1381,1382,-1,1383,1384,1385,-1,1386,1387,1388,-1,1389,1390,1391,-1,
  1392,1393,1394,-1,1395,1396,1397,-1,1398,1399,1400,-1,1401,1402,1403,-1,1404,1405,1406,-1,1407,1408,1409,-1,1410,1411,1412,-1,1413,1414,1415,-1,
  1416,1417,1418,-1,1419,1420,1421,-1,1422,1423,1424,-1,1425,1426,1427,-1,1428,1429,1430,-1,1431,1432,1433,-1,1434,1435,1436,-1,1437,1438,1439,-1,
  1440,1441,1442,-1,1443,1444,1445,-1,1446,1447,1448,-1,1449,1450,1451,-1,1452,1453,1454,-1,1455,1456,1457,-1,1458,1459,1460,-1,1461,1462,1463,-1,
  1464,1465,1466,-1,1467,1468,1469,-1,1470,1471,1472,-1,1473,1474,1475,-1,1476,1477,1478,-1,1479,1480,1481,-1,1482,1483,1484,-1,1485,1486,1487,-1,
  1488,1489,1490,-1,1491,1492,1493,-1,1494,1495,1496,-1,1497,1498,1499,-1,1500,1501,1502,-1,1503,1504,1505,-1,1506,1507,1508,-1,1509,1510,1511,-1,
  1512,1513,1514,-1,1515,1516,1517,-1,1518,1519,1520,-1,1521,1522,1523,-1,1524,1525,1526,-1,1527,1528,1529,-1,1530,1531,1532,-1,1533,1534,1535,-1,
  1536,1537,1538,-1,1539,1540,1541,-1,1542,1543,1544,-1,1545,1546,1547,-1,1548,1549,1550,-1,1551,1552,1553,-1,1554,1555,1556,-1,1557,1558,1559,-1,
  1560,1561,1562,-1,1563,1564,1565,-1,1566,1567,1568,-1,1569,1570,1571,-1,1572,1573,1574,-1,1575,1576,1577,-1,1578,1579,1580,-1,1581,1582,1583,-1,
  1584,1585,1586,-1,1587,1588,1589,-1,1590,1591,1592,-1,1593,1594,1595,-1,1596,1597,1598,-1,1599,1600,1601,-1,1602,1603,1604,-1,1605,1606,1607,-1,
  1608,1609,1610,-1,1611,1612,1613,-1,1614,1615,1616,-1,1617,1618,1619,-1,1620,1621,1622,-1,1623,1624,1625,-1,1626,1627,1628,-1,1629,1630,1631,-1,
  1632,1633,1634,-1,1635,1636,1637,-1,1638,1639,1640,-1,1641,1642,1643,-1,1644,1645,1646,-1,1647,1648,1649,-1,1650,1651,1652,-1,1653,1654,1655,-1,
  1656,1657,1658,-1,1659,1660,1661,-1,1662,1663,1664,-1,1665,1666,1667,-1,1668,1669,1670,-1,1671,1672,1673,-1,1674,1675,1676,-1,1677,1678,1679,-1,
  1680,1681,1682,-1,1683,1684,1685,-1,1686,1687,1688,-1,1689,1690,1691,-1,1692,1693,1694,-1,1695,1696,1697,-1,1698,1699,1700,-1,1701,1702,1703,-1,
  1704,1705,1706,-1,1707,1708,1709,-1,1710,1711,1712,-1,1713,1714,1715,-1,1716,1717,1718,-1,1719,1720,1721,-1,1722,1723,1724,-1,1725,1726,1727,-1,
  1728,1729,1730,-1,1731,1732,1733,-1,1734,1735,1736,-1,1737,1738,1739,-1,1740,1741,1742,-1,1743,1744,1745,-1,1746,1747,1748,-1,1749,1750,1751,-1,
  1752,1753,1754,-1,1755,1756,1757,-1,1758,1759,1760,-1,1761,1762,1763,-1,1764,1765,1766,-1,1767,1768,1769,-1,1770,1771,1772,-1,1773,1774,1775,-1,
  1776,1777,1778,-1,1779,1780,1781,-1,1782,1783,1784,-1,1785,1786,1787,-1,1788,1789,1790,-1,1791,1792,1793,-1,1794,1795,1796,-1,1797,1798,1799,-1,
  1800,1801,1802,-1,1803,1804,1805,-1,1806,1807,1808,-1,1809,1810,1811,-1,1812,1813,1814,-1,1815,1816,1817,-1,1818,1819,1820,-1,1821,1822,1823,-1,
  1824,1825,1826,-1,1827,1828,1829,-1,1830,1831,1832,-1,1833,1834,1835,-1,1836,1837,1838,-1,1839,1840,1841,-1,1842,1843,1844,-1,1845,1846,1847,-1,
  1848,1849,1850,-1,1851,1852,1853,-1,1854,1855,1856,-1,1857,1858,1859,-1,1860,1861,1862,-1,1863,1864,1865,-1,1866,1867,1868,-1,1869,1870,1871,-1,
  1872,1873,1874,-1,1875,1876,1877,-1,1878,1879,1880,-1,1881,1882,1883,-1,1884,1885,1886,-1,1887,1888,1889,-1,1890,1891,1892,-1,1893,1894,1895,-1,
  1896,1897,1898,-1,1899,1900,1901,-1,1902,1903,1904,-1,1905,1906,1907,-1,1908,1909,1910,-1,1911,1912,1913,-1,1914,1915,1916,-1,1917,1918,1919,-1,
  1920,1921,1922,-1,1923,1924,1925,-1,1926,1927,1928,-1,1929,1930,1931,-1,1932,1933,1934,-1,1935,1936,1937,-1,1938,1939,1940,-1,1941,1942,1943,-1,
  1944,1945,1946,-1,1947,1948,1949,-1,1950,1951,1952,-1,1953,1954,1955,-1,1956,1957,1958,-1,1959,1960,1961,-1,1962,1963,1964,-1,1965,1966,1967,-1,
  1968,1969,1970,-1,1971,1972,1973,-1,1974,1975,1976,-1,1977,1978,1979,-1,1980,1981,1982,-1,1983,1984,1985,-1,1986,1987,1988,-1,1989,1990,1991,-1,
  1992,1993,1994,-1,1995,1996,1997,-1,1998,1999,2000,-1,2001,2002,2003,-1,2004,2005,2006,-1,2007,2008,2009,-1,2010,2011,2012,-1,2013,2014,2015,-1,
  2016,2017,2018,-1,2019,2020,2021,-1,2022,2023,2024,-1,2025,2026,2027,-1,2028,2029,2030,-1,2031,2032,2033,-1,2034,2035,2036,-1,2037,2038,2039,-1,
  2040,2041,2042,-1,2043,2044,2045,-1,2046,2047,2048,-1,2049,2050,2051,-1,2052,2053,2054,-1,2055,2056,2057,-1,2058,2059,2060,-1,2061,2062,2063,-1,
  2064,2065,2066,-1,2067,2068,2069,-1,2070,2071,2072,-1,2073,2074,2075,-1,2076,2077,2078,-1,2079,2080,2081,-1,2082,2083,2084,-1,2085,2086,2087,-1,
  2088,2089,2090,-1,2091,2092,2093,-1,2094,2095,2096,-1,2097,2098,2099,-1,2100,2101,2102,-1,2103,2104,2105,-1,2106,2107,2108,-1,2109,2110,2111,-1,
  2112,2113,2114,-1,2115,2116,2117,-1,2118,2119,2120,-1,2121,2122,2123,-1,2124,2125,2126,-1,2127,2128,2129,-1,2130,2131,2132,-1,2133,2134,2135,-1,
  2136,2137,2138,-1,2139,2140,2141,-1,2142,2143,2144,-1,2145,2146,2147,-1,2148,2149,2150,-1,2151,2152,2153,-1,2154,2155,2156,-1,2157,2158,2159,-1,
  2160,2161,2162,-1,2163,2164,2165,-1,2166,2167,2168,-1,2169,2170,2171,-1,2172,2173,2174,-1,2175,2176,2177,-1,2178,2179,2180,-1,2181,2182,2183,-1,
  2184,2185,2186,-1,2187,2188,2189,-1,2190,2191,2192,-1,2193,2194,2195,-1,2196,2197,2198,-1,2199,2200,2201,-1,2202,2203,2204,-1,2205,2206,2207,-1,
  2208,2209,2210,-1,2211,2212,2213,-1,2214,2215,2216,-1,2217,2218,2219,-1,2220,2221,2222,-1,2223,2224,2225,-1,2226,2227,2228,-1,2229,2230,2231,-1,
  2232,2233,2234,-1,2235,2236,2237,-1,2238,2239,2240,-1,2241,2242,2243,-1,2244,2245,2246,-1,2247,2248,2249,-1,2250,2251,2252,-1,2253,2254,2255,-1,
  2256,2257,2258,-1,2259,2260,2261,-1,2262,2263,2264,-1,2265,2266,2267,-1,2268,2269,2270,-1,2271,2272,2273,-1,2274,2275,2276,-1,2277,2278,2279,-1,
  2280,2281,2282,-1,2283,2284,2285,-1,2286,2287,2288,-1,2289,2290,2291,-1,2292,2293,2294,-1,2295,2296,2297,-1,2298,2299,2300,-1,2301,2302,2303,-1,
  2304,2305,2306,-1,2307,2308,2309,-1,2310,2311,2312,-1,2313,2314,2315,-1,2316,2317,2318,-1,2319,2320,2321,-1,2322,2323,2324,-1,2325,2326,2327,-1,
  2328,2329,2330,-1,2331,2332,2333,-1,2334,2335,2336,-1,2337,2338,2339,-1,2340,2341,2342,-1,2343,2344,2345,-1,2346,2347,2348,-1,2349,2350,2351,-1,
  2352,2353,2354,-1,2355,2356,2357,-1,2358,2359,2360,-1,2361,2362,2363,-1,2364,2365,2366,-1,2367,2368,2369,-1,2370,2371,2372,-1,2373,2374,2375,-1,
  2376,2377,2378,-1,2379,2380,2381,-1,2382,2383,2384,-1,2385,2386,2387,-1,2388,2389,2390,-1,2391,2392,2393,-1,2394,2395,2396,-1,2397,2398,2399,-1,
  2400,2401,2402,-1,2403,2404,2405,-1,2406,2407,2408,-1,2409,2410,2411,-1,2412,2413,2414,-1,2415,2416,2417,-1,2418,2419,2420,-1,2421,2422,2423,-1,
  2424,2425,2426,-1,2427,2428,2429,-1,2430,2431,2432,-1,2433,2434,2435,-1,2436,2437,2438,-1,2439,2440,2441,-1,2442,2443,2444,-1,2445,2446,2447,-1,
  2448,2449,2450,-1,2451,2452,2453,-1]
  normalPerVertex TRUE
  normal DEF NORM_2 Normal { vector [
  0.98078528 -0.19509032 0,0.98078528 -0.19509032 0,
  0.98078528 -0.19509032 0,0.98078528 -0.19509032 0,
  0.98078528 -0.19509032 0,0.98078528 -0.19509032 0,
  0.83146961 -0.55557023 0,0.83146961 -0.55557023 0,
  0.83146961 -0.55557023 0,0.83146961 -0.55557023 0,
  0.83146961 -0.55557023 0,0.83146961 -0.55557023 0,
  0.55557023 -0.83146961 0,0.55557023 -0.83146961 0,
  0.55557023 -0.83146961 0,0.55557023 -0.83146961 0,
  0.55557023 -0.83146961 0,0.55557023 -0.83146961 0,
  0.19509032 -0.98078528 0,0.19509032 -0.98078528 0,
  0.19509032 -0.98078528 0,0.19509032 -0.98078528 0,
  0.19509032 -0.98078528 0,0.19509032 -0.98078528 0,
  -0.19509032 -0.98078528 0,-0.19509032 -0.98078528 0,
  -0.19509032 -0.98078528 0,-0.19509032 -0.98078528 0,
  -0.19509032 -0.98078528 0,-0.19509032 -0.98078528 0,
  -0.55557023 -0.83146961 0,-0.55557023 -0.83146961 0,
  -0.55557023 -0.83146961 0,-0.55557023 -0.83146961 0,
  -0.55557023 -0.83146961 0,-0.55557023 -0.83146961 0,
  -0.83146961 -0.55557023 0,-0.83146961 -0.55557023 0,
  -0.83146961 -0.55557023 0,-0.83146961 -0.55557023 0,
  -0.83146961 -0.55557023 0,-0.83146961 -0.55557023 0,
  -0.98078528 -0.19509032 0,-0.98078528 -0.19509032 0,
  -0.98078528 -0.19509032 0,-0.98078528 -0.19509032 0,
  -0.98078528 -0.19509032 0,-0.98078528 -0.19509032 0,
  -0.98078528 0.19509032 0,-0.98078528 0.19509032 0,
  -0.98078528 0.19509032 0,-0.98078528 0.19509032 0,
  -0.98078528 0.19509032 0,-0.98078528 0.19509032 0,
  -0.83146961 0.55557023 0,-0.83146961 0.55557023 0,
  -0.83146961 0.55557023 0,-0.83146961 0.55557023 0,
  -0.83146961 0.55557023 0,-0.83146961 0.55557023 0,
  -0.55557023 0.83146961 0,-0.55557023 0.83146961 0,
  -0.55557023 0.83146961 0,-0.55557023 0.83146961 0,
  -0.55557023 0.83146961 0,-0.55557023 0.83146961 0,
  -0.19509032 0.98078528 0,-0.19509032 0.98078528 0,
  -0.19509032 0.98078528 0,-0.19509032 0.98078528 0,
  -0.19509032 0.98078528 0,-0.19509032 0.98078528 0,
  0.19509032 0.98078528 0,0.19509032 0.98078528 0,
  0.19509032 0.98078528 0,0.19509032 0.98078528 0,
  0.19509032 0.98078528 0,0.19509032 0.98078528 0,
  0.55557023 0.83146961 0,0.55557023 0.83146961 0,
  0.55557023 0.83146961 0,0.55557023 0.83146961 0,
  0.55557023 0.83146961 0,0.55557023 0.83146961 0,
  0.83146961 0.55557023 0,0.83146961 0.55557023 0,
  0.83146961 0.55557023 0,0.83146961 0.55557023 0,
  0.83146961 0.55557023 0,0.83146961 0.55557023 0,
  0.98078528 0.19509032 0,0.98078528 0.19509032 0,
  0.98078528 0.19509032 0,0.98078528 0.19509032 0,
  0.98078528 0.19509032 0,0.98078528 0.19509032 0,
  -0.98078528 0.19509032 0,-0.98078528 0.19509032 0,
  -0.98078528 0.19509032 0,-0.98078528 0.19509032 0,
  -0.98078528 0.19509032 0,-0.98078528 0.19509032 0,
  -0.83146961 0.55557023 0,-0.83146961 0.55557023 0,
  -0.83146961 0.55557023 0,-0.83146961 0.55557023 0,
  -0.83146961 0.55557023 0,-0.83146961 0.55557023 0,
  -0.55557023 0.83146961 0,-0.55557023 0.83146961 0,
  -0.55557023 0.83146961 0,-0.55557023 0.83146961 0,
  -0.55557023 0.83146961 0,-0.55557023 0.83146961 0,
  -0.19509032 0.98078528 0,-0.19509032 0.98078528 0,
  -0.19509032 0.98078528 0,-0.19509032 0.98078528 0,
  -0.19509032 0.98078528 0,-0.19509032 0.98078528 0,
  0.19509032 0.98078528 0,0.19509032 0.98078528 0,
  0.19509032 0.98078528 0,0.19509032 0.98078528 0,
  0.19509032 0.98078528 0,0.19509032 0.98078528 0,
  0.55557023 0.83146961 0,0.55557023 0.83146961 0,
  0.55557023 0.83146961 0,0.55557023 0.83146961 0,
  0.55557023 0.83146961 0,0.55557023 0.83146961 0,
  0.83146961 0.55557023 0,0.83146961 0.55557023 0,
  0.83146961 0.55557023 0,0.83146961 0.55557023 0,
  0.83146961 0.55557023 0,0.83146961 0.55557023 0,
  0.98078528 0.19509032 0,0.98078528 0.19509032 0,
  0.98078528 0.19509032 0,0.98078528 0.19509032 0,
  0.98078528 0.19509032 0,0.98078528 0.19509032 0,
  0.98078528 -0.19509032 0,0.98078528 -0.19509032 0,
  0.98078528 -0.19509032 0,0.98078528 -0.19509032 0,
  0.98078528 -0.19509032 0,0.98078528 -0.19509032 0,
  0.83146961 -0.55557023 0,0.83146961 -0.55557023 0,
  0.83146961 -0.55557023 0,0.83146961 -0.55557023 0,
  0.83146961 -0.55557023 0,0.83146961 -0.55557023 0,
  0.55557023 -0.83146961 0,0.55557023 -0.83146961 0,
  0.55557023 -0.83146961 0,0.55557023 -0.83146961 0,
  0.55557023 -0.83146961 0,0.55557023 -0.83146961 0,
  0.19509032 -0.98078528 0,0.19509032 -0.98078528 0,
  0.19509032 -0.98078528 0,0.19509032 -0.98078528 0,
  0.19509032 -0.98078528 0,0.19509032 -0.98078528 0,
  -0.19509032 -0.98078528 0,-0.19509032 -0.98078528 0,
  -0.19509032 -0.98078528 0,-0.19509032 -0.98078528 0,
  -0.19509032 -0.98078528 0,-0.19509032 -0.98078528 0,
  -0.55557023 -0.83146961 0,-0.55557023 -0.83146961 0,
  -0.55557023 -0.83146961 0,-0.55557023 -0.83146961 0,
  -0.55557023 -0.83146961 0,-0.55557023 -0.83146961 0,
  -0.83146961 -0.55557023 0,-0.83146961 -0.55557023 0,
  -0.83146961 -0.55557023 0,-0.83146961 -0.55557023 0,
  -0.83146961 -0.55557023 0,-0.83146961 -0.55557023 0,
  -0.98078528 -0.19509032 0,-0.98078528 -0.19509032 0,
  -0.98078528 -0.19509032 0,-0.98078528 -0.19509032 0,
  -0.98078528 -0.19509032 0,-0.98078528 -0.19509032 0,
  -0.98078528 0.19509032 0,-0.98078528 0.19509032 0,
  -0.98078528 0.19509032 0,-0.98078528 0.19509032 0,
  -0.98078528 0.19509032 0,-0.98078528 0.19509032 0,
  -0.83146961 0.55557023 0,-0.83146961 0.55557023 0,
  -0.83146961 0.55557023 0,-0.83146961 0.55557023 0,
  -0.83146961 0.55557023 0,-0.83146961 0.55557023 0,
  -0.55557023 0.83146961 0,-0.55557023 0.83146961 0,
  -0.55557023 0.83146961 0,-0.55557023 0.83146961 0,
  -0.55557023 0.83146961 0,-0.55557023 0.83146961 0,
  -0.19509032 0.98078528 0,-0.19509032 0.98078528 0,
  -0.19509032 0.98078528 0,-0.19509032 0.98078528 0,
  -0.19509032 0.98078528 0,-0.19509032 0.98078528 0,
  0.19509032 0.98078528 0,0.19509032 0.98078528 0,
  0.19509032 0.98078528 0,0.19509032 0.98078528 0,
  0.19509032 0.98078528 0,0.19509032 0.98078528 0,
  0.55557023 0.83146961 0,0.55557023 0.83146961 0,
  0.55557023 0.83146961 0,0.55557023 0.83146961 0,
  0.55557023 0.83146961 0,0.55557023 0.83146961 0,
  0.83146961 0.55557023 0,0.83146961 0.55557023 0,
  0.83146961 0.55557023 0,0.83146961 0.55557023 0,
  0.83146961 0.55557023 0,0.83146961 0.55557023 0,
  0.98078528 0.19509032 0,0.98078528 0.19509032 0,
  0.98078528 0.19509032 0,0.98078528 0.19509032 0,
  0.98078528 0.19509032 0,0.98078528 0.19509032 0,
  0.98078528 -0.19509032 0,0.98078528 -0.19509032 0,
  0.98078528 -0.19509032 0,0.98078528 -0.19509032 0,
  0.98078528 -0.19509032 0,0.98078528 -0.19509032 0,
  0.83146961 -0.55557023 0,0.83146961 -0.55557023 0,
  0.83146961 -0.55557023 0,0.83146961 -0.55557023 0,
  0.83146961 -0.55557023 0,0.83146961 -0.55557023 0,
  0.55557023 -0.83146961 0,0.55557023 -0.83146961 0,
  0.55557023 -0.83146961 0,0.55557023 -0.83146961 0,
  0.55557023 -0.83146961 0,0.55557023 -0.83146961 0,
  0.19509032 -0.98078528 0,0.19509032 -0.98078528 0,
  0.19509032 -0.98078528 0,0.19509032 -0.98078528 0,
  0.19509032 -0.98078528 0,0.19509032 -0.98078528 0,
  -0.19509032 -0.98078528 0,-0.19509032 -0.98078528 0,
  -0.19509032 -0.98078528 0,-0.19509032 -0.98078528 0,
  -0.19509032 -0.98078528 0,-0.19509032 -0.98078528 0,
  -0.55557023 -0.83146961 0,-0.55557023 -0.83146961 0,
  -0.55557023 -0.83146961 0,-0.55557023 -0.83146961 0,
  -0.55557023 -0.83146961 0,-0.55557023 -0.83146961 0,
  -0.83146961 -0.55557023 0,-0.83146961 -0.55557023 0,
  -0.83146961 -0.55557023 0,-0.83146961 -0.55557023 0,
  -0.83146961 -0.55557023 0,-0.83146961 -0.55557023 0,
  -0.98078528 -0.19509032 0,-0.98078528 -0.19509032 0,
  -0.98078528 -0.19509032 0,-0.98078528 -0.19509032 0,
  -0.98078528 -0.19509032 0,-0.98078528 -0.19509032 0,
  0.98078528 -0.19509032 0,0.98078528 -0.19509032 0,
  0.98078528 -0.19509032 0,0.98078528 -0.19509032 0,
  0.98078528 -0.19509032 0,0.98078528 -0.19509032 0,
  0.83146961 -0.55557023 0,0.83146961 -0.55557023 0,
  0.83146961 -0.55557023 0,0.83146961 -0.55557023 0,
  0.83146961 -0.55557023 0,0.83146961 -0.55557023 0,
  0.55557023 -0.83146961 0,0.55557023 -0.83146961 0,
  0.55557023 -0.83146961 0,0.55557023 -0.83146961 0,
  0.55557023 -0.83146961 0,0.55557023 -0.83146961 0,
  0.19509032 -0.98078528 0,0.19509032 -0.98078528 0,
  0.19509032 -0.98078528 0,0.19509032 -0.98078528 0,
  0.19509032 -0.98078528 0,0.19509032 -0.98078528 0,
  -0.19509032 -0.98078528 0,-0.19509032 -0.98078528 0,
  -0.19509032 -0.98078528 0,-0.19509032 -0.98078528 0,
  -0.19509032 -0.98078528 0,-0.19509032 -0.98078528 0,
  -0.55557023 -0.83146961 0,-0.55557023 -0.83146961 0,
  -0.55557023 -0.83146961 0,-0.55557023 -0.83146961 0,
  -0.55557023 -0.83146961 0,-0.55557023 -0.83146961 0,
  -0.83146961 -0.55557023 0,-0.83146961 -0.55557023 0,
  -0.83146961 -0.55557023 0,-0.83146961 -0.55557023 0,
  -0.83146961 -0.55557023 0,-0.83146961 -0.55557023 0,
  -0.98078528 -0.19509032 0,-0.98078528 -0.19509032 0,
  -0.98078528 -0.19509032 0,-0.98078528 -0.19509032 0,
  -0.98078528 -0.19509032 0,-0.98078528 -0.19509032 0,
  -0.98078528 0.19509032 0,-0.98078528 0.19509032 0,
  -0.98078528 0.19509032 0,-0.98078528 0.19509032 0,
  -0.98078528 0.19509032 0,-0.98078528 0.19509032 0,
  -0.83146961 0.55557023 0,-0.83146961 0.55557023 0,
  -0.83146961 0.55557023 0,-0.83146961 0.55557023 0,
  -0.83146961 0.55557023 0,-0.83146961 0.55557023 0,
  -0.55557023 0.83146961 0,-0.55557023 0.83146961 0,
  -0.55557023 0.83146961 0,-0.55557023 0.83146961 0,
  -0.55557023 0.83146961 0,-0.55557023 0.83146961 0,
  -0.19509032 0.98078528 0,-0.19509032 0.98078528 0,
  -0.19509032 0.98078528 0,-0.19509032 0.98078528 0,
  -0.19509032 0.98078528 0,-0.19509032 0.98078528 0,
  0.19509032 0.98078528 0,0.19509032 0.98078528 0,
  0.19509032 0.98078528 0,0.19509032 0.98078528 0,
  0.19509032 0.98078528 0,0.19509032 0.98078528 0,
  0.55557023 0.83146961 0,0.55557023 0.83146961 0,
  0.55557023 0.83146961 0,0.55557023 0.83146961 0,
  0.55557023 0.83146961 0,0.55557023 0.83146961 0,
  0.83146961 0.55557023 0,0.83146961 0.55557023 0,
  0.83146961 0.55557023 0,0.83146961 0.55557023 0,
  0.83146961 0.55557023 0,0.83146961 0.55557023 0,
  0.98078528 0.19509032 0,0.98078528 0.19509032 0,
  0.98078528 0.19509032 0,0.98078528 0.19509032 0,
  0.98078528 0.19509032 0,0.98078528 0.19509032 0,
  -0.98078528 0.19509032 0,-0.98078528 0.19509032 0,
  -0.98078528 0.19509032 0,-0.98078528 0.19509032 0,
  -0.98078528 0.19509032 0,-0.98078528 0.19509032 0,
  -0.83146961 0.55557023 0,-0.83146961 0.55557023 0,
  -0.83146961 0.55557023 0,-0.83146961 0.55557023 0,
  -0.83146961 0.55557023 0,-0.83146961 0.55557023 0,
  -0.55557023 0.83146961 0,-0.55557023 0.83146961 0,
  -0.55557023 0.83146961 0,-0.55557023 0.83146961 0,
  -0.55557023 0.83146961 0,-0.55557023 0.83146961 0,
  -0.19509032 0.98078528 0,-0.19509032 0.98078528 0,
  -0.19509032 0.98078528 0,-0.19509032 0.98078528 0,
  -0.19509032 0.98078528 0,-0.19509032 0.98078528 0,
  0.19509032 0.98078528 0,0.19509032 0.98078528 0,
  0.19509032 0.98078528 0,0.19509032 0.98078528 0,
  0.19509032 0.98078528 0,0.19509032 0.98078528 0,
  0.55557023 0.83146961 0,0.55557023 0.83146961 0,
  0.55557023 0.83146961 0,0.55557023 0.83146961 0,
  0.55557023 0.83146961 0,0.55557023 0.83146961 0,
  0.83146961 0.55557023 0,0.83146961 0.55557023 0,
  0.83146961 0.55557023 0,0.83146961 0.55557023 0,
  0.83146961 0.55557023 0,0.83146961 0.55557023 0,
  0.98078528 0.19509032 0,0.98078528 0.19509032 0,
  0.98078528 0.19509032 0,0.98078528 0.19509032 0,
  0.98078528 0.19509032 0,0.98078528 0.19509032 0,
  0.98078528 -0.19509032 0,0.98078528 -0.19509032 0,
  0.98078528 -0.19509032 0,0.98078528 -0.19509032 0,
  0.98078528 -0.19509032 0,0.98078528 -0.19509032 0,
  0.83146961 -0.55557023 0,0.83146961 -0.55557023 0,
  0.83146961 -0.55557023 0,0.83146961 -0.55557023 0,
  0.83146961 -0.55557023 0,0.83146961 -0.55557023 0,
  0.55557023 -0.83146961 0,0.55557023 -0.83146961 0,
  0.55557023 -0.83146961 0,0.55557023 -0.83146961 0,
  0.55557023 -0.83146961 0,0.55557023 -0.83146961 0,
  0.19509032 -0.98078528 0,0.19509032 -0.98078528 0,
  0.19509032 -0.98078528 0,0.19509032 -0.98078528 0,
  0.19509032 -0.98078528 0,0.19509032 -0.98078528 0,
  -0.19509032 -0.98078528 0,-0.19509032 -0.98078528 0,
  -0.19509032 -0.98078528 0,-0.19509032 -0.98078528 0,
  -0.19509032 -0.98078528 0,-0.19509032 -0.98078528 0,
  -0.55557023 -0.83146961 0,-0.55557023 -0.83146961 0,
  -0.55557023 -0.83146961 0,-0.55557023 -0.83146961 0,
  -0.55557023 -0.83146961 0,-0.55557023 -0.83146961 0,
  -0.83146961 -0.55557023 0,-0.83146961 -0.55557023 0,
  -0.83146961 -0.55557023 0,-0.83146961 -0.55557023 0,
  -0.83146961 -0.55557023 0,-0.83146961 -0.55557023 0,
  -0.98078528 -0.19509032 0,-0.98078528 -0.19509032 0,
  -0.98078528 -0.19509032 0,-0.98078528 -0.19509032 0,
  -0.98078528 -0.19509032 0,-0.98078528 -0.19509032 0,
  0.98078528 -0.19509032 0,0.98078528 -0.19509032 0,
  0.98078528 -0.19509032 0,0.98078528 -0.19509032 0,
  0.98078528 -0.19509032 0,0.98078528 -0.19509032 0,
  0.83146961 -0.55557023 0,0.83146961 -0.55557023 0,
  0.83146961 -0.55557023 0,0.83146961 -0.55557023 0,
  0.83146961 -0.55557023 0,0.83146961 -0.55557023 0,
  0.55557023 -0.83146961 0,0.55557023 -0.83146961 0,
  0.55557023 -0.83146961 0,0.55557023 -0.83146961 0,
  0.55557023 -0.83146961 0,0.55557023 -0.83146961 0,
  0.19509032 -0.98078528 0,0.19509032 -0.98078528 0,
  0.19509032 -0.98078528 0,0.19509032 -0.98078528 0,
  0.19509032 -0.98078528 0,0.19509032 -0.98078528 0,
  -0.19509032 -0.98078528 0,-0.19509032 -0.98078528 0,
  -0.19509032 -0.98078528 0,-0.19509032 -0.98078528 0,
  -0.19509032 -0.98078528 0,-0.19509032 -0.98078528 0,
  -0.55557023 -0.83146961 0,-0.55557023 -0.83146961 0,
  -0.55557023 -0.83146961 0,-0.55557023 -0.83146961 0,
  -0.55557023 -0.83146961 0,-0.55557023 -0.83146961 0,
  -0.83146961 -0.55557023 0,-0.83146961 -0.55557023 0,
  -0.83146961 -0.55557023 0,-0.83146961 -0.55557023 0,
  -0.83146961 -0.55557023 0,-0.83146961 -0.55557023 0,
  -0.98078528 -0.19509032 0,-0.98078528 -0.19509032 0,
  -0.98078528 -0.19509032 0,-0.98078528 -0.19509032 0,
  -0.98078528 -0.19509032 0,-0.98078528 -0.19509032 0,
  -0.98078528 0.19509032 0,-0.98078528 0.19509032 0,
  -0.98078528 0.19509032 0,-0.98078528 0.19509032 0,
  -0.98078528 0.19509032 0,-0.98078528 0.19509032 0,
  -0.83146961 0.55557023 0,-0.83146961 0.55557023 0,
  -0.83146961 0.55557023 0,-0.83146961 0.55557023 0,
  -0.83146961 0.55557023 0,-0.83146961 0.55557023 0,
  -0.55557023 0.83146961 0,-0.55557023 0.83146961 0,
  -0.55557023 0.83146961 0,-0.55557023 0.83146961 0,
  -0.55557023 0.83146961 0,-0.55557023 0.83146961 0,
  -0.19509032 0.98078528 0,-0.19509032 0.98078528 0,
  -0.19509032 0.98078528 0,-0.19509032 0.98078528 0,
  -0.19509032 0.98078528 0,-0.19509032 0.98078528 0,
  0.19509032 0.98078528 0,0.19509032 0.98078528 0,
  0.19509032 0.98078528 0,0.19509032 0.98078528 0,
  0.19509032 0.98078528 0,0.19509032 0.98078528 0,
  0.55557023 0.83146961 0,0.55557023 0.83146961 0,
  0.55557023 0.83146961 0,0.55557023 0.83146961 0,
  0.55557023 0.83146961 0,0.55557023 0.83146961 0,
  0.83146961 0.55557023 0,0.83146961 0.55557023 0,
  0.83146961 0.55557023 0,0.83146961 0.55557023 0,
  0.83146961 0.55557023 0,0.83146961 0.55557023 0,
  0.98078528 0.19509032 0,0.98078528 0.19509032 0,
  0.98078528 0.19509032 0,0.98078528 0.19509032 0,
  0.98078528 0.19509032 0,0.98078528 0.19509032 0,
  0.98078528 -0.19509032 0,0.98078528 -0.19509032 0,
  0.98078528 -0.19509032 0,0.98078528 -0.19509032 0,
  0.98078528 -0.19509032 0,0.98078528 -0.19509032 0,
  0.83146961 -0.55557023 0,0.83146961 -0.55557023 0,
  0.83146961 -0.55557023 0,0.83146961 -0.55557023 0,
  0.83146961 -0.55557023 0,0.83146961 -0.55557023 0,
  0.55557023 -0.83146961 0,0.55557023 -0.83146961 0,
  0.55557023 -0.83146961 0,0.55557023 -0.83146961 0,
  0.55557023 -0.83146961 0,0.55557023 -0.83146961 0,
  0.19509032 -0.98078528 0,0.19509032 -0.98078528 0,
  0.19509032 -0.98078528 0,0.19509032 -0.98078528 0,
  0.19509032 -0.98078528 0,0.19509032 -0.98078528 0,
  -0.19509032 -0.98078528 0,-0.19509032 -0.98078528 0,
  -0.19509032 -0.98078528 0,-0.19509032 -0.98078528 0,
  -0.19509032 -0.98078528 0,-0.19509032 -0.98078528 0,
  -0.55557023 -0.83146961 0,-0.55557023 -0.83146961 0,
  -0.55557023 -0.83146961 0,-0.55557023 -0.83146961 0,
  -0.55557023 -0.83146961 0,-0.55557023 -0.83146961 0,
  -0.83146961 -0.55557023 0,-0.83146961 -0.55557023 0,
  -0.83146961 -0.55557023 0,-0.83146961 -0.55557023 0,
  -0.83146961 -0.55557023 0,-0.83146961 -0.55557023 0,
  -0.98078528 -0.19509032 0,-0.98078528 -0.19509032 0,
  -0.98078528 -0.19509032 0,-0.98078528 -0.19509032 0,
  -0.98078528 -0.19509032 0,-0.98078528 -0.19509032 0,
  -0.98078528 0.19509032 0,-0.98078528 0.19509032 0,
  -0.98078528 0.19509032 0,-0.98078528 0.19509032 0,
  -0.98078528 0.19509032 0,-0.98078528 0.19509032 0,
  -0.83146961 0.55557023 0,-0.83146961 0.55557023 0,
  -0.83146961 0.55557023 0,-0.83146961 0.55557023 0,
  -0.83146961 0.55557023 0,-0.83146961 0.55557023 0,
  -0.55557023 0.83146961 0,-0.55557023 0.83146961 0,
  -0.55557023 0.83146961 0,-0.55557023 0.83146961 0,
  -0.55557023 0.83146961 0,-0.55557023 0.83146961 0,
  -0.19509032 0.98078528 0,-0.19509032 0.98078528 0,
  -0.19509032 0.98078528 0,-0.19509032 0.98078528 0,
  -0.19509032 0.98078528 0,-0.19509032 0.98078528 0,
  0.19509032 0.98078528 0,0.19509032 0.98078528 0,
  0.19509032 0.98078528 0,0.19509032 0.98078528 0,
  0.19509032 0.98078528 0,0.19509032 0.98078528 0,
  0.55557023 0.83146961 0,0.55557023 0.83146961 0,
  0.55557023 0.83146961 0,0.55557023 0.83146961 0,
  0.55557023 0.83146961 0,0.55557023 0.83146961 0,
  0.83146961 0.55557023 0,0.83146961 0.55557023 0,
  0.83146961 0.55557023 0,0.83146961 0.55557023 0,
  0.83146961 0.55557023 0,0.83146961 0.55557023 0,
  0.98078528 0.19509032 0,0.98078528 0.19509032 0,
  0.98078528 0.19509032 0,0.98078528 0.19509032 0,
  0.98078528 0.19509032 0,0.98078528 0.19509032 0,
  0.98078528 -0.19509032 0,0.98078528 -0.19509032 0,
  0.98078528 -0.19509032 0,0.98078528 -0.19509032 0,
  0.98078528 -0.19509032 0,0.98078528 -0.19509032 0,
  0.83146961 -0.55557023 0,0.83146961 -0.55557023 0,
  0.83146961 -0.55557023 0,0.83146961 -0.55557023 0,
  0.83146961 -0.55557023 0,0.83146961 -0.55557023 0,
  0.55557023 -0.83146961 0,0.55557023 -0.83146961 0,
  0.55557023 -0.83146961 0,0.55557023 -0.83146961 0,
  0.55557023 -0.83146961 0,0.55557023 -0.83146961 0,
  0.19509032 -0.98078528 0,0.19509032 -0.98078528 0,
  0.19509032 -0.98078528 0,0.19509032 -0.98078528 0,
  0.19509032 -0.98078528 0,0.19509032 -0.98078528 0,
  -0.19509032 -0.98078528 0,-0.19509032 -0.98078528 0,
  -0.19509032 -0.98078528 0,-0.19509032 -0.98078528 0,
  -0.19509032 -0.98078528 0,-0.19509032 -0.98078528 0,
  -0.55557023 -0.83146961 0,-0.55557023 -0.83146961 0,
  -0.55557023 -0.83146961 0,-0.55557023 -0.83146961 0,
  -0.55557023 -0.83146961 0,-0.55557023 -0.83146961 0,
  -0.83146961 -0.55557023 0,-0.83146961 -0.55557023 0,
  -0.83146961 -0.55557023 0,-0.83146961 -0.55557023 0,
  -0.83146961 -0.55557023 0,-0.83146961 -0.55557023 0,
  -0.98078528 -0.19509032 0,-0.98078528 -0.19509032 0,
  -0.98078528 -0.19509032 0,-0.98078528 -0.19509032 0,
  -0.98078528 -0.19509032 0,-0.98078528 -0.19509032 0,
  -0.98078528 0.19509032 0,-0.98078528 0.19509032 0,
  -0.98078528 0.19509032 0,-0.98078528 0.19509032 0,
  -0.98078528 0.19509032 0,-0.98078528 0.19509032 0,
  -0.83146961 0.55557023 0,-0.83146961 0.55557023 0,
  -0.83146961 0.55557023 0,-0.83146961 0.55557023 0,
  -0.83146961 0.55557023 0,-0.83146961 0.55557023 0,
  -0.55557023 0.83146961 0,-0.55557023 0.83146961 0,
  -0.55557023 0.83146961 0,-0.55557023 0.83146961 0,
  -0.55557023 0.83146961 0,-0.55557023 0.83146961 0,
  -0.19509032 0.98078528 0,-0.19509032 0.98078528 0,
  -0.19509032 0.98078528 0,-0.19509032 0.98078528 0,
  -0.19509032 0.98078528 0,-0.19509032 0.98078528 0,
  0.19509032 0.98078528 0,0.19509032 0.98078528 0,
  0.19509032 0.98078528 0,0.19509032 0.98078528 0,
  0.19509032 0.98078528 0,0.19509032 0.98078528 0,
  0.55557023 0.83146961 0,0.55557023 0.83146961 0,
  0.55557023 0.83146961 0,0.55557023 0.83146961 0,
  0.55557023 0.83146961 0,0.55557023 0.83146961 0,
  0.83146961 0.55557023 0,0.83146961 0.55557023 0,
  0.83146961 0.55557023 0,0.83146961 0.55557023 0,
  0.83146961 0.55557023 0,0.83146961 0.55557023 0,
  0.98078528 0.19509032 0,0.98078528 0.19509032 0,
  0.98078528 0.19509032 0,0.98078528 0.19509032 0,
  0.98078528 0.19509032 0,0.98078528 0.19509032 0,
  0.98078528 -0.19509032 0,0.98078528 -0.19509032 0,
  0.98078528 -0.19509032 0,0.98078528 -0.19509032 0,
  0.98078528 -0.19509032 0,0.98078528 -0.19509032 0,
  0.83146961 -0.55557023 0,0.83146961 -0.55557023 0,
  0.83146961 -0.55557023 0,0.83146961 -0.55557023 0,
  0.83146961 -0.55557023 0,0.83146961 -0.55557023 0,
  0.55557023 -0.83146961 0,0.55557023 -0.83146961 0,
  0.55557023 -0.83146961 0,0.55557023 -0.83146961 0,
  0.55557023 -0.83146961 0,0.55557023 -0.83146961 0,
  0.19509032 -0.98078528 0,0.19509032 -0.98078528 0,
  0.19509032 -0.98078528 0,0.19509032 -0.98078528 0,
  0.19509032 -0.98078528 0,0.19509032 -0.98078528 0,
  -0.19509032 -0.98078528 0,-0.19509032 -0.98078528 0,
  -0.19509032 -0.98078528 0,-0.19509032 -0.98078528 0,
  -0.19509032 -0.98078528 0,-0.19509032 -0.98078528 0,
  -0.55557023 -0.83146961 0,-0.55557023 -0.83146961 0,
  -0.55557023 -0.83146961 0,-0.55557023 -0.83146961 0,
  -0.55557023 -0.83146961 0,-0.55557023 -0.83146961 0,
  -0.83146961 -0.55557023 0,-0.83146961 -0.55557023 0,
  -0.83146961 -0.55557023 0,-0.83146961 -0.55557023 0,
  -0.83146961 -0.55557023 0,-0.83146961 -0.55557023 0,
  -0.98078528 -0.19509032 0,-0.98078528 -0.19509032 0,
  -0.98078528 -0.19509032 0,-0.98078528 -0.19509032 0,
  -0.98078528 -0.19509032 0,-0.98078528 -0.19509032 0,
  -0.98078528 0.19509032 0,-0.98078528 0.19509032 0,
  -0.98078528 0.19509032 0,-0.98078528 0.19509032 0,
  -0.98078528 0.19509032 0,-0.98078528 0.19509032 0,
  -0.83146961 0.55557023 0,-0.83146961 0.55557023 0,
  -0.83146961 0.55557023 0,-0.83146961 0.55557023 0,
  -0.83146961 0.55557023 0,-0.83146961 0.55557023 0,
  -0.55557023 0.83146961 0,-0.55557023 0.83146961 0,
  -0.55557023 0.83146961 0,-0.55557023 0.83146961 0,
  -0.55557023 0.83146961 0,-0.55557023 0.83146961 0,
  -0.19509032 0.98078528 0,-0.19509032 0.98078528 0,
  -0.19509032 0.98078528 0,-0.19509032 0.98078528 0,
  -0.19509032 0.98078528 0,-0.19509032 0.98078528 0,
  0.19509032 0.98078528 0,0.19509032 0.98078528 0,
  0.19509032 0.98078528 0,0.19509032 0.98078528 0,
  0.19509032 0.98078528 0,0.19509032 0.98078528 0,
  0.55557023 0.83146961 0,0.55557023 0.83146961 0,
  0.55557023 0.83146961 0,0.55557023 0.83146961 0,
  0.55557023 0.83146961 0,0.55557023 0.83146961 0,
  0.83146961 0.55557023 0,0.83146961 0.55557023 0,
  0.83146961 0.55557023 0,0.83146961 0.55557023 0,
  0.83146961 0.55557023 0,0.83146961 0.55557023 0,
  0.98078528 0.19509032 0,0.98078528 0.19509032 0,
  0.98078528 0.19509032 0,0.98078528 0.19509032 0,
  0.98078528 0.19509032 0,0.98078528 0.19509032 0,
  -0.98078528 0.19509032 0,-0.98078528 0.19509032 0,
  -0.98078528 0.19509032 0,-0.98078528 0.19509032 0,
  -0.98078528 0.19509032 0,-0.98078528 0.19509032 0,
  -0.83146961 0.55557023 0,-0.83146961 0.55557023 0,
  -0.83146961 0.55557023 0,-0.83146961 0.55557023 0,
  -0.83146961 0.55557023 0,-0.83146961 0.55557023 0,
  -0.55557023 0.83146961 0,-0.55557023 0.83146961 0,
  -0.55557023 0.83146961 0,-0.55557023 0.83146961 0,
  -0.55557023 0.83146961 0,-0.55557023 0.83146961 0,
  -0.19509032 0.98078528 0,-0.19509032 0.98078528 0,
  -0.19509032 0.98078528 0,-0.19509032 0.98078528 0,
  -0.19509032 0.98078528 0,-0.19509032 0.98078528 0,
  0.19509032 0.98078528 0,0.19509032 0.98078528 0,
  0.19509032 0.98078528 0,0.19509032 0.98078528 0,
  0.19509032 0.98078528 0,0.19509032 0.98078528 0,
  0.55557023 0.83146961 0,0.55557023 0.83146961 0,
  0.55557023 0.83146961 0,0.55557023 0.83146961 0,
  0.55557023 0.83146961 0,0.55557023 0.83146961 0,
  0.83146961 0.55557023 0,0.83146961 0.55557023 0,
  0.83146961 0.55557023 0,0.83146961 0.55557023 0,
  0.83146961 0.55557023 0,0.83146961 0.55557023 0,
  0.98078528 0.19509032 0,0.98078528 0.19509032 0,
  0.98078528 0.19509032 0,0.98078528 0.19509032 0,
  0.98078528 0.19509032 0,0.98078528 0.19509032 0,
  0.98078528 -0.19509032 0,0.98078528 -0.19509032 0,
  0.98078528 -0.19509032 0,0.98078528 -0.19509032 0,
  0.98078528 -0.19509032 0,0.98078528 -0.19509032 0,
  0.83146961 -0.55557023 0,0.83146961 -0.55557023 0,
  0.83146961 -0.55557023 0,0.83146961 -0.55557023 0,
  0.83146961 -0.55557023 0,0.83146961 -0.55557023 0,
  0.55557023 -0.83146961 0,0.55557023 -0.83146961 0,
  0.55557023 -0.83146961 0,0.55557023 -0.83146961 0,
  0.55557023 -0.83146961 0,0.55557023 -0.83146961 0,
  0.19509032 -0.98078528 0,0.19509032 -0.98078528 0,
  0.19509032 -0.98078528 0,0.19509032 -0.98078528 0,
  0.19509032 -0.98078528 0,0.19509032 -0.98078528 0,
  -0.19509032 -0.98078528 0,-0.19509032 -0.98078528 0,
  -0.19509032 -0.98078528 0,-0.19509032 -0.98078528 0,
  -0.19509032 -0.98078528 0,-0.19509032 -0.98078528 0,
  -0.55557023 -0.83146961 0,-0.55557023 -0.83146961 0,
  -0.55557023 -0.83146961 0,-0.55557023 -0.83146961 0,
  -0.55557023 -0.83146961 0,-0.55557023 -0.83146961 0,
  -0.83146961 -0.55557023 0,-0.83146961 -0.55557023 0,
  -0.83146961 -0.55557023 0,-0.83146961 -0.55557023 0,
  -0.83146961 -0.55557023 0,-0.83146961 -0.55557023 0,
  -0.98078528 -0.19509032 0,-0.98078528 -0.19509032 0,
  -0.98078528 -0.19509032 0,-0.98078528 -0.19509032 0,
  -0.98078528 -0.19509032 0,-0.98078528 -0.19509032 0,
  -0.98078528 0.19509032 0,-0.98078528 0.19509032 0,
  -0.98078528 0.19509032 0,-0.98078528 0.19509032 0,
  -0.98078528 0.19509032 0,-0.98078528 0.19509032 0,
  -0.83146961 0.55557023 0,-0.83146961 0.55557023 0,
  -0.83146961 0.55557023 0,-0.83146961 0.55557023 0,
  -0.83146961 0.55557023 0,-0.83146961 0.55557023 0,
  -0.55557023 0.83146961 0,-0.55557023 0.83146961 0,
  -0.55557023 0.83146961 0,-0.55557023 0.83146961 0,
  -0.55557023 0.83146961 0,-0.55557023 0.83146961 0,
  -0.19509032 0.98078528 0,-0.19509032 0.98078528 0,
  -0.19509032 0.98078528 0,-0.19509032 0.98078528 0,
  -0.19509032 0.98078528 0,-0.19509032 0.98078528 0,
  0.19509032 0.98078528 0,0.19509032 0.98078528 0,
  0.19509032 0.98078528 0,0.19509032 0.98078528 0,
  0.19509032 0.98078528 0,0.19509032 0.98078528 0,
  0.55557023 0.83146961 0,0.55557023 0.83146961 0,
  0.55557023 0.83146961 0,0.55557023 0.83146961 0,
  0.55557023 0.83146961 0,0.55557023 0.83146961 0,
  0.83146961 0.55557023 0,0.83146961 0.55557023 0,
  0.83146961 0.55557023 0,0.83146961 0.55557023 0,
  0.83146961 0.55557023 0,0.83146961 0.55557023 0,
  0.98078528 0.19509032 0,0.98078528 0.19509032 0,
  0.98078528 0.19509032 0,0.98078528 0.19509032 0,
  0.98078528 0.19509032 0,0.98078528 0.19509032 0,
  0.98078528 -0.19509032 0,0.98078528 -0.19509032 0,
  0.98078528 -0.19509032 0,0.98078528 -0.19509032 0,
  0.98078528 -0.19509032 0,0.98078528 -0.19509032 0,
  0.83146961 -0.55557023 0,0.83146961 -0.55557023 0,
  0.83146961 -0.55557023 0,0.83146961 -0.55557023 0,
  0.83146961 -0.55557023 0,0.83146961 -0.55557023 0,
  0.55557023 -0.83146961 0,0.55557023 -0.83146961 0,
  0.55557023 -0.83146961 0,0.55557023 -0.83146961 0,
  0.55557023 -0.83146961 0,0.55557023 -0.83146961 0,
  0.19509032 -0.98078528 0,0.19509032 -0.98078528 0,
  0.19509032 -0.98078528 0,0.19509032 -0.98078528 0,
  0.19509032 -0.98078528 0,0.19509032 -0.98078528 0,
  -0.19509032 -0.98078528 0,-0.19509032 -0.98078528 0,
  -0.19509032 -0.98078528 0,-0.19509032 -0.98078528 0,
  -0.19509032 -0.98078528 0,-0.19509032 -0.98078528 0,
  -0.55557023 -0.83146961 0,-0.55557023 -0.83146961 0,
  -0.55557023 -0.83146961 0,-0.55557023 -0.83146961 0,
  -0.55557023 -0.83146961 0,-0.55557023 -0.83146961 0,
  -0.83146961 -0.55557023 0,-0.83146961 -0.55557023 0,
  -0.83146961 -0.55557023 0,-0.83146961 -0.55557023 0,
  -0.83146961 -0.55557023 0,-0.83146961 -0.55557023 0,
  -0.98078528 -0.19509032 0,-0.98078528 -0.19509032 0,
  -0.98078528 -0.19509032 0,-0.98078528 -0.19509032 0,
  -0.98078528 -0.19509032 0,-0.98078528 -0.19509032 0,
  0.98078528 -0.19509032 0,0.98078528 -0.19509032 0,
  0.98078528 -0.19509032 0,0.98078528 -0.19509032 0,
  0.98078528 -0.19509032 0,0.98078528 -0.19509032 0,
  0.83146961 -0.55557023 0,0.83146961 -0.55557023 0,
  0.83146961 -0.55557023 0,0.83146961 -0.55557023 0,
  0.83146961 -0.55557023 0,0.83146961 -0.55557023 0,
  0.55557023 -0.83146961 0,0.55557023 -0.83146961 0,
  0.55557023 -0.83146961 0,0.55557023 -0.83146961 0,
  0.55557023 -0.83146961 0,0.55557023 -0.83146961 0,
  0.19509032 -0.98078528 0,0.19509032 -0.98078528 0,
  0.19509032 -0.98078528 0,0.19509032 -0.98078528 0,
  0.19509032 -0.98078528 0,0.19509032 -0.98078528 0,
  -0.19509032 -0.98078528 0,-0.19509032 -0.98078528 0,
  -0.19509032 -0.98078528 0,-0.19509032 -0.98078528 0,
  -0.19509032 -0.98078528 0,-0.19509032 -0.98078528 0,
  -0.55557023 -0.83146961 0,-0.55557023 -0.83146961 0,
  -0.55557023 -0.83146961 0,-0.55557023 -0.83146961 0,
  -0.55557023 -0.83146961 0,-0.55557023 -0.83146961 0,
  -0.83146961 -0.55557023 0,-0.83146961 -0.55557023 0,
  -0.83146961 -0.55557023 0,-0.83146961 -0.55557023 0,
  -0.83146961 -0.55557023 0,-0.83146961 -0.55557023 0,
  -0.98078528 -0.19509032 0,-0.98078528 -0.19509032 0,
  -0.98078528 -0.19509032 0,-0.98078528 -0.19509032 0,
  -0.98078528 -0.19509032 0,-0.98078528 -0.19509032 0,
  -0.98078528 0.19509032 0,-0.98078528 0.19509032 0,
  -0.98078528 0.19509032 0,-0.98078528 0.19509032 0,
  -0.98078528 0.19509032 0,-0.98078528 0.19509032 0,
  -0.83146961 0.55557023 0,-0.83146961 0.55557023 0,
  -0.83146961 0.55557023 0,-0.83146961 0.55557023 0,
  -0.83146961 0.55557023 0,-0.83146961 0.55557023 0,
  -0.55557023 0.83146961 0,-0.55557023 0.83146961 0,
  -0.55557023 0.83146961 0,-0.55557023 0.83146961 0,
  -0.55557023 0.83146961 0,-0.55557023 0.83146961 0,
  -0.19509032 0.98078528 0,-0.19509032 0.98078528 0,
  -0.19509032 0.98078528 0,-0.19509032 0.98078528 0,
  -0.19509032 0.98078528 0,-0.19509032 0.98078528 0,
  0.19509032 0.98078528 0,0.19509032 0.98078528 0,
  0.19509032 0.98078528 0,0.19509032 0.98078528 0,
  0.19509032 0.98078528 0,0.19509032 0.98078528 0,
  0.55557023 0.83146961 0,0.55557023 0.83146961 0,
  0.55557023 0.83146961 0,0.55557023 0.83146961 0,
  0.55557023 0.83146961 0,0.55557023 0.83146961 0,
  0.83146961 0.55557023 0,0.83146961 0.55557023 0,
  0.83146961 0.55557023 0,0.83146961 0.55557023 0,
  0.83146961 0.55557023 0,0.83146961 0.55557023 0,
  0.98078528 0.19509032 0,0.98078528 0.19509032 0,
  0.98078528 0.19509032 0,0.98078528 0.19509032 0,
  0.98078528 0.19509032 0,0.98078528 0.19509032 0,
  0.98078528 -0.19509032 0,0.98078528 -0.19509032 0,
  0.98078528 -0.19509032 0,0.98078528 -0.19509032 0,
  0.98078528 -0.19509032 0,0.98078528 -0.19509032 0,
  0.83146961 -0.55557023 0,0.83146961 -0.55557023 0,
  0.83146961 -0.55557023 0,0.83146961 -0.55557023 0,
  0.83146961 -0.55557023 0,0.83146961 -0.55557023 0,
  0.55557023 -0.83146961 0,0.55557023 -0.83146961 0,
  0.55557023 -0.83146961 0,0.55557023 -0.83146961 0,
  0.55557023 -0.83146961 0,0.55557023 -0.83146961 0,
  0.19509032 -0.98078528 0,0.19509032 -0.98078528 0,
  0.19509032 -0.98078528 0,0.19509032 -0.98078528 0,
  0.19509032 -0.98078528 0,0.19509032 -0.98078528 0,
  -0.19509032 -0.98078528 0,-0.19509032 -0.98078528 0,
  -0.19509032 -0.98078528 0,-0.19509032 -0.98078528 0,
  -0.19509032 -0.98078528 0,-0.19509032 -0.98078528 0,
  -0.55557023 -0.83146961 0,-0.55557023 -0.83146961 0,
  -0.55557023 -0.83146961 0,-0.55557023 -0.83146961 0,
  -0.55557023 -0.83146961 0,-0.55557023 -0.83146961 0,
  -0.83146961 -0.55557023 0,-0.83146961 -0.55557023 0,
  -0.83146961 -0.55557023 0,-0.83146961 -0.55557023 0,
  -0.83146961 -0.55557023 0,-0.83146961 -0.55557023 0,
  -0.98078528 -0.19509032 0,-0.98078528 -0.19509032 0,
  -0.98078528 -0.19509032 0,-0.98078528 -0.19509032 0,
  -0.98078528 -0.19509032 0,-0.98078528 -0.19509032 0,
  -0.98078528 0.19509032 0,-0.98078528 0.19509032 0,
  -0.98078528 0.19509032 0,-0.98078528 0.19509032 0,
  -0.98078528 0.19509032 0,-0.98078528 0.19509032 0,
  -0.83146961 0.55557023 0,-0.83146961 0.55557023 0,
  -0.83146961 0.55557023 0,-0.83146961 0.55557023 0,
  -0.83146961 0.55557023 0,-0.83146961 0.55557023 0,
  -0.55557023 0.83146961 0,-0.55557023 0.83146961 0,
  -0.55557023 0.83146961 0,-0.55557023 0.83146961 0,
  -0.55557023 0.83146961 0,-0.55557023 0.83146961 0,
  -0.19509032 0.98078528 0,-0.19509032 0.98078528 0,
  -0.19509032 0.98078528 0,-0.19509032 0.98078528 0,
  -0.19509032 0.98078528 0,-0.19509032 0.98078528 0,
  0.19509032 0.98078528 0,0.19509032 0.98078528 0,
  0.19509032 0.98078528 0,0.19509032 0.98078528 0,
  0.19509032 0.98078528 0,0.19509032 0.98078528 0,
  0.55557023 0.83146961 0,0.55557023 0.83146961 0,
  0.55557023 0.83146961 0,0.55557023 0.83146961 0,
  0.55557023 0.83146961 0,0.55557023 0.83146961 0,
  0.83146961 0.55557023 0,0.83146961 0.55557023 0,
  0.83146961 0.55557023 0,0.83146961 0.55557023 0,
  0.83146961 0.55557023 0,0.83146961 0.55557023 0,
  0.98078528 0.19509032 0,0.98078528 0.19509032 0,
  0.98078528 0.19509032 0,0.98078528 0.19509032 0,
  0.98078528 0.19509032 0,0.98078528 0.19509032 0,
  0.98078528 -0.19509032 0,0.98078528 -0.19509032 0,
  0.98078528 -0.19509032 0,0.98078528 -0.19509032 0,
  0.98078528 -0.19509032 0,0.98078528 -0.19509032 0,
  0.83146961 -0.55557023 0,0.83146961 -0.55557023 0,
  0.83146961 -0.55557023 0,0.83146961 -0.55557023 0,
  0.83146961 -0.55557023 0,0.83146961 -0.55557023 0,
  0.55557023 -0.83146961 0,0.55557023 -0.83146961 0,
  0.55557023 -0.83146961 0,0.55557023 -0.83146961 0,
  0.55557023 -0.83146961 0,0.55557023 -0.83146961 0,
  0.19509032 -0.98078528 0,0.19509032 -0.98078528 0,
  0.19509032 -0.98078528 0,0.19509032 -0.98078528 0,
  0.19509032 -0.98078528 0,0.19509032 -0.98078528 0,
  -0.19509032 -0.98078528 0,-0.19509032 -0.98078528 0,
  -0.19509032 -0.98078528 0,-0.19509032 -0.98078528 0,
  -0.19509032 -0.98078528 0,-0.19509032 -0.98078528 0,
  -0.55557023 -0.83146961 0,-0.55557023 -0.83146961 0,
  -0.55557023 -0.83146961 0,-0.55557023 -0.83146961 0,
  -0.55557023 -0.83146961 0,-0.55557023 -0.83146961 0,
  -0.83146961 -0.55557023 0,-0.83146961 -0.55557023 0,
  -0.83146961 -0.55557023 0,-0.83146961 -0.55557023 0,
  -0.83146961 -0.55557023 0,-0.83146961 -0.55557023 0,
  -0.98078528 -0.19509032 0,-0.98078528 -0.19509032 0,
  -0.98078528 -0.19509032 0,-0.98078528 -0.19509032 0,
  -0.98078528 -0.19509032 0,-0.98078528 -0.19509032 0,
  -0.98078528 0.19509032 0,-0.98078528 0.19509032 0,
  -0.98078528 0.19509032 0,-0.98078528 0.19509032 0,
  -0.98078528 0.19509032 0,-0.98078528 0.19509032 0,
  -0.83146961 0.55557023 0,-0.83146961 0.55557023 0,
  -0.83146961 0.55557023 0,-0.83146961 0.55557023 0,
  -0.83146961 0.55557023 0,-0.83146961 0.55557023 0,
  -0.55557023 0.83146961 0,-0.55557023 0.83146961 0,
  -0.55557023 0.83146961 0,-0.55557023 0.83146961 0,
  -0.55557023 0.83146961 0,-0.55557023 0.83146961 0,
  -0.19509032 0.98078528 0,-0.19509032 0.98078528 0,
  -0.19509032 0.98078528 0,-0.19509032 0.98078528 0,
  -0.19509032 0.98078528 0,-0.19509032 0.98078528 0,
  0.19509032 0.98078528 0,0.19509032 0.98078528 0,
  0.19509032 0.98078528 0,0.19509032 0.98078528 0,
  0.19509032 0.98078528 0,0.19509032 0.98078528 0,
  0.55557023 0.83146961 0,0.55557023 0.83146961 0,
  0.55557023 0.83146961 0,0.55557023 0.83146961 0,
  0.55557023 0.83146961 0,0.55557023 0.83146961 0,
  0.83146961 0.55557023 0,0.83146961 0.55557023 0,
  0.83146961 0.55557023 0,0.83146961 0.55557023 0,
  0.83146961 0.55557023 0,0.83146961 0.55557023 0,
  0.98078528 0.19509032 0,0.98078528 0.19509032 0,
  0.98078528 0.19509032 0,0.98078528 0.19509032 0,
  0.98078528 0.19509032 0,0.98078528 0.19509032 0,
  0.98078528 -0.19509032 0,0.98078528 -0.19509032 0,
  0.98078528 -0.19509032 0,0.98078528 -0.19509032 0,
  0.98078528 -0.19509032 0,0.98078528 -0.19509032 0,
  0.83146961 -0.55557023 0,0.83146961 -0.55557023 0,
  0.83146961 -0.55557023 0,0.83146961 -0.55557023 0,
  0.83146961 -0.55557023 0,0.83146961 -0.55557023 0,
  0.55557023 -0.83146961 0,0.55557023 -0.83146961 0,
  0.55557023 -0.83146961 0,0.55557023 -0.83146961 0,
  0.55557023 -0.83146961 0,0.55557023 -0.83146961 0,
  0.19509032 -0.98078528 0,0.19509032 -0.98078528 0,
  0.19509032 -0.98078528 0,0.19509032 -0.98078528 0,
  0.19509032 -0.98078528 0,0.19509032 -0.98078528 0,
  -0.19509032 -0.98078528 0,-0.19509032 -0.98078528 0,
  -0.19509032 -0.98078528 0,-0.19509032 -0.98078528 0,
  -0.19509032 -0.98078528 0,-0.19509032 -0.98078528 0,
  -0.55557023 -0.83146961 0,-0.55557023 -0.83146961 0,
  -0.55557023 -0.83146961 0,-0.55557023 -0.83146961 0,
  -0.55557023 -0.83146961 0,-0.55557023 -0.83146961 0,
  -0.83146961 -0.55557023 0,-0.83146961 -0.55557023 0,
  -0.83146961 -0.55557023 0,-0.83146961 -0.55557023 0,
  -0.83146961 -0.55557023 0,-0.83146961 -0.55557023 0,
  -0.98078528 -0.19509032 0,-0.98078528 -0.19509032 0,
  -0.98078528 -0.19509032 0,-0.98078528 -0.19509032 0,
  -0.98078528 -0.19509032 0,-0.98078528 -0.19509032 0,
  -0.98078528 0.19509032 0,-0.98078528 0.19509032 0,
  -0.98078528 0.19509032 0,-0.98078528 0.19509032 0,
  -0.98078528 0.19509032 0,-0.98078528 0.19509032 0,
  -0.83146961 0.55557023 0,-0.83146961 0.55557023 0,
  -0.83146961 0.55557023 0,-0.83146961 0.55557023 0,
  -0.83146961 0.55557023 0,-0.83146961 0.55557023 0,
  -0.55557023 0.83146961 0,-0.55557023 0.83146961 0,
  -0.55557023 0.83146961 0,-0.55557023 0.83146961 0,
  -0.55557023 0.83146961 0,-0.55557023 0.83146961 0,
  -0.19509032 0.98078528 0,-0.19509032 0.98078528 0,
  -0.19509032 0.98078528 0,-0.19509032 0.98078528 0,
  -0.19509032 0.98078528 0,-0.19509032 0.98078528 0,
  0.19509032 0.98078528 0,0.19509032 0.98078528 0,
  0.19509032 0.98078528 0,0.19509032 0.98078528 0,
  0.19509032 0.98078528 0,0.19509032 0.98078528 0,
  0.55557023 0.83146961 0,0.55557023 0.83146961 0,
  0.55557023 0.83146961 0,0.55557023 0.83146961 0,
  0.55557023 0.83146961 0,0.55557023 0.83146961 0,
  0.83146961 0.55557023 0,0.83146961 0.55557023 0,
  0.83146961 0.55557023 0,0.83146961 0.55557023 0,
  0.83146961 0.55557023 0,0.83146961 0.55557023 0,
  0.98078528 0.19509032 0,0.98078528 0.19509032 0,
  0.98078528 0.19509032 0,0.98078528 0.19509032 0,
  0.98078528 0.19509032 0,0.98078528 0.19509032 0,
  0.98078528 -0.19509032 0,0.98078528 -0.19509032 0,
  0.98078528 -0.19509032 0,0.98078528 -0.19509032 0,
  0.98078528 -0.19509032 0,0.98078528 -0.19509032 0,
  0.83146961 -0.55557023 0,0.83146961 -0.55557023 0,
  0.83146961 -0.55557023 0,0.83146961 -0.55557023 0,
  0.83146961 -0.55557023 0,0.83146961 -0.55557023 0,
  0.55557023 -0.83146961 0,0.55557023 -0.83146961 0,
  0.55557023 -0.83146961 0,0.55557023 -0.83146961 0,
  0.55557023 -0.83146961 0,0.55557023 -0.83146961 0,
  0.19509032 -0.98078528 0,0.19509032 -0.98078528 0,
  0.19509032 -0.98078528 0,0.19509032 -0.98078528 0,
  0.19509032 -0.98078528 0,0.19509032 -0.98078528 0,
  -0.19509032 -0.98078528 0,-0.19509032 -0.98078528 0,
  -0.19509032 -0.98078528 0,-0.19509032 -0.98078528 0,
  -0.19509032 -0.98078528 0,-0.19509032 -0.98078528 0,
  -0.55557023 -0.83146961 0,-0.55557023 -0.83146961 0,
  -0.55557023 -0.83146961 0,-0.55557023 -0.83146961 0,
  -0.55557023 -0.83146961 0,-0.55557023 -0.83146961 0,
  -0.83146961 -0.55557023 0,-0.83146961 -0.55557023 0,
  -0.83146961 -0.55557023 0,-0.83146961 -0.55557023 0,
  -0.83146961 -0.55557023 0,-0.83146961 -0.55557023 0,
  -0.98078528 -0.19509032 0,-0.98078528 -0.19509032 0,
  -0.98078528 -0.19509032 0,-0.98078528 -0.19509032 0,
  -0.98078528 -0.19509032 0,-0.98078528 -0.19509032 0,
  -0.98078528 0.19509032 0,-0.98078528 0.19509032 0,
  -0.98078528 0.19509032 0,-0.98078528 0.19509032 0,
  -0.98078528 0.19509032 0,-0.98078528 0.19509032 0,
  -0.83146961 0.55557023 0,-0.83146961 0.55557023 0,
  -0.83146961 0.55557023 0,-0.83146961 0.55557023 0,
  -0.83146961 0.55557023 0,-0.83146961 0.55557023 0,
  -0.55557023 0.83146961 0,-0.55557023 0.83146961 0,
  -0.55557023 0.83146961 0,-0.55557023 0.83146961 0,
  -0.55557023 0.83146961 0,-0.55557023 0.83146961 0,
  -0.19509032 0.98078528 0,-0.19509032 0.98078528 0,
  -0.19509032 0.98078528 0,-0.19509032 0.98078528 0,
  -0.19509032 0.98078528 0,-0.19509032 0.98078528 0,
  0.19509032 0.98078528 0,0.19509032 0.98078528 0,
  0.19509032 0.98078528 0,0.19509032 0.98078528 0,
  0.19509032 0.98078528 0,0.19509032 0.98078528 0,
  0.55557023 0.83146961 0,0.55557023 0.83146961 0,
  0.55557023 0.83146961 0,0.55557023 0.83146961 0,
  0.55557023 0.83146961 0,0.55557023 0.83146961 0,
  0.83146961 0.55557023 0,0.83146961 0.55557023 0,
  0.83146961 0.55557023 0,0.83146961 0.55557023 0,
  0.83146961 0.55557023 0,0.83146961 0.55557023 0,
  0.98078528 0.19509032 0,0.98078528 0.19509032 0,
  0.98078528 0.19509032 0,0.98078528 0.19509032 0,
  0.98078528 0.19509032 0,0.98078528 0.19509032 0,
  0.98078528 -0.19509032 0,0.98078528 -0.19509032 0,
  0.98078528 -0.19509032 0,0.98078528 -0.19509032 0,
  0.98078528 -0.19509032 0,0.98078528 -0.19509032 0,
  0.83146961 -0.55557023 0,0.83146961 -0.55557023 0,
  0.83146961 -0.55557023 0,0.83146961 -0.55557023 0,
  0.83146961 -0.55557023 0,0.83146961 -0.55557023 0,
  0.55557023 -0.83146961 0,0.55557023 -0.83146961 0,
  0.55557023 -0.83146961 0,0.55557023 -0.83146961 0,
  0.55557023 -0.83146961 0,0.55557023 -0.83146961 0,
  0.19509032 -0.98078528 0,0.19509032 -0.98078528 0,
  0.19509032 -0.98078528 0,0.19509032 -0.98078528 0,
  0.19509032 -0.98078528 0,0.19509032 -0.98078528 0,
  -0.19509032 -0.98078528 0,-0.19509032 -0.98078528 0,
  -0.19509032 -0.98078528 0,-0.19509032 -0.98078528 0,
  -0.19509032 -0.98078528 0,-0.19509032 -0.98078528 0,
  -0.55557023 -0.83146961 0,-0.55557023 -0.83146961 0,
  -0.55557023 -0.83146961 0,-0.55557023 -0.83146961 0,
  -0.55557023 -0.83146961 0,-0.55557023 -0.83146961 0,
  -0.83146961 -0.55557023 0,-0.83146961 -0.55557023 0,
  -0.83146961 -0.55557023 0,-0.83146961 -0.55557023 0,
  -0.83146961 -0.55557023 0,-0.83146961 -0.55557023 0,
  -0.98078528 -0.19509032 0,-0.98078528 -0.19509032 0,
  -0.98078528 -0.19509032 0,-0.98078528 -0.19509032 0,
  -0.98078528 -0.19509032 0,-0.98078528 -0.19509032 0,
  -0.98078528 0.19509032 0,-0.98078528 0.19509032 0,
  -0.98078528 0.19509032 0,-0.98078528 0.19509032 0,
  -0.98078528 0.19509032 0,-0.98078528 0.19509032 0,
  -0.83146961 0.55557023 0,-0.83146961 0.55557023 0,
  -0.83146961 0.55557023 0,-0.83146961 0.55557023 0,
  -0.83146961 0.55557023 0,-0.83146961 0.55557023 0,
  -0.55557023 0.83146961 0,-0.55557023 0.83146961 0,
  -0.55557023 0.83146961 0,-0.55557023 0.83146961 0,
  -0.55557023 0.83146961 0,-0.55557023 0.83146961 0,
  -0.19509032 0.98078528 0,-0.19509032 0.98078528 0,
  -0.19509032 0.98078528 0,-0.19509032 0.98078528 0,
  -0.19509032 0.98078528 0,-0.19509032 0.98078528 0,
  0.19509032 0.98078528 0,0.19509032 0.98078528 0,
  0.19509032 0.98078528 0,0.19509032 0.98078528 0,
  0.19509032 0.98078528 0,0.19509032 0.98078528 0,
  0.55557023 0.83146961 0,0.55557023 0.83146961 0,
  0.55557023 0.83146961 0,0.55557023 0.83146961 0,
  0.55557023 0.83146961 0,0.55557023 0.83146961 0,
  0.83146961 0.55557023 0,0.83146961 0.55557023 0,
  0.83146961 0.55557023 0,0.83146961 0.55557023 0,
  0.83146961 0.55557023 0,0.83146961 0.55557023 0,
  0.98078528 0.19509032 0,0.98078528 0.19509032 0,
  0.98078528 0.19509032 0,0.98078528 0.19509032 0,
  0.98078528 0.19509032 0,0.98078528 0.19509032 0,
  0.98078528 -0.19509032 0,0.98078528 -0.19509032 0,
  0.98078528 -0.19509032 0,0.98078528 -0.19509032 0,
  0.98078528 -0.19509032 0,0.98078528 -0.19509032 0,
  0.83146961 -0.55557023 0,0.83146961 -0.55557023 0,
  0.83146961 -0.55557023 0,0.83146961 -0.55557023 0,
  0.83146961 -0.55557023 0,0.83146961 -0.55557023 0,
  0.55557023 -0.83146961 0,0.55557023 -0.83146961 0,
  0.55557023 -0.83146961 0,0.55557023 -0.83146961 0,
  0.55557023 -0.83146961 0,0.55557023 -0.83146961 0,
  0.19509032 -0.98078528 0,0.19509032 -0.98078528 0,
  0.19509032 -0.98078528 0,0.19509032 -0.98078528 0,
  0.19509032 -0.98078528 0,0.19509032 -0.98078528 0,
  -0.19509032 -0.98078528 0,-0.19509032 -0.98078528 0,
  -0.19509032 -0.98078528 0,-0.19509032 -0.98078528 0,
  -0.19509032 -0.98078528 0,-0.19509032 -0.98078528 0,
  -0.55557023 -0.83146961 0,-0.55557023 -0.83146961 0,
  -0.55557023 -0.83146961 0,-0.55557023 -0.83146961 0,
  -0.55557023 -0.83146961 0,-0.55557023 -0.83146961 0,
  -0.83146961 -0.55557023 0,-0.83146961 -0.55557023 0,
  -0.83146961 -0.55557023 0,-0.83146961 -0.55557023 0,
  -0.83146961 -0.55557023 0,-0.83146961 -0.55557023 0,
  -0.98078528 -0.19509032 0,-0.98078528 -0.19509032 0,
  -0.98078528 -0.19509032 0,-0.98078528 -0.19509032 0,
  -0.98078528 -0.19509032 0,-0.98078528 -0.19509032 0,
  -0.98078528 0.19509032 0,-0.98078528 0.19509032 0,
  -0.98078528 0.19509032 0,-0.98078528 0.19509032 0,
  -0.98078528 0.19509032 0,-0.98078528 0.19509032 0,
  -0.83146961 0.55557023 0,-0.83146961 0.55557023 0,
  -0.83146961 0.55557023 0,-0.83146961 0.55557023 0,
  -0.83146961 0.55557023 0,-0.83146961 0.55557023 0,
  -0.55557023 0.83146961 0,-0.55557023 0.83146961 0,
  -0.55557023 0.83146961 0,-0.55557023 0.83146961 0,
  -0.55557023 0.83146961 0,-0.55557023 0.83146961 0,
  -0.19509032 0.98078528 0,-0.19509032 0.98078528 0,
  -0.19509032 0.98078528 0,-0.19509032 0.98078528 0,
  -0.19509032 0.98078528 0,-0.19509032 0.98078528 0,
  0.19509032 0.98078528 0,0.19509032 0.98078528 0,
  0.19509032 0.98078528 0,0.19509032 0.98078528 0,
  0.19509032 0.98078528 0,0.19509032 0.98078528 0,
  0.55557023 0.83146961 0,0.55557023 0.83146961 0,
  0.55557023 0.83146961 0,0.55557023 0.83146961 0,
  0.55557023 0.83146961 0,0.55557023 0.83146961 0,
  0.83146961 0.55557023 0,0.83146961 0.55557023 0,
  0.83146961 0.55557023 0,0.83146961 0.55557023 0,
  0.83146961 0.55557023 0,0.83146961 0.55557023 0,
  0.98078528 0.19509032 0,0.98078528 0.19509032 0,
  0.98078528 0.19509032 0,0.98078528 0.19509032 0,
  0.98078528 0.19509032 0,0.98078528 0.19509032 0,
  0.98078528 -0.19509032 0,0.98078528 -0.19509032 0,
  0.98078528 -0.19509032 0,0.98078528 -0.19509032 0,
  0.98078528 -0.19509032 0,0.98078528 -0.19509032 0,
  0.83146961 -0.55557023 0,0.83146961 -0.55557023 0,
  0.83146961 -0.55557023 0,0.83146961 -0.55557023 0,
  0.83146961 -0.55557023 0,0.83146961 -0.55557023 0,
  0.55557023 -0.83146961 0,0.55557023 -0.83146961 0,
  0.55557023 -0.83146961 0,0.55557023 -0.83146961 0,
  0.55557023 -0.83146961 0,0.55557023 -0.83146961 0,
  0.19509032 -0.98078528 0,0.19509032 -0.98078528 0,
  0.19509032 -0.98078528 0,0.19509032 -0.98078528 0,
  0.19509032 -0.98078528 0,0.19509032 -0.98078528 0,
  -0.19509032 -0.98078528 0,-0.19509032 -0.98078528 0,
  -0.19509032 -0.98078528 0,-0.19509032 -0.98078528 0,
  -0.19509032 -0.98078528 0,-0.19509032 -0.98078528 0,
  -0.55557023 -0.83146961 0,-0.55557023 -0.83146961 0,
  -0.55557023 -0.83146961 0,-0.55557023 -0.83146961 0,
  -0.55557023 -0.83146961 0,-0.55557023 -0.83146961 0,
  -0.83146961 -0.55557023 0,-0.83146961 -0.55557023 0,
  -0.83146961 -0.55557023 0,-0.83146961 -0.55557023 0,
  -0.83146961 -0.55557023 0,-0.83146961 -0.55557023 0,
  -0.98078528 -0.19509032 0,-0.98078528 -0.19509032 0,
  -0.98078528 -0.19509032 0,-0.98078528 -0.19509032 0,
  -0.98078528 -0.19509032 0,-0.98078528 -0.19509032 0,
  -0.98078528 0.19509032 0,-0.98078528 0.19509032 0,
  -0.98078528 0.19509032 0,-0.98078528 0.19509032 0,
  -0.98078528 0.19509032 0,-0.98078528 0.19509032 0,
  -0.83146961 0.55557023 0,-0.83146961 0.55557023 0,
  -0.83146961 0.55557023 0,-0.83146961 0.55557023 0,
  -0.83146961 0.55557023 0,-0.83146961 0.55557023 0,
  -0.55557023 0.83146961 0,-0.55557023 0.83146961 0,
  -0.55557023 0.83146961 0,-0.55557023 0.83146961 0,
  -0.55557023 0.83146961 0,-0.55557023 0.83146961 0,
  -0.19509032 0.98078528 0,-0.19509032 0.98078528 0,
  -0.19509032 0.98078528 0,-0.19509032 0.98078528 0,
  -0.19509032 0.98078528 0,-0.19509032 0.98078528 0,
  0.19509032 0.98078528 0,0.19509032 0.98078528 0,
  0.19509032 0.98078528 0,0.19509032 0.98078528 0,
  0.19509032 0.98078528 0,0.19509032 0.98078528 0,
  0.55557023 0.83146961 0,0.55557023 0.83146961 0,
  0.55557023 0.83146961 0,0.55557023 0.83146961 0,
  0.55557023 0.83146961 0,0.55557023 0.83146961 0,
  0.83146961 0.55557023 0,0.83146961 0.55557023 0,
  0.83146961 0.55557023 0,0.83146961 0.55557023 0,
  0.83146961 0.55557023 0,0.83146961 0.55557023 0,
  0.98078528 0.19509032 0,0.98078528 0.19509032 0,
  0.98078528 0.19509032 0,0.98078528 0.19509032 0,
  0.98078528 0.19509032 0,0.98078528 0.19509032 0,
  0.98078528 -0.19509032 0,0.98078528 -0.19509032 0,
  0.98078528 -0.19509032 0,0.98078528 -0.19509032 0,
  0.98078528 -0.19509032 0,0.98078528 -0.19509032 0,
  0.83146961 -0.55557023 0,0.83146961 -0.55557023 0,
  0.83146961 -0.55557023 0,0.83146961 -0.55557023 0,
  0.83146961 -0.55557023 0,0.83146961 -0.55557023 0,
  0.55557023 -0.83146961 0,0.55557023 -0.83146961 0,
  0.55557023 -0.83146961 0,0.55557023 -0.83146961 0,
  0.55557023 -0.83146961 0,0.55557023 -0.83146961 0,
  0.19509032 -0.98078528 0,0.19509032 -0.98078528 0,
  0.19509032 -0.98078528 0,0.19509032 -0.98078528 0,
  0.19509032 -0.98078528 0,0.19509032 -0.98078528 0,
  -0.19509032 -0.98078528 0,-0.19509032 -0.98078528 0,
  -0.19509032 -0.98078528 0,-0.19509032 -0.98078528 0,
  -0.19509032 -0.98078528 0,-0.19509032 -0.98078528 0,
  -0.55557023 -0.83146961 0,-0.55557023 -0.83146961 0,
  -0.55557023 -0.83146961 0,-0.55557023 -0.83146961 0,
  -0.55557023 -0.83146961 0,-0.55557023 -0.83146961 0,
  -0.83146961 -0.55557023 0,-0.83146961 -0.55557023 0,
  -0.83146961 -0.55557023 0,-0.83146961 -0.55557023 0,
  -0.83146961 -0.55557023 0,-0.83146961 -0.55557023 0,
  -0.98078528 -0.19509032 0,-0.98078528 -0.19509032 0,
  -0.98078528 -0.19509032 0,-0.98078528 -0.19509032 0,
  -0.98078528 -0.19509032 0,-0.98078528 -0.19509032 0,
  -0.98078528 0.19509032 0,-0.98078528 0.19509032 0,
  -0.98078528 0.19509032 0,-0.98078528 0.19509032 0,
  -0.98078528 0.19509032 0,-0.98078528 0.19509032 0,
  -0.83146961 0.55557023 0,-0.83146961 0.55557023 0,
  -0.83146961 0.55557023 0,-0.83146961 0.55557023 0,
  -0.83146961 0.55557023 0,-0.83146961 0.55557023 0,
  -0.55557023 0.83146961 0,-0.55557023 0.83146961 0,
  -0.55557023 0.83146961 0,-0.55557023 0.83146961 0,
  -0.55557023 0.83146961 0,-0.55557023 0.83146961 0,
  -0.19509032 0.98078528 0,-0.19509032 0.98078528 0,
  -0.19509032 0.98078528 0,-0.19509032 0.98078528 0,
  -0.19509032 0.98078528 0,-0.19509032 0.98078528 0,
  0.19509032 0.98078528 0,0.19509032 0.98078528 0,
  0.19509032 0.98078528 0,0.19509032 0.98078528 0,
  0.19509032 0.98078528 0,0.19509032 0.98078528 0,
  0.55557023 0.83146961 0,0.55557023 0.83146961 0,
  0.55557023 0.83146961 0,0.55557023 0.83146961 0,
  0.55557023 0.83146961 0,0.55557023 0.83146961 0,
  0.83146961 0.55557023 0,0.83146961 0.55557023 0,
  0.83146961 0.55557023 0,0.83146961 0.55557023 0,
  0.83146961 0.55557023 0,0.83146961 0.55557023 0,
  0.98078528 0.19509032 0,0.98078528 0.19509032 0,
  0.98078528 0.19509032 0,0.98078528 0.19509032 0,
  0.98078528 0.19509032 0,0.98078528 0.19509032 0,
  0.98078528 -0.19509032 0,0.98078528 -0.19509032 0,
  0.98078528 -0.19509032 0,0.98078528 -0.19509032 0,
  0.98078528 -0.19509032 0,0.98078528 -0.19509032 0,
  0.83146961 -0.55557023 0,0.83146961 -0.55557023 0,
  0.83146961 -0.55557023 0,0.83146961 -0.55557023 0,
  0.83146961 -0.55557023 0,0.83146961 -0.55557023 0,
  0.55557023 -0.83146961 0,0.55557023 -0.83146961 0,
  0.55557023 -0.83146961 0,0.55557023 -0.83146961 0,
  0.55557023 -0.83146961 0,0.55557023 -0.83146961 0,
  0.19509032 -0.98078528 0,0.19509032 -0.98078528 0,
  0.19509032 -0.98078528 0,0.19509032 -0.98078528 0,
  0.19509032 -0.98078528 0,0.19509032 -0.98078528 0,
  -0.19509032 -0.98078528 0,-0.19509032 -0.98078528 0,
  -0.19509032 -0.98078528 0,-0.19509032 -0.98078528 0,
  -0.19509032 -0.98078528 0,-0.19509032 -0.98078528 0,
  -0.55557023 -0.83146961 0,-0.55557023 -0.83146961 0,
  -0.55557023 -0.83146961 0,-0.55557023 -0.83146961 0,
  -0.55557023 -0.83146961 0,-0.55557023 -0.83146961 0,
  -0.83146961 -0.55557023 0,-0.83146961 -0.55557023 0,
  -0.83146961 -0.55557023 0,-0.83146961 -0.55557023 0,
  -0.83146961 -0.55557023 0,-0.83146961 -0.55557023 0,
  -0.98078528 -0.19509032 0,-0.98078528 -0.19509032 0,
  -0.98078528 -0.19509032 0,-0.98078528 -0.19509032 0,
  -0.98078528 -0.19509032 0,-0.98078528 -0.19509032 0,
  -0.98078528 0.19509032 0,-0.98078528 0.19509032 0,
  -0.98078528 0.19509032 0,-0.98078528 0.19509032 0,
  -0.98078528 0.19509032 0,-0.98078528 0.19509032 0,
  -0.83146961 0.55557023 0,-0.83146961 0.55557023 0,
  -0.83146961 0.55557023 0,-0.83146961 0.55557023 0,
  -0.83146961 0.55557023 0,-0.83146961 0.55557023 0,
  -0.55557023 0.83146961 0,-0.55557023 0.83146961 0,
  -0.55557023 0.83146961 0,-0.55557023 0.83146961 0,
  -0.55557023 0.83146961 0,-0.55557023 0.83146961 0,
  -0.19509032 0.98078528 0,-0.19509032 0.98078528 0,
  -0.19509032 0.98078528 0,-0.19509032 0.98078528 0,
  -0.19509032 0.98078528 0,-0.19509032 0.98078528 0,
  0.19509032 0.98078528 0,0.19509032 0.98078528 0,
  0.19509032 0.98078528 0,0.19509032 0.98078528 0,
  0.19509032 0.98078528 0,0.19509032 0.98078528 0,
  0.55557023 0.83146961 0,0.55557023 0.83146961 0,
  0.55557023 0.83146961 0,0.55557023 0.83146961 0,
  0.55557023 0.83146961 0,0.55557023 0.83146961 0,
  0.83146961 0.55557023 0,0.83146961 0.55557023 0,
  0.83146961 0.55557023 0,0.83146961 0.55557023 0,
  0.83146961 0.55557023 0,0.83146961 0.55557023 0,
  0.98078528 0.19509032 0,0.98078528 0.19509032 0,
  0.98078528 0.19509032 0,0.98078528 0.19509032 0,
  0.98078528 0.19509032 0,0.98078528 0.19509032 0,
  -1 0 0,-1 0 0,
  -1 0 0,-1 0 0,
  -1 0 0,-1 0 0,
  0 -1 0,0 -1 0,
  0 -1 0,0 -1 0,
  0 -1 0,0 -1 0,
  1 0 0,1 0 0,
  1 0 0,1 0 0,
  1 0 0,1 0 0,
  0 1 0,0 1 0,
  0 1 0,0 1 0,
  0 1 0,0 1 0,
  0.98078528 -0.19509032 0,0.98078528 -0.19509032 0,
  0.98078528 -0.19509032 0,0.98078528 -0.19509032 0,
  0.98078528 -0.19509032 0,0.98078528 -0.19509032 0,
  0.83146961 -0.55557023 0,0.83146961 -0.55557023 0,
  0.83146961 -0.55557023 0,0.83146961 -0.55557023 0,
  0.83146961 -0.55557023 0,0.83146961 -0.55557023 0,
  0.55557023 -0.83146961 0,0.55557023 -0.83146961 0,
  0.55557023 -0.83146961 0,0.55557023 -0.83146961 0,
  0.55557023 -0.83146961 0,0.55557023 -0.83146961 0,
  0.19509032 -0.98078528 0,0.19509032 -0.98078528 0,
  0.19509032 -0.98078528 0,0.19509032 -0.98078528 0,
  0.19509032 -0.98078528 0,0.19509032 -0.98078528 0,
  -0.19509032 -0.98078528 0,-0.19509032 -0.98078528 0,
  -0.19509032 -0.98078528 0,-0.19509032 -0.98078528 0,
  -0.19509032 -0.98078528 0,-0.19509032 -0.98078528 0,
  -0.55557023 -0.83146961 0,-0.55557023 -0.83146961 0,
  -0.55557023 -0.83146961 0,-0.55557023 -0.83146961 0,
  -0.55557023 -0.83146961 0,-0.55557023 -0.83146961 0,
  -0.83146961 -0.55557023 0,-0.83146961 -0.55557023 0,
  -0.83146961 -0.55557023 0,-0.83146961 -0.55557023 0,
  -0.83146961 -0.55557023 0,-0.83146961 -0.55557023 0,
  -0.98078528 -0.19509032 0,-0.98078528 -0.19509032 0,
  -0.98078528 -0.19509032 0,-0.98078528 -0.19509032 0,
  -0.98078528 -0.19509032 0,-0.98078528 -0.19509032 0,
  -0.98078528 0.19509032 0,-0.98078528 0.19509032 0,
  -0.98078528 0.19509032 0,-0.98078528 0.19509032 0,
  -0.98078528 0.19509032 0,-0.98078528 0.19509032 0,
  -0.83146961 0.55557023 0,-0.83146961 0.55557023 0,
  -0.83146961 0.55557023 0,-0.83146961 0.55557023 0,
  -0.83146961 0.55557023 0,-0.83146961 0.55557023 0,
  -0.55557023 0.83146961 0,-0.55557023 0.83146961 0,
  -0.55557023 0.83146961 0,-0.55557023 0.83146961 0,
  -0.55557023 0.83146961 0,-0.55557023 0.83146961 0,
  -0.19509032 0.98078528 0,-0.19509032 0.98078528 0,
  -0.19509032 0.98078528 0,-0.19509032 0.98078528 0,
  -0.19509032 0.98078528 0,-0.19509032 0.98078528 0,
  0.19509032 0.98078528 0,0.19509032 0.98078528 0,
  0.19509032 0.98078528 0,0.19509032 0.98078528 0,
  0.19509032 0.98078528 0,0.19509032 0.98078528 0,
  0.55557023 0.83146961 0,0.55557023 0.83146961 0,
  0.55557023 0.83146961 0,0.55557023 0.83146961 0,
  0.55557023 0.83146961 0,0.55557023 0.83146961 0,
  0.83146961 0.55557023 0,0.83146961 0.55557023 0,
  0.83146961 0.55557023 0,0.83146961 0.55557023 0,
  0.83146961 0.55557023 0,0.83146961 0.55557023 0,
  0.98078528 0.19509032 0,0.98078528 0.19509032 0,
  0.98078528 0.19509032 0,0.98078528 0.19509032 0,
  0.98078528 0.19509032 0,0.98078528 0.19509032 0,
  0.98078528 -0.19509032 0,0.98078528 -0.19509032 0,
  0.98078528 -0.19509032 0,0.98078528 -0.19509032 0,
  0.98078528 -0.19509032 0,0.98078528 -0.19509032 0,
  0.83146961 -0.55557023 0,0.83146961 -0.55557023 0,
  0.83146961 -0.55557023 0,0.83146961 -0.55557023 0,
  0.83146961 -0.55557023 0,0.83146961 -0.55557023 0,
  0.55557023 -0.83146961 0,0.55557023 -0.83146961 0,
  0.55557023 -0.83146961 0,0.55557023 -0.83146961 0,
  0.55557023 -0.83146961 0,0.55557023 -0.83146961 0,
  0.19509032 -0.98078528 0,0.19509032 -0.98078528 0,
  0.19509032 -0.98078528 0,0.19509032 -0.98078528 0,
  0.19509032 -0.98078528 0,0.19509032 -0.98078528 0,
  -0.19509032 -0.98078528 0,-0.19509032 -0.98078528 0,
  -0.19509032 -0.98078528 0,-0.19509032 -0.98078528 0,
  -0.19509032 -0.98078528 0,-0.19509032 -0.98078528 0,
  -0.55557023 -0.83146961 0,-0.55557023 -0.83146961 0,
  -0.55557023 -0.83146961 0,-0.55557023 -0.83146961 0,
  -0.55557023 -0.83146961 0,-0.55557023 -0.83146961 0,
  -0.83146961 -0.55557023 0,-0.83146961 -0.55557023 0,
  -0.83146961 -0.55557023 0,-0.83146961 -0.55557023 0,
  -0.83146961 -0.55557023 0,-0.83146961 -0.55557023 0,
  -0.98078528 -0.19509032 0,-0.98078528 -0.19509032 0,
  -0.98078528 -0.19509032 0,-0.98078528 -0.19509032 0,
  -0.98078528 -0.19509032 0,-0.98078528 -0.19509032 0,
  -0.98078528 0.19509032 0,-0.98078528 0.19509032 0,
  -0.98078528 0.19509032 0,-0.98078528 0.19509032 0,
  -0.98078528 0.19509032 0,-0.98078528 0.19509032 0,
  -0.83146961 0.55557023 0,-0.83146961 0.55557023 0,
  -0.83146961 0.55557023 0,-0.83146961 0.55557023 0,
  -0.83146961 0.55557023 0,-0.83146961 0.55557023 0,
  -0.55557023 0.83146961 0,-0.55557023 0.83146961 0,
  -0.55557023 0.83146961 0,-0.55557023 0.83146961 0,
  -0.55557023 0.83146961 0,-0.55557023 0.83146961 0,
  -0.19509032 0.98078528 0,-0.19509032 0.98078528 0,
  -0.19509032 0.98078528 0,-0.19509032 0.98078528 0,
  -0.19509032 0.98078528 0,-0.19509032 0.98078528 0,
  0.19509032 0.98078528 0,0.19509032 0.98078528 0,
  0.19509032 0.98078528 0,0.19509032 0.98078528 0,
  0.19509032 0.98078528 0,0.19509032 0.98078528 0,
  0.55557023 0.83146961 0,0.55557023 0.83146961 0,
  0.55557023 0.83146961 0,0.55557023 0.83146961 0,
  0.55557023 0.83146961 0,0.55557023 0.83146961 0,
  0.83146961 0.55557023 0,0.83146961 0.55557023 0,
  0.83146961 0.55557023 0,0.83146961 0.55557023 0,
  0.83146961 0.55557023 0,0.83146961 0.55557023 0,
  0.98078528 0.19509032 0,0.98078528 0.19509032 0,
  0.98078528 0.19509032 0,0.98078528 0.19509032 0,
  0.98078528 0.19509032 0,0.98078528 0.19509032 0,
  0 0 1,0 0 1,
  0 0 1,0 0 1,
  0 0 1,0 0 1,
  -0.98480775 0.17364818 0,-0.98480775 0.17364818 0,
  -0.98480775 0.17364818 0,-0.98480775 0.17364818 0,
  -0.98480775 0.17364818 0,-0.98480775 0.17364818 0,
  -0.8660254 0.5 0,-0.8660254 0.5 0,
  -0.8660254 0.5 0,-0.8660254 0.5 0,
  -0.8660254 0.5 0,-0.8660254 0.5 0,
  -0.64278761 0.76604444 0,-0.64278761 0.76604444 0,
  -0.64278761 0.76604444 0,-0.64278761 0.76604444 0,
  -0.64278761 0.76604444 0,-0.64278761 0.76604444 0,
  -0.34202014 0.93969262 0,-0.34202014 0.93969262 0,
  -0.34202014 0.93969262 0,-0.34202014 0.93969262 0,
  -0.34202014 0.93969262 0,-0.34202014 0.93969262 0,
  0 1 0,0 1 0,
  0 1 0,0 1 0,
  0 1 0,0 1 0,
  0.34202014 0.93969262 0,0.34202014 0.93969262 0,
  0.34202014 0.93969262 0,0.34202014 0.93969262 0,
  0.34202014 0.93969262 0,0.34202014 0.93969262 0,
  0.64278761 0.76604444 0,0.64278761 0.76604444 0,
  0.64278761 0.76604444 0,0.64278761 0.76604444 0,
  0.64278761 0.76604444 0,0.64278761 0.76604444 0,
  0.8660254 0.5 0,0.8660254 0.5 0,
  0.8660254 0.5 0,0.8660254 0.5 0,
  0.8660254 0.5 0,0.8660254 0.5 0,
  0.98480775 0.17364818 0,0.98480775 0.17364818 0,
  0.98480775 0.17364818 0,0.98480775 0.17364818 0,
  0.98480775 0.17364818 0,0.98480775 0.17364818 0,
  0.98480775 -0.17364818 0,0.98480775 -0.17364818 0,
  0.98480775 -0.17364818 0,0.98480775 -0.17364818 0,
  0.98480775 -0.17364818 0,0.98480775 -0.17364818 0,
  0.8660254 -0.5 0,0.8660254 -0.5 0,
  0.8660254 -0.5 0,0.8660254 -0.5 0,
  0.8660254 -0.5 0,0.8660254 -0.5 0,
  0.64278761 -0.76604444 0,0.64278761 -0.76604444 0,
  0.64278761 -0.76604444 0,0.64278761 -0.76604444 0,
  0.64278761 -0.76604444 0,0.64278761 -0.76604444 0,
  0.34202014 -0.93969262 0,0.34202014 -0.93969262 0,
  0.34202014 -0.93969262 0,0.34202014 -0.93969262 0,
  0.34202014 -0.93969262 0,0.34202014 -0.93969262 0,
  0 -1 0,0 -1 0,
  0 -1 0,0 -1 0,
  0 -1 0,0 -1 0,
  -0.34202014 -0.93969262 0,-0.34202014 -0.93969262 0,
  -0.34202014 -0.93969262 0,-0.34202014 -0.93969262 0,
  -0.34202014 -0.93969262 0,-0.34202014 -0.93969262 0,
  -0.64278761 -0.76604444 0,-0.64278761 -0.76604444 0,
  -0.64278761 -0.76604444 0,-0.64278761 -0.76604444 0,
  -0.64278761 -0.76604444 0,-0.64278761 -0.76604444 0,
  -0.8660254 -0.5 0,-0.8660254 -0.5 0,
  -0.8660254 -0.5 0,-0.8660254 -0.5 0,
  -0.8660254 -0.5 0,-0.8660254 -0.5 0,
  -0.98480775 -0.17364818 0,-0.98480775 -0.17364818 0,
  -0.98480775 -0.17364818 0,-0.98480775 -0.17364818 0,
  -0.98480775 -0.17364818 0,-0.98480775 -0.17364818 0,
  0.98480775 -0.17364818 0,0.98480775 -0.17364818 0,
  0.98480775 -0.17364818 0,0.98480775 -0.17364818 0,
  0.98480775 -0.17364818 0,0.98480775 -0.17364818 0,
  0.8660254 -0.5 0,0.8660254 -0.5 0,
  0.8660254 -0.5 0,0.8660254 -0.5 0,
  0.8660254 -0.5 0,0.8660254 -0.5 0,
  0.64278761 -0.76604444 0,0.64278761 -0.76604444 0,
  0.64278761 -0.76604444 0,0.64278761 -0.76604444 0,
  0.64278761 -0.76604444 0,0.64278761 -0.76604444 0,
  0.34202014 -0.93969262 0,0.34202014 -0.93969262 0,
  0.34202014 -0.93969262 0,0.34202014 -0.93969262 0,
  0.34202014 -0.93969262 0,0.34202014 -0.93969262 0,
  0 -1 0,0 -1 0,
  0 -1 0,0 -1 0,
  0 -1 0,0 -1 0,
  -0.34202014 -0.93969262 0,-0.34202014 -0.93969262 0,
  -0.34202014 -0.93969262 0,-0.34202014 -0.93969262 0,
  -0.34202014 -0.93969262 0,-0.34202014 -0.93969262 0,
  -0.64278761 -0.76604444 0,-0.64278761 -0.76604444 0,
  -0.64278761 -0.76604444 0,-0.64278761 -0.76604444 0,
  -0.64278761 -0.76604444 0,-0.64278761 -0.76604444 0,
  -0.8660254 -0.5 0,-0.8660254 -0.5 0,
  -0.8660254 -0.5 0,-0.8660254 -0.5 0,
  -0.8660254 -0.5 0,-0.8660254 -0.5 0,
  -0.98480775 -0.17364818 0,-0.98480775 -0.17364818 0,
  -0.98480775 -0.17364818 0,-0.98480775 -0.17364818 0,
  -0.98480775 -0.17364818 0,-0.98480775 -0.17364818 0,
  -0.98480775 0.17364818 0,-0.98480775 0.17364818 0,
  -0.98480775 0.17364818 0,-0.98480775 0.17364818 0,
  -0.98480775 0.17364818 0,-0.98480775 0.17364818 0,
  -0.8660254 0.5 0,-0.8660254 0.5 0,
  -0.8660254 0.5 0,-0.8660254 0.5 0,
  -0.8660254 0.5 0,-0.8660254 0.5 0,
  -0.64278761 0.76604444 0,-0.64278761 0.76604444 0,
  -0.64278761 0.76604444 0,-0.64278761 0.76604444 0,
  -0.64278761 0.76604444 0,-0.64278761 0.76604444 0,
  -0.34202014 0.93969262 0,-0.34202014 0.93969262 0,
  -0.34202014 0.93969262 0,-0.34202014 0.93969262 0,
  -0.34202014 0.93969262 0,-0.34202014 0.93969262 0,
  0 1 0,0 1 0,
  0 1 0,0 1 0,
  0 1 0,0 1 0,
  0.34202014 0.93969262 0,0.34202014 0.93969262 0,
  0.34202014 0.93969262 0,0.34202014 0.93969262 0,
  0.34202014 0.93969262 0,0.34202014 0.93969262 0,
  0.64278761 0.76604444 0,0.64278761 0.76604444 0,
  0.64278761 0.76604444 0,0.64278761 0.76604444 0,
  0.64278761 0.76604444 0,0.64278761 0.76604444 0,
  0.8660254 0.5 0,0.8660254 0.5 0,
  0.8660254 0.5 0,0.8660254 0.5 0,
  0.8660254 0.5 0,0.8660254 0.5 0,
  0.98480775 0.17364818 0,0.98480775 0.17364818 0,
  0.98480775 0.17364818 0,0.98480775 0.17364818 0,
  0.98480775 0.17364818 0,0.98480775 0.17364818 0] }
}
}
] }
DEF TXFM_3 Transform {
  center 0 0 0
  rotation 0 0 1 0
  scale 1 1 1
  scaleOrientation 0 0 1 0
  translation 0 0 0
 children [
DEF SHAPE_3 Shape {
 appearance DEF APP_2 Appearance {
  material Material {
   ambientIntensity 1
   diffuseColor 0.75 0.61000001 0.23
   emissiveColor 0 0 0
   shininess 0.89999998
   specularColor 0.89999998 0.84399998 0.69199997
   transparency 0
} }
 geometry DEF FACE_3 IndexedFaceSet {
  coord DEF COORD_3 Coordinate { point [
  0.13799252 0.50038071 0.31496063,0.13211378 0.48618858 0.31496063,
  0.13135748 0.47850787 0.31496063,0.13135748 0.16354724 0.31496063,
  0.13211378 0.15586654 0.31496063,0.13627677 0.14581614 0.31496063,
  0.13581772 0.14470709 0.31496063,0.13581772 0.12934567 0.31496063,
  0.14169646 0.11515354 0.31496063,0.15255866 0.10429134 0.31496063,
  0.16675079 0.098412598 0.31496063,0.1744315 0.097656299 0.31496063,
  7.0248252 0.097656299 0.31496063,7.0325059 0.098412598 0.31496063,
  7.046698 0.10429134 0.31496063,7.0575602 0.11515354 0.31496063,
  7.063439 0.12934567 0.31496063,7.063439 0.14470709 0.31496063,
  7.0575602 0.15889921 0.31496063,7.046698 0.16976142 0.31496063,
  7.0325059 0.17564016 0.31496063,7.0248252 0.17639646 0.31496063,
  0.21009764 0.17639646 0.31496063,0.21009764 0.47850787 0.31496063,
  0.20934134 0.48618858 0.31496063,0.2034626 0.50038071 0.31496063,
  0.19260039 0.51124291 0.31496063,0.17840827 0.51712165 0.31496063,
  0.16304685 0.51712165 0.31496063,0.14885472 0.51124291 0.31496063,
  13.051181 0.6928378 0.31496063,13.012635 0.70686693 0.31496063,
  12.971617 0.70686693 0.31496063,12.933071 0.6928378 0.31496063,
  12.901648 0.66647087 0.31496063,12.881139 0.63094724 0.31496063,
  12.874016 0.59055118 0.31496063,12.881139 0.55015512 0.31496063,
  12.901648 0.5146315 0.31496063,12.933071 0.48826457 0.31496063,
  12.971617 0.47423543 0.31496063,13.012635 0.47423543 0.31496063,
  13.051181 0.48826457 0.31496063,13.082604 0.5146315 0.31496063,
  13.103113 0.55015512 0.31496063,13.110236 0.59055118 0.31496063,
  13.103113 0.63094724 0.31496063,13.082604 0.66647087 0.31496063,
  13.051181 0.59055118 0.31496063,13.04762 0.57035314 0.31496063,
  13.037365 0.55259128 0.31496063,13.021654 0.53940795 0.31496063,
  13.002381 0.53239324 0.31496063,12.981871 0.53239324 0.31496063,
  12.962598 0.53940795 0.31496063,12.946887 0.55259128 0.31496063,
  12.936632 0.57035314 0.31496063,12.933071 0.59055118 0.31496063,
  12.936632 0.61074922 0.31496063,12.946887 0.62851108 0.31496063,
  12.962598 0.64169441 0.31496063,12.981871 0.64870912 0.31496063,
  13.002381 0.64870912 0.31496063,13.021654 0.64169441 0.31496063,
  13.037365 0.62851108 0.31496063,13.04762 0.61074922 0.31496063,
  7.7612091 0.55148976 0.31496063,7.753861 0.56922992 0.31496063,
  7.7402831 0.58280787 0.31496063,7.7225429 0.59015591 0.31496063,
  7.7129421 0.59110157 0.31496063,7.6145169 0.59110157 0.31496063,
  7.6049161 0.59015591 0.31496063,7.587176 0.58280787 0.31496063,
  7.573598 0.56922992 0.31496063,7.56625 0.55148976 0.31496063,
  7.56625 0.53228819 0.31496063,7.573598 0.51454803 0.31496063,
  7.587176 0.50097008 0.31496063,7.6049161 0.49362205 0.31496063,
  7.6145169 0.49267638 0.31496063,7.7129421 0.49267638 0.31496063,
  7.7225429 0.49362205 0.31496063,7.7402831 0.50097008 0.31496063,
  7.753861 0.51454803 0.31496063,7.7612091 0.53228819 0.31496063,
  0.29826693 0.78912835 0.31496063,0.2909189 0.8068685 0.31496063,
  0.27734094 0.82044646 0.31496063,0.25960079 0.82779449 0.31496063,
  0.25 0.82874016 0.31496063,0.1515748 0.82874016 0.31496063,
  0.14197402 0.82779449 0.31496063,0.12423386 0.82044646 0.31496063,
  0.11065591 0.8068685 0.31496063,0.10330787 0.78912835 0.31496063,
  0.10330787 0.76992677 0.31496063,0.11065591 0.75218661 0.31496063,
  0.12423386 0.73860866 0.31496063,0.14197402 0.73126063 0.31496063,
  0.1515748 0.73031496 0.31496063,0.25 0.73031496 0.31496063,
  0.25960079 0.73126063 0.31496063,0.27734094 0.73860866 0.31496063,
  0.2909189 0.75218661 0.31496063,0.29826693 0.76992677 0.31496063,
  7.7612091 1.2207803 0.31496063,7.753861 1.2385205 0.31496063,
  7.7402831 1.2520984 0.31496063,7.7225429 1.2594465 0.31496063,
  7.7129421 1.2603921 0.31496063,7.6145169 1.2603921 0.31496063,
  7.6049161 1.2594465 0.31496063,7.587176 1.2520984 0.31496063,
  7.573598 1.2385205 0.31496063,7.56625 1.2207803 0.31496063,
  7.56625 1.2015787 0.31496063,7.573598 1.1838386 0.31496063,
  7.587176 1.1702606 0.31496063,7.6049161 1.1629126 0.31496063,
  7.6145169 1.1619669 0.31496063,7.7129421 1.1619669 0.31496063,
  7.7225429 1.1629126 0.31496063,7.7402831 1.1702606 0.31496063,
  7.753861 1.1838386 0.31496063,7.7612091 1.2015787 0.31496063,
  7.7612091 1.8999142 0.31496063,7.753861 1.9176543 0.31496063,
  7.7402831 1.9312323 0.31496063,7.7225429 1.9385803 0.31496063,
  7.7129421 1.939526 0.31496063,7.6145169 1.939526 0.31496063,
  7.6049161 1.9385803 0.31496063,7.587176 1.9312323 0.31496063,
  7.573598 1.9176543 0.31496063,7.56625 1.8999142 0.31496063,
  7.56625 1.8807126 0.31496063,7.573598 1.8629724 0.31496063,
  7.587176 1.8493945 0.31496063,7.6049161 1.8420465 0.31496063,
  7.6145169 1.8411008 0.31496063,7.7129421 1.8411008 0.31496063,
  7.7225429 1.8420465 0.31496063,7.7402831 1.8493945 0.31496063,
  7.753861 1.8629724 0.31496063,7.7612091 1.8807126 0.31496063,
  0.30057874 2.2148756 0.31496063,0.29323071 2.2326157 0.31496063,
  0.27965276 2.2461937 0.31496063,0.2619126 2.2535417 0.31496063,
  0.25231181 2.2544874 0.31496063,0.15388661 2.2544874 0.31496063,
  0.14428583 2.2535417 0.31496063,0.12654567 2.2461937 0.31496063,
  0.11296772 2.2326157 0.31496063,0.10561969 2.2148756 0.31496063,
  0.10561969 2.195674 0.31496063,0.11296772 2.1779339 0.31496063,
  0.12654567 2.1643559 0.31496063,0.14428583 2.1570079 0.31496063,
  0.15388661 2.1560622 0.31496063,0.25231181 2.1560622 0.31496063,
  0.2619126 2.1570079 0.31496063,0.27965276 2.1643559 0.31496063,
  0.29323071 2.1779339 0.31496063,0.30057874 2.195674 0.31496063,
  7.7612091 2.5790488 0.31496063,7.753861 2.596789 0.31496063,
  7.7402831 2.6103669 0.31496063,7.7225429 2.617715 0.31496063,
  7.7129421 2.6186606 0.31496063,7.6145169 2.6186606 0.31496063,
  7.6049161 2.617715 0.31496063,7.587176 2.6103669 0.31496063,
  7.573598 2.596789 0.31496063,7.56625 2.5790488 0.31496063,
  7.56625 2.5598472 0.31496063,7.573598 2.5421071 0.31496063,
  7.587176 2.5285291 0.31496063,7.6049161 2.5211811 0.31496063,
  7.6145169 2.5202354 0.31496063,7.7129421 2.5202354 0.31496063,
  7.7225429 2.5211811 0.31496063,7.7402831 2.5285291 0.31496063,
  7.753861 2.5421071 0.31496063,7.7612091 2.5598472 0.31496063,
  2.5160921 3.1993693 0.31496063,2.5151465 3.2089701 0.31496063,
  2.5077984 3.2267102 0.31496063,2.4942205 3.2402882 0.31496063,
  2.4764803 3.2476362 0.31496063,2.4572787 3.2476362 0.31496063,
  2.4395386 3.2402882 0.31496063,2.4259606 3.2267102 0.31496063,
  2.4186126 3.2089701 0.31496063,2.4176669 3.1993693 0.31496063,
  2.4176669 3.1009441 0.31496063,2.4186126 3.0913433 0.31496063,
  2.4259606 3.0736031 0.31496063,2.4395386 3.0600252 0.31496063,
  2.4572787 3.0526772 0.31496063,2.4764803 3.0526772 0.31496063,
  2.4942205 3.0600252 0.31496063,2.5077984 3.0736031 0.31496063,
  2.5151465 3.0913433 0.31496063,2.5160921 3.1009441 0.31496063,
  2.3104461 3.2044933 0.31496063,2.3045673 3.2186854 0.31496063,
  2.2937051 3.2295476 0.31496063,2.279513 3.2354264 0.31496063,
  2.2718323 3.2361827 0.31496063,0.30332835 3.2361827 0.31496063,
  0.29564764 3.2354264 0.31496063,0.28145551 3.2295476 0.31496063,
  0.27059331 3.2186854 0.31496063,0.26471457 3.2044933 0.31496063,
  0.26471457 3.1891319 0.31496063,0.27059331 3.1749398 0.31496063,
  0.28145551 3.1640776 0.31496063,0.29564764 3.1581988 0.31496063,
  0.30332835 3.1574425 0.31496063,2.2718323 3.1574425 0.31496063,
  2.279513 3.1581988 0.31496063,2.2937051 3.1640776 0.31496063,
  2.3045673 3.1749398 0.31496063,2.3104461 3.1891319 0.31496063,
  8.6031185 6.282287 0.31496063,8.6023622 6.2746063 0.31496063,
  8.6023622 5.871063 0.31496063,8.6031185 5.8633823 0.31496063,
  8.6031185 5.858461 0.31496063,8.6089972 5.8442689 0.31496063,
  8.6198594 5.8334067 0.31496063,8.6340516 5.827528 0.31496063,
  8.6417323 5.8267717 0.31496063,12.224409 5.8267717 0.31496063,
  12.23209 5.827528 0.31496063,12.246282 5.8334067 0.31496063,
  12.257144 5.8442689 0.31496063,12.263023 5.858461 0.31496063,
  12.263023 5.8738224 0.31496063,12.257144 5.8880146 0.31496063,
  12.246282 5.8988768 0.31496063,12.23209 5.9047555 0.31496063,
  12.224409 5.9055118 0.31496063,8.6811024 5.9055118 0.31496063,
  8.6811024 6.2746063 0.31496063,8.6803461 6.282287 0.31496063,
  8.6744673 6.2964791 0.31496063,8.6636051 6.3073413 0.31496063,
  8.649413 6.3132201 0.31496063,8.6340516 6.3132201 0.31496063,
  8.6198594 6.3073413 0.31496063,8.6089972 6.2964791 0.31496063,
  7.6432894 3.20705 0.31496063,7.6374106 3.2212421 0.31496063,
  7.6265484 3.2321043 0.31496063,7.6123563 3.2379831 0.31496063,
  7.6046756 3.2387394 0.31496063,2.6440457 3.2387394 0.31496063,
  2.636365 3.2379831 0.31496063,2.6221728 3.2321043 0.31496063,
  2.6113106 3.2212421 0.31496063,2.6054319 3.20705 0.31496063,
  2.6054319 3.1916886 0.31496063,2.6113106 3.1774965 0.31496063,
  2.6221728 3.1666343 0.31496063,2.636365 3.1607555 0.31496063,
  2.6440457 3.1599992 0.31496063,7.6046756 3.1599992 0.31496063,
  7.6123563 3.1607555 0.31496063,7.6265484 3.1666343 0.31496063,
  7.6374106 3.1774965 0.31496063,7.6432894 3.1916886 0.31496063,
  0.93011811 4.3464567 0.31496063,0.93011811 3.9074803 0.31496063,
  6.7765748 3.9074803 0.31496063,6.875 3.9074803 0.31496063,
  6.875 5.9448819 0.31496063,6.7765748 5.9448819 0.31496063,
  6.7765748 4.0059055 0.31496063,1.0285433 4.0059055 0.31496063,
  1.0285433 4.3464567 0.31496063,6.5501969 7.726378 0.31496063,
  1.0285433 7.726378 0.31496063,0.93011811 7.726378 0.31496063,
  0.93011811 5.2913386 0.31496063,1.0285433 5.2913386 0.31496063,
  1.0285433 7.6279528 0.31496063,6.5501969 7.6279528 0.31496063,
  12.263023 7.0942949 0.31496063,12.257144 7.108487 0.31496063,
  12.246282 7.1193492 0.31496063,12.23209 7.125228 0.31496063,
  12.224409 7.1259843 0.31496063,8.6417323 7.1259843 0.31496063,
  8.6340516 7.125228 0.31496063,8.6198594 7.1193492 0.31496063,
  8.6089972 7.108487 0.31496063,8.6031185 7.0942949 0.31496063,
  8.6031185 7.0789335 0.31496063,8.6089972 7.0647413 0.31496063,
  8.6198594 7.0538791 0.31496063,8.6340516 7.0480004 0.31496063,
  8.6417323 7.0472441 0.31496063,12.224409 7.0472441 0.31496063,
  12.23209 7.0480004 0.31496063,12.246282 7.0538791 0.31496063,
  12.257144 7.0647413 0.31496063,12.263023 7.0789335 0.31496063,
  13.051181 7.5826016 0.31496063,13.012635 7.5966307 0.31496063,
  12.971617 7.5966307 0.31496063,12.933071 7.5826016 0.31496063,
  12.901648 7.5562346 0.31496063,12.881139 7.520711 0.31496063,
  12.874016 7.480315 0.31496063,12.881139 7.4399189 0.31496063,
  12.901648 7.4043953 0.31496063,12.933071 7.3780283 0.31496063,
  12.971617 7.3639992 0.31496063,13.012635 7.3639992 0.31496063,
  13.051181 7.3780283 0.31496063,13.082604 7.4043953 0.31496063,
  13.103113 7.4399189 0.31496063,13.110236 7.480315 0.31496063,
  13.103113 7.520711 0.31496063,13.082604 7.5562346 0.31496063,
  13.051181 7.480315 0.31496063,13.051181 7.480315 0.31496063,
  13.04762 7.4601169 0.31496063,13.037365 7.4423551 0.31496063,
  13.021654 7.4291717 0.31496063,13.002381 7.422157 0.31496063,
  12.981871 7.422157 0.31496063,12.962598 7.4291717 0.31496063,
  12.946887 7.4423551 0.31496063,12.936632 7.4601169 0.31496063,
  12.933071 7.480315 0.31496063,12.936632 7.500513 0.31496063,
  12.946887 7.5182749 0.31496063,12.962598 7.5314582 0.31496063,
  12.981871 7.5384729 0.31496063,13.002381 7.5384729 0.31496063,
  13.021654 7.5314582 0.31496063,13.037365 7.5182749 0.31496063,
  13.04762 7.500513 0.31496063,3.9586614 11.494094 0.31496063,
  3.9586614 9.761811 0.31496063,4.4311024 9.761811 0.31496063,
  4.4311024 9.8405512 0.31496063,4.0374016 9.8405512 0.31496063,
  4.0374016 11.494094 0.31496063,8.1318898 9.8405512 0.31496063,
  5.4547244 9.8405512 0.31496063,5.4547244 9.761811 0.31496063,
  8.1318898 9.761811 0.31496063,9.3917323 9.761811 0.31496063,
  9.3917323 13.698819 0.31496063,7.8169291 13.698819 0.31496063,
  7.8169291 13.620079 0.31496063,9.3129921 13.620079 0.31496063,
  9.3129921 9.8405512 0.31496063,8.6830709 9.8405512 0.31496063,
  8.6830709 9.761811 0.31496063,9.3129921 9.761811 0.31496063,
  7.265748 13.698819 0.31496063,4.5885827 13.698819 0.31496063,
  4.5885827 13.620079 0.31496063,7.265748 13.620079 0.31496063,
  4.3012547 13.656628 0.31496063,4.2807449 13.621105 0.31496063,
  4.273622 13.580709 0.31496063,4.2807449 13.540313 0.31496063,
  4.3012547 13.504789 0.31496063,4.3326772 13.478422 0.31496063,
  4.3712228 13.464393 0.31496063,4.4122417 13.464393 0.31496063,
  4.4507874 13.478422 0.31496063,4.4822098 13.504789 0.31496063,
  4.5027197 13.540313 0.31496063,4.5098425 13.580709 0.31496063,
  4.5027197 13.621105 0.31496063,4.4822098 13.656628 0.31496063,
  4.4507874 13.682995 0.31496063,4.4122417 13.697024 0.31496063,
  4.3712228 13.697024 0.31496063,4.3326772 13.682995 0.31496063,
  4.3307087 13.580709 0.31496063,4.3353538 13.604061 0.31496063,
  4.3485821 13.623859 0.31496063,4.3683796 13.637087 0.31496063,
  4.3917323 13.641732 0.31496063,4.415085 13.637087 0.31496063,
  4.4348825 13.623859 0.31496063,4.4481108 13.604061 0.31496063,
  4.4527559 13.580709 0.31496063,4.4481108 13.557356 0.31496063,
  4.4348825 13.537558 0.31496063,4.415085 13.52433 0.31496063,
  4.3917323 13.519685 0.31496063,4.3683796 13.52433 0.31496063,
  4.3485821 13.537558 0.31496063,4.3353538 13.557356 0.31496063,
  7.3757374 13.608394 0.31496063,7.3524622 13.557428 0.31496063,
  7.3444882 13.501969 0.31496063,7.3524622 13.446509 0.31496063,
  7.3757374 13.395543 0.31496063,7.4124291 13.353199 0.31496063,
  7.4595638 13.322907 0.31496063,7.513324 13.307122 0.31496063,
  7.5693531 13.307122 0.31496063,7.6231134 13.322907 0.31496063,
  7.670248 13.353199 0.31496063,7.7069398 13.395543 0.31496063,
  7.730215 13.446509 0.31496063,7.738189 13.501969 0.31496063,
  7.730215 13.557428 0.31496063,7.7069398 13.608394 0.31496063,
  7.670248 13.650738 0.31496063,7.6231134 13.68103 0.31496063,
  7.5693531 13.696815 0.31496063,7.513324 13.696815 0.31496063,
  7.4595638 13.68103 0.31496063,7.4124291 13.650738 0.31496063,
  7.4015748 13.501969 0.31496063,7.4122137 13.555454 0.31496063,
  7.4425107 13.600796 0.31496063,7.4878533 13.631093 0.31496063,
  7.5413386 13.641732 0.31496063,7.5948239 13.631093 0.31496063,
  7.6401665 13.600796 0.31496063,7.6704635 13.555454 0.31496063,
  7.6811024 13.501969 0.31496063,7.6704635 13.448483 0.31496063,
  7.6401665 13.403141 0.31496063,7.5948239 13.372844 0.31496063,
  7.5413386 13.362205 0.31496063,7.4878533 13.372844 0.31496063,
  7.4425107 13.403141 0.31496063,7.4122137 13.448483 0.31496063,
  4.5410917 10.065087 0.31496063,4.5178165 10.01412 0.31496063,
  4.5098425 9.9586614 0.31496063,4.5178165 9.9032024 0.31496063,
  4.5410917 9.8522362 0.31496063,4.5777835 9.8098917 0.31496063,
  4.6249181 9.7796 0.31496063,4.6786783 9.7638146 0.31496063,
  4.7347075 9.7638146 0.31496063,4.7884677 9.7796 0.31496063,
  4.8356024 9.8098917 0.31496063,4.8722941 9.8522362 0.31496063,
  4.8955693 9.9032024 0.31496063,4.9035433 9.9586614 0.31496063,
  4.8955693 10.01412 0.31496063,4.8722941 10.065087 0.31496063,
  4.8356024 10.107431 0.31496063,4.7884677 10.137723 0.31496063,
  4.7347075 10.153508 0.31496063,4.6786783 10.153508 0.31496063,
  4.6249181 10.137723 0.31496063,4.5777835 10.107431 0.31496063,
  4.5669291 9.9586614 0.31496063,4.577568 10.012147 0.31496063,
  4.607865 10.057489 0.31496063,4.6532076 10.087786 0.31496063,
  4.7066929 10.098425 0.31496063,4.7601782 10.087786 0.31496063,
  4.8055208 10.057489 0.31496063,4.8358178 10.012147 0.31496063,
  4.8464567 9.9586614 0.31496063,4.8358178 9.9051761 0.31496063,
  4.8055208 9.8598335 0.31496063,4.7601782 9.8295365 0.31496063,
  4.7066929 9.8188976 0.31496063,4.6532076 9.8295365 0.31496063,
  4.607865 9.8598335 0.31496063,4.577568 9.9051761 0.31496063,
  5.0135327 10.065087 0.31496063,4.9902575 10.01412 0.31496063,
  4.9822835 9.9586614 0.31496063,4.9902575 9.9032024 0.31496063,
  5.0135327 9.8522362 0.31496063,5.0502244 9.8098917 0.31496063,
  5.0973591 9.7796 0.31496063,5.1511193 9.7638146 0.31496063,
  5.2071484 9.7638146 0.31496063,5.2609087 9.7796 0.31496063,
  5.3080433 9.8098917 0.31496063,5.344735 9.8522362 0.31496063,
  5.3680102 9.9032024 0.31496063,5.3759843 9.9586614 0.31496063,
  5.3680102 10.01412 0.31496063,5.344735 10.065087 0.31496063,
  5.3080433 10.107431 0.31496063,5.2609087 10.137723 0.31496063,
  5.2071484 10.153508 0.31496063,5.1511193 10.153508 0.31496063,
  5.0973591 10.137723 0.31496063,5.0502244 10.107431 0.31496063,
  5.0393701 9.9586614 0.31496063,5.050009 10.012147 0.31496063,
  5.0803059 10.057489 0.31496063,5.1256486 10.087786 0.31496063,
  5.1791339 10.098425 0.31496063,5.2326191 10.087786 0.31496063,
  5.2779618 10.057489 0.31496063,5.3082588 10.012147 0.31496063,
  5.3188976 9.9586614 0.31496063,5.3082588 9.9051761 0.31496063,
  5.2779618 9.8598335 0.31496063,5.2326191 9.8295365 0.31496063,
  5.1791339 9.8188976 0.31496063,5.1256486 9.8295365 0.31496063,
  5.0803059 9.8598335 0.31496063,5.050009 9.9051761 0.31496063,
  8.2418791 10.065087 0.31496063,8.2186039 10.01412 0.31496063,
  8.2106299 9.9586614 0.31496063,8.2186039 9.9032024 0.31496063,
  8.2418791 9.8522362 0.31496063,8.2785709 9.8098917 0.31496063,
  8.3257055 9.7796 0.31496063,8.3794657 9.7638146 0.31496063,
  8.4354949 9.7638146 0.31496063,8.4892551 9.7796 0.31496063,
  8.5363898 9.8098917 0.31496063,8.5730815 9.8522362 0.31496063,
  8.5963567 9.9032024 0.31496063,8.6043307 9.9586614 0.31496063,
  8.5963567 10.01412 0.31496063,8.5730815 10.065087 0.31496063,
  8.5363898 10.107431 0.31496063,8.4892551 10.137723 0.31496063,
  8.4354949 10.153508 0.31496063,8.3794657 10.153508 0.31496063,
  8.3257055 10.137723 0.31496063,8.2785709 10.107431 0.31496063,
  8.2677165 9.9586614 0.31496063,8.2783554 10.012147 0.31496063,
  8.3086524 10.057489 0.31496063,8.353995 10.087786 0.31496063,
  8.4074803 10.098425 0.31496063,8.4609656 10.087786 0.31496063,
  8.5063082 10.057489 0.31496063,8.5366052 10.012147 0.31496063,
  8.5472441 9.9586614 0.31496063,8.5366052 9.9051761 0.31496063,
  8.5063082 9.8598335 0.31496063,8.4609656 9.8295365 0.31496063,
  8.4074803 9.8188976 0.31496063,8.353995 9.8295365 0.31496063,
  8.3086524 9.8598335 0.31496063,8.2783554 9.9051761 0.31496063,
  3.9862941 13.656628 0.31496063,3.9657843 13.621105 0.31496063,
  3.9586614 13.580709 0.31496063,3.9657843 13.540313 0.31496063,
  3.9862941 13.504789 0.31496063,4.0177165 13.478422 0.31496063,
  4.0562622 13.464393 0.31496063,4.0972811 13.464393 0.31496063,
  4.1358268 13.478422 0.31496063,4.1672492 13.504789 0.31496063,
  4.1877591 13.540313 0.31496063,4.1948819 13.580709 0.31496063,
  4.1877591 13.621105 0.31496063,4.1672492 13.656628 0.31496063,
  4.1358268 13.682995 0.31496063,4.0972811 13.697024 0.31496063,
  4.0562622 13.697024 0.31496063,4.0177165 13.682995 0.31496063,
  4.015748 13.580709 0.31496063,4.0203932 13.604061 0.31496063,
  4.0336214 13.623859 0.31496063,4.0534189 13.637087 0.31496063,
  4.0767717 13.641732 0.31496063,4.1001244 13.637087 0.31496063,
  4.1199219 13.623859 0.31496063,4.1331501 13.604061 0.31496063,
  4.1377953 13.580709 0.31496063,4.1331501 13.557356 0.31496063,
  4.1199219 13.537558 0.31496063,4.1001244 13.52433 0.31496063,
  4.0767717 13.519685 0.31496063,4.0534189 13.52433 0.31496063,
  4.0336214 13.537558 0.31496063,4.0203932 13.557356 0.31496063,
  3.9862941 13.341668 0.31496063,3.9657843 13.306144 0.31496063,
  3.9586614 13.265748 0.31496063,3.9657843 13.225352 0.31496063,
  3.9862941 13.189828 0.31496063,4.0177165 13.163461 0.31496063,
  4.0562622 13.149432 0.31496063,4.0972811 13.149432 0.31496063,
  4.1358268 13.163461 0.31496063,4.1672492 13.189828 0.31496063,
  4.1877591 13.225352 0.31496063,4.1948819 13.265748 0.31496063,
  4.1877591 13.306144 0.31496063,4.1672492 13.341668 0.31496063,
  4.1358268 13.368035 0.31496063,4.0972811 13.382064 0.31496063,
  4.0562622 13.382064 0.31496063,4.0177165 13.368035 0.31496063,
  4.015748 13.265748 0.31496063,4.0203932 13.289101 0.31496063,
  4.0336214 13.308898 0.31496063,4.0534189 13.322127 0.31496063,
  4.0767717 13.326772 0.31496063,4.1001244 13.322127 0.31496063,
  4.1199219 13.308898 0.31496063,4.1331501 13.289101 0.31496063,
  4.1377953 13.265748 0.31496063,4.1331501 13.242395 0.31496063,
  4.1199219 13.222598 0.31496063,4.1001244 13.20937 0.31496063,
  4.0767717 13.204724 0.31496063,4.0534189 13.20937 0.31496063,
  4.0336214 13.222598 0.31496063,4.0203932 13.242395 0.31496063,
  3.9862941 13.026707 0.31496063,3.9657843 12.991183 0.31496063,
  3.9586614 12.950787 0.31496063,3.9657843 12.910391 0.31496063,
  3.9862941 12.874868 0.31496063,4.0177165 12.848501 0.31496063,
  4.0562622 12.834472 0.31496063,4.0972811 12.834472 0.31496063,
  4.1358268 12.848501 0.31496063,4.1672492 12.874868 0.31496063,
  4.1877591 12.910391 0.31496063,4.1948819 12.950787 0.31496063,
  4.1877591 12.991183 0.31496063,4.1672492 13.026707 0.31496063,
  4.1358268 13.053074 0.31496063,4.0972811 13.067103 0.31496063,
  4.0562622 13.067103 0.31496063,4.0177165 13.053074 0.31496063,
  4.015748 12.950787 0.31496063,4.0203932 12.97414 0.31496063,
  4.0336214 12.993938 0.31496063,4.0534189 13.007166 0.31496063,
  4.0767717 13.011811 0.31496063,4.1001244 13.007166 0.31496063,
  4.1199219 12.993938 0.31496063,4.1331501 12.97414 0.31496063,
  4.1377953 12.950787 0.31496063,4.1331501 12.927435 0.31496063,
  4.1199219 12.907637 0.31496063,4.1001244 12.894409 0.31496063,
  4.0767717 12.889764 0.31496063,4.0534189 12.894409 0.31496063,
  4.0336214 12.907637 0.31496063,4.0203932 12.927435 0.31496063,
  3.9862941 12.711746 0.31496063,3.9657843 12.676223 0.31496063,
  3.9586614 12.635827 0.31496063,3.9657843 12.595431 0.31496063,
  3.9862941 12.559907 0.31496063,4.0177165 12.53354 0.31496063,
  4.0562622 12.519511 0.31496063,4.0972811 12.519511 0.31496063,
  4.1358268 12.53354 0.31496063,4.1672492 12.559907 0.31496063,
  4.1877591 12.595431 0.31496063,4.1948819 12.635827 0.31496063,
  4.1877591 12.676223 0.31496063,4.1672492 12.711746 0.31496063,
  4.1358268 12.738113 0.31496063,4.0972811 12.752143 0.31496063,
  4.0562622 12.752143 0.31496063,4.0177165 12.738113 0.31496063,
  4.015748 12.635827 0.31496063,4.0203932 12.65918 0.31496063,
  4.0336214 12.678977 0.31496063,4.0534189 12.692205 0.31496063,
  4.0767717 12.69685 0.31496063,4.1001244 12.692205 0.31496063,
  4.1199219 12.678977 0.31496063,4.1331501 12.65918 0.31496063,
  4.1377953 12.635827 0.31496063,4.1331501 12.612474 0.31496063,
  4.1199219 12.592677 0.31496063,4.1001244 12.579448 0.31496063,
  4.0767717 12.574803 0.31496063,4.0534189 12.579448 0.31496063,
  4.0336214 12.592677 0.31496063,4.0203932 12.612474 0.31496063,
  3.9862941 12.396786 0.31496063,3.9657843 12.361262 0.31496063,
  3.9586614 12.320866 0.31496063,3.9657843 12.28047 0.31496063,
  3.9862941 12.244946 0.31496063,4.0177165 12.21858 0.31496063,
  4.0562622 12.20455 0.31496063,4.0972811 12.20455 0.31496063,
  4.1358268 12.21858 0.31496063,4.1672492 12.244946 0.31496063,
  4.1877591 12.28047 0.31496063,4.1948819 12.320866 0.31496063,
  4.1877591 12.361262 0.31496063,4.1672492 12.396786 0.31496063,
  4.1358268 12.423153 0.31496063,4.0972811 12.437182 0.31496063,
  4.0562622 12.437182 0.31496063,4.0177165 12.423153 0.31496063,
  4.015748 12.320866 0.31496063,4.0203932 12.344219 0.31496063,
  4.0336214 12.364016 0.31496063,4.0534189 12.377245 0.31496063,
  4.0767717 12.38189 0.31496063,4.1001244 12.377245 0.31496063,
  4.1199219 12.364016 0.31496063,4.1331501 12.344219 0.31496063,
  4.1377953 12.320866 0.31496063,4.1331501 12.297513 0.31496063,
  4.1199219 12.277716 0.31496063,4.1001244 12.264488 0.31496063,
  4.0767717 12.259843 0.31496063,4.0534189 12.264488 0.31496063,
  4.0336214 12.277716 0.31496063,4.0203932 12.297513 0.31496063,
  3.9862941 12.081825 0.31496063,3.9657843 12.046302 0.31496063,
  3.9586614 12.005906 0.31496063,3.9657843 11.965509 0.31496063,
  3.9862941 11.929986 0.31496063,4.0177165 11.903619 0.31496063,
  4.0562622 11.88959 0.31496063,4.0972811 11.88959 0.31496063,
  4.1358268 11.903619 0.31496063,4.1672492 11.929986 0.31496063,
  4.1877591 11.965509 0.31496063,4.1948819 12.005906 0.31496063,
  4.1877591 12.046302 0.31496063,4.1672492 12.081825 0.31496063,
  4.1358268 12.108192 0.31496063,4.0972811 12.122221 0.31496063,
  4.0562622 12.122221 0.31496063,4.0177165 12.108192 0.31496063,
  4.015748 12.005906 0.31496063,4.0203932 12.029258 0.31496063,
  4.0336214 12.049056 0.31496063,4.0534189 12.062284 0.31496063,
  4.0767717 12.066929 0.31496063,4.1001244 12.062284 0.31496063,
  4.1199219 12.049056 0.31496063,4.1331501 12.029258 0.31496063,
  4.1377953 12.005906 0.31496063,4.1331501 11.982553 0.31496063,
  4.1199219 11.962755 0.31496063,4.1001244 11.949527 0.31496063,
  4.0767717 11.944882 0.31496063,4.0534189 11.949527 0.31496063,
  4.0336214 11.962755 0.31496063,4.0203932 11.982553 0.31496063,
  3.9862941 11.766865 0.31496063,3.9657843 11.731341 0.31496063,
  3.9586614 11.690945 0.31496063,3.9657843 11.650549 0.31496063,
  3.9862941 11.615025 0.31496063,4.0177165 11.588658 0.31496063,
  4.0562622 11.574629 0.31496063,4.0972811 11.574629 0.31496063,
  4.1358268 11.588658 0.31496063,4.1672492 11.615025 0.31496063,
  4.1877591 11.650549 0.31496063,4.1948819 11.690945 0.31496063,
  4.1877591 11.731341 0.31496063,4.1672492 11.766865 0.31496063,
  4.1358268 11.793231 0.31496063,4.0972811 11.807261 0.31496063,
  4.0562622 11.807261 0.31496063,4.0177165 11.793231 0.31496063,
  4.015748 11.690945 0.31496063,4.0203932 11.714298 0.31496063,
  4.0336214 11.734095 0.31496063,4.0534189 11.747323 0.31496063,
  4.0767717 11.751969 0.31496063,4.1001244 11.747323 0.31496063,
  4.1199219 11.734095 0.31496063,4.1331501 11.714298 0.31496063,
  4.1377953 11.690945 0.31496063,4.1331501 11.667592 0.31496063,
  4.1199219 11.647795 0.31496063,4.1001244 11.634566 0.31496063,
  4.0767717 11.629921 0.31496063,4.0534189 11.634566 0.31496063,
  4.0336214 11.647795 0.31496063,4.0203932 11.667592 0.31496063,
  12.055192 6.9263134 0.31496063,12.034682 6.8907898 0.31496063,
  12.027559 6.8503937 0.31496063,12.034682 6.8099976 0.31496063,
  12.055192 6.774474 0.31496063,12.086614 6.7481071 0.31496063,
  12.12516 6.734078 0.31496063,12.166179 6.734078 0.31496063,
  12.204724 6.7481071 0.31496063,12.236147 6.774474 0.31496063,
  12.256657 6.8099976 0.31496063,12.26378 6.8503937 0.31496063,
  12.256657 6.8907898 0.31496063,12.236147 6.9263134 0.31496063,
  12.204724 6.9526803 0.31496063,12.166179 6.9667094 0.31496063,
  12.12516 6.9667094 0.31496063,12.086614 6.9526803 0.31496063,
  12.084646 6.8503937 0.31496063,12.089291 6.8737464 0.31496063,
  12.102519 6.8935439 0.31496063,12.122317 6.9067722 0.31496063,
  12.145669 6.9114173 0.31496063,12.169022 6.9067722 0.31496063,
  12.18882 6.8935439 0.31496063,12.202048 6.8737464 0.31496063,
  12.206693 6.8503937 0.31496063,12.202048 6.827041 0.31496063,
  12.18882 6.8072435 0.31496063,12.169022 6.7940152 0.31496063,
  12.145669 6.7893701 0.31496063,12.122317 6.7940152 0.31496063,
  12.102519 6.8072435 0.31496063,12.089291 6.827041 0.31496063,
  12.055192 6.5522976 0.31496063,12.034682 6.516774 0.31496063,
  12.027559 6.476378 0.31496063,12.034682 6.4359819 0.31496063,
  12.055192 6.4004583 0.31496063,12.086614 6.3740913 0.31496063,
  12.12516 6.3600622 0.31496063,12.166179 6.3600622 0.31496063,
  12.204724 6.3740913 0.31496063,12.236147 6.4004583 0.31496063,
  12.256657 6.4359819 0.31496063,12.26378 6.476378 0.31496063,
  12.256657 6.516774 0.31496063,12.236147 6.5522976 0.31496063,
  12.204724 6.5786646 0.31496063,12.166179 6.5926937 0.31496063,
  12.12516 6.5926937 0.31496063,12.086614 6.5786646 0.31496063,
  12.084646 6.476378 0.31496063,12.089291 6.4997307 0.31496063,
  12.102519 6.5195282 0.31496063,12.122317 6.5327564 0.31496063,
  12.145669 6.5374016 0.31496063,12.169022 6.5327564 0.31496063,
  12.18882 6.5195282 0.31496063,12.202048 6.4997307 0.31496063,
  12.206693 6.476378 0.31496063,12.202048 6.4530252 0.31496063,
  12.18882 6.4332277 0.31496063,12.169022 6.4199995 0.31496063,
  12.145669 6.4153543 0.31496063,12.122317 6.4199995 0.31496063,
  12.102519 6.4332277 0.31496063,12.089291 6.4530252 0.31496063,
  12.055192 6.1782827 0.31496063,12.034682 6.1427591 0.31496063,
  12.027559 6.102363 0.31496063,12.034682 6.0619669 0.31496063,
  12.055192 6.0264433 0.31496063,12.086614 6.0000764 0.31496063,
  12.12516 5.9860472 0.31496063,12.166179 5.9860472 0.31496063,
  12.204724 6.0000764 0.31496063,12.236147 6.0264433 0.31496063,
  12.256657 6.0619669 0.31496063,12.256838 6.0629929 0.31496063,
  12.296394 6.0629929 0.31496063,12.952756 5.4066319 0.31496063,
  12.952756 2.1816622 0.31496063,12.897077 2.1259835 0.31496063,
  12.480315 2.1259835 0.31496063,12.472634 2.1252272 0.31496063,
  12.458442 2.1193484 0.31496063,12.44758 2.1084862 0.31496063,
  12.441701 2.0942941 0.31496063,12.441701 2.0789327 0.31496063,
  12.44758 2.0647406 0.31496063,12.458442 2.0538783 0.31496063,
  12.472634 2.0479996 0.31496063,12.480315 2.0472433 0.31496063,
  12.913385 2.0472433 0.31496063,12.921066 2.0479996 0.31496063,
  12.935258 2.0538783 0.31496063,12.941224 2.0587744 0.31496063,
  13.019965 2.1375157 0.31496063,13.024861 2.1434815 0.31496063,
  13.03074 2.1576736 0.31496063,13.031496 2.1653543 0.31496063,
  13.031496 5.4229394 0.31496063,13.03074 5.4306201 0.31496063,
  13.024861 5.4448122 0.31496063,13.024861 5.4448126 0.31496063,
  13.019965 5.4507783 0.31496063,12.340541 6.130202 0.31496063,
  12.334575 6.135098 0.31496063,12.320383 6.1409768 0.31496063,
  12.312702 6.1417331 0.31496063,12.256838 6.1417331 0.31496063,
  12.256657 6.1427591 0.31496063,12.236147 6.1782827 0.31496063,
  12.204724 6.2046496 0.31496063,12.166179 6.2186787 0.31496063,
  12.12516 6.2186787 0.31496063,12.086614 6.2046496 0.31496063,
  12.084646 6.102363 0.31496063,12.089291 6.1257157 0.31496063,
  12.102519 6.1455132 0.31496063,12.122317 6.1587415 0.31496063,
  12.145669 6.1633866 0.31496063,12.169022 6.1587415 0.31496063,
  12.18882 6.1455132 0.31496063,12.202048 6.1257157 0.31496063,
  12.206693 6.102363 0.31496063,12.202048 6.0790103 0.31496063,
  12.18882 6.0592128 0.31496063,12.169022 6.0459845 0.31496063,
  12.145669 6.0413394 0.31496063,12.122317 6.0459845 0.31496063,
  12.102519 6.0592128 0.31496063,12.089291 6.0790103 0.31496063,
  8.6594488 6.496063 0.31496063,8.664094 6.5194157 0.31496063,
  8.6773222 6.5392132 0.31496063,8.6971197 6.5524415 0.31496063,
  8.7204724 6.5570866 0.31496063,8.7438252 6.5524415 0.31496063,
  8.7636227 6.5392132 0.31496063,8.7768509 6.5194157 0.31496063,
  8.7814961 6.496063 0.31496063,8.7768509 6.4727103 0.31496063,
  8.7636227 6.4529128 0.31496063,8.7438252 6.4396845 0.31496063,
  8.7204724 6.4350394 0.31496063,8.6971197 6.4396845 0.31496063,
  8.6773222 6.4529128 0.31496063,8.664094 6.4727103 0.31496063,
  8.6299949 6.9263134 0.31496063,8.609485 6.8907898 0.31496063,
  8.6023622 6.8503937 0.31496063,8.609485 6.8099976 0.31496063,
  8.6299949 6.774474 0.31496063,8.6614173 6.7481071 0.31496063,
  8.699963 6.734078 0.31496063,8.7409819 6.734078 0.31496063,
  8.7795276 6.7481071 0.31496063,8.81095 6.774474 0.31496063,
  8.8314598 6.8099976 0.31496063,8.8385827 6.8503937 0.31496063,
  8.8314598 6.8907898 0.31496063,8.81095 6.9263134 0.31496063,
  8.7795276 6.9526803 0.31496063,8.7409819 6.9667094 0.31496063,
  8.699963 6.9667094 0.31496063,8.6614173 6.9526803 0.31496063,
  8.6594488 6.8503937 0.31496063,8.664094 6.8737464 0.31496063,
  8.6773222 6.8935439 0.31496063,8.6971197 6.9067722 0.31496063,
  8.7204724 6.9114173 0.31496063,8.7438252 6.9067722 0.31496063,
  8.7636227 6.8935439 0.31496063,8.7768509 6.8737464 0.31496063,
  8.7814961 6.8503937 0.31496063,8.7768509 6.827041 0.31496063,
  8.7636227 6.8072435 0.31496063,8.7438252 6.7940152 0.31496063,
  8.7204724 6.7893701 0.31496063,8.6971197 6.7940152 0.31496063,
  8.6773222 6.8072435 0.31496063,8.664094 6.827041 0.31496063,
  6.6565697 6.6900929 0.31496063,6.6360598 6.6545693 0.31496063,
  6.628937 6.6141732 0.31496063,6.6360598 6.5737772 0.31496063,
  6.6565697 6.5382535 0.31496063,6.6879921 6.5118866 0.31496063,
  6.7265378 6.4978575 0.31496063,6.7675567 6.4978575 0.31496063,
  6.8061024 6.5118866 0.31496063,6.8375248 6.5382535 0.31496063,
  6.8580346 6.5737772 0.31496063,6.8651575 6.6141732 0.31496063,
  6.8580346 6.6545693 0.31496063,6.8375248 6.6900929 0.31496063,
  6.8061024 6.7164598 0.31496063,6.7675567 6.730489 0.31496063,
  6.7265378 6.730489 0.31496063,6.6879921 6.7164598 0.31496063,
  6.6860236 6.6141732 0.31496063,6.6906688 6.637526 0.31496063,
  6.703897 6.6573234 0.31496063,6.7236945 6.6705517 0.31496063,
  6.7470472 6.6751969 0.31496063,6.7704 6.6705517 0.31496063,
  6.7901975 6.6573234 0.31496063,6.8034257 6.637526 0.31496063,
  6.8080709 6.6141732 0.31496063,6.8034257 6.5908205 0.31496063,
  6.7901975 6.571023 0.31496063,6.7704 6.5577948 0.31496063,
  6.7470472 6.5531496 0.31496063,6.7236945 6.5577948 0.31496063,
  6.703897 6.571023 0.31496063,6.6906688 6.5908205 0.31496063,
  6.6565697 6.217652 0.31496063,6.6360598 6.1821283 0.31496063,
  6.628937 6.1417323 0.31496063,6.6360598 6.1013362 0.31496063,
  6.6565697 6.0658126 0.31496063,6.6879921 6.0394457 0.31496063,
  6.7265378 6.0254165 0.31496063,6.7675567 6.0254165 0.31496063,
  6.8061024 6.0394457 0.31496063,6.8375248 6.0658126 0.31496063,
  6.8580346 6.1013362 0.31496063,6.8651575 6.1417323 0.31496063,
  6.8580346 6.1821283 0.31496063,6.8375248 6.217652 0.31496063,
  6.8061024 6.2440189 0.31496063,6.7675567 6.258048 0.31496063,
  6.7265378 6.258048 0.31496063,6.6879921 6.2440189 0.31496063,
  6.6860236 6.1417323 0.31496063,6.6906688 6.165085 0.31496063,
  6.703897 6.1848825 0.31496063,6.7236945 6.1981108 0.31496063,
  6.7470472 6.2027559 0.31496063,6.7704 6.1981108 0.31496063,
  6.7901975 6.1848825 0.31496063,6.8034257 6.165085 0.31496063,
  6.8080709 6.1417323 0.31496063,6.8034257 6.1183796 0.31496063,
  6.7901975 6.0985821 0.31496063,6.7704 6.0853538 0.31496063,
  6.7470472 6.0807087 0.31496063,6.7236945 6.0853538 0.31496063,
  6.703897 6.0985821 0.31496063,6.6906688 6.1183796 0.31496063,
  6.6565697 7.1625339 0.31496063,6.6360598 7.1270102 0.31496063,
  6.628937 7.0866142 0.31496063,6.6360598 7.0462181 0.31496063,
  6.6565697 7.0106945 0.31496063,6.6879921 6.9843276 0.31496063,
  6.7265378 6.9702984 0.31496063,6.7675567 6.9702984 0.31496063,
  6.8061024 6.9843276 0.31496063,6.8375248 7.0106945 0.31496063,
  6.8580346 7.0462181 0.31496063,6.8582157 7.0472441 0.31496063,
  7.0703063 7.0472441 0.31496063,7.6493264 6.4682244 0.31496063,
  7.6552921 6.463328 0.31496063,7.6594488 6.4616063 0.31496063,
  7.6694846 6.4574492 0.31496063,7.6771654 6.4566929 0.31496063,
  8.6093039 6.4566929 0.31496063,8.609485 6.4556669 0.31496063,
  8.6299949 6.4201433 0.31496063,8.6614173 6.3937764 0.31496063,
  8.699963 6.3797472 0.31496063,8.7409819 6.3797472 0.31496063,
  8.7795276 6.3937764 0.31496063,8.81095 6.4201433 0.31496063,
  8.8314598 6.4556669 0.31496063,8.8385827 6.496063 0.31496063,
  8.8314598 6.5364591 0.31496063,8.81095 6.5719827 0.31496063,
  8.7795276 6.5983496 0.31496063,8.7409819 6.6123787 0.31496063,
  8.699963 6.6123787 0.31496063,8.6614173 6.5983496 0.31496063,
  8.6299949 6.5719827 0.31496063,8.609485 6.5364591 0.31496063,
  8.6093039 6.5354331 0.31496063,7.6934728 6.5354331 0.31496063,
  7.1144531 7.1144531 0.31496063,7.108487 7.1193492 0.31496063,
  7.0942949 7.125228 0.31496063,7.0866142 7.1259843 0.31496063,
  6.8582157 7.1259843 0.31496063,6.8580346 7.1270102 0.31496063,
  6.8375248 7.1625339 0.31496063,6.8061024 7.1889008 0.31496063,
  6.7675567 7.2029299 0.31496063,6.7265378 7.2029299 0.31496063,
  6.6879921 7.1889008 0.31496063,6.6860236 7.0866142 0.31496063,
  6.6906688 7.1099669 0.31496063,6.703897 7.1297644 0.31496063,
  6.7236945 7.1429926 0.31496063,6.7470472 7.1476378 0.31496063,
  6.7704 7.1429926 0.31496063,6.7901975 7.1297644 0.31496063,
  6.8034257 7.1099669 0.31496063,6.8080709 7.0866142 0.31496063,
  6.8034257 7.0632614 0.31496063,6.7901975 7.043464 0.31496063,
  6.7704 7.0302357 0.31496063,6.7470472 7.0255906 0.31496063,
  6.7236945 7.0302357 0.31496063,6.703897 7.043464 0.31496063,
  6.6906688 7.0632614 0.31496063,6.6565697 7.6349748 0.31496063,
  6.6360598 7.5994512 0.31496063,6.628937 7.5590551 0.31496063,
  6.6360598 7.5186591 0.31496063,6.6565697 7.4831354 0.31496063,
  6.6879921 7.4567685 0.31496063,6.7265378 7.4427394 0.31496063,
  6.7675567 7.4427394 0.31496063,6.8061024 7.4567685 0.31496063,
  6.8375248 7.4831354 0.31496063,6.8580346 7.5186591 0.31496063,
  6.8651575 7.5590551 0.31496063,6.8580346 7.5994512 0.31496063,
  6.8375248 7.6349748 0.31496063,6.8061024 7.6613417 0.31496063,
  6.7675567 7.6753709 0.31496063,6.7265378 7.6753709 0.31496063,
  6.6879921 7.6613417 0.31496063,6.6860236 7.5590551 0.31496063,
  6.6906688 7.5824078 0.31496063,6.703897 7.6022053 0.31496063,
  6.7236945 7.6154336 0.31496063,6.7470472 7.6200787 0.31496063,
  6.7704 7.6154336 0.31496063,6.7901975 7.6022053 0.31496063,
  6.8034257 7.5824078 0.31496063,6.8080709 7.5590551 0.31496063,
  6.8034257 7.5357024 0.31496063,6.7901975 7.5159049 0.31496063,
  6.7704 7.5026766 0.31496063,6.7470472 7.4980315 0.31496063,
  6.7236945 7.5026766 0.31496063,6.703897 7.5159049 0.31496063,
  6.6906688 7.5357024 0.31496063,0.97743583 5.0916677 0.31496063,
  0.95692598 5.0561441 0.31496063,0.94980315 5.015748 0.31496063,
  0.95692598 4.975352 0.31496063,0.97743583 4.9398283 0.31496063,
  1.0088583 4.9134614 0.31496063,1.0474039 4.8994323 0.31496063,
  1.0884228 4.8994323 0.31496063,1.1269685 4.9134614 0.31496063,
  1.1583909 4.9398283 0.31496063,1.1789008 4.975352 0.31496063,
  1.1860236 5.015748 0.31496063,1.1789008 5.0561441 0.31496063,
  1.1583909 5.0916677 0.31496063,1.1269685 5.1180346 0.31496063,
  1.0884228 5.1320638 0.31496063,1.0474039 5.1320638 0.31496063,
  1.0088583 5.1180346 0.31496063,1.0068898 5.015748 0.31496063,
  1.0115349 5.0391008 0.31496063,1.0247632 5.0588982 0.31496063,
  1.0445607 5.0721265 0.31496063,1.0679134 5.0767717 0.31496063,
  1.0912661 5.0721265 0.31496063,1.1110636 5.0588982 0.31496063,
  1.1242919 5.0391008 0.31496063,1.128937 5.015748 0.31496063,
  1.1242919 4.9923953 0.31496063,1.1110636 4.9725978 0.31496063,
  1.0912661 4.9593696 0.31496063,1.0679134 4.9547244 0.31496063,
  1.0445607 4.9593696 0.31496063,1.0247632 4.9725978 0.31496063,
  1.0115349 4.9923953 0.31496063,0.97743583 4.6979669 0.31496063,
  0.95692598 4.6624433 0.31496063,0.94980315 4.6220472 0.31496063,
  0.95692598 4.5816512 0.31496063,0.97743583 4.5461276 0.31496063,
  1.0088583 4.5197606 0.31496063,1.0474039 4.5057315 0.31496063,
  1.0884228 4.5057315 0.31496063,1.1269685 4.5197606 0.31496063,
  1.1583909 4.5461276 0.31496063,1.1789008 4.5816512 0.31496063,
  1.1860236 4.6220472 0.31496063,1.1789008 4.6624433 0.31496063,
  1.1583909 4.6979669 0.31496063,1.1269685 4.7243339 0.31496063,
  1.0884228 4.738363 0.31496063,1.0474039 4.738363 0.31496063,
  1.0088583 4.7243339 0.31496063,1.0068898 4.6220472 0.31496063,
  1.0115349 4.6454 0.31496063,1.0247632 4.6651975 0.31496063,
  1.0445607 4.6784257 0.31496063,1.0679134 4.6830709 0.31496063,
  1.0912661 4.6784257 0.31496063,1.1110636 4.6651975 0.31496063,
  1.1242919 4.6454 0.31496063,1.128937 4.6220472 0.31496063,
  1.1242919 4.5986945 0.31496063,1.1110636 4.578897 0.31496063,
  1.0912661 4.5656688 0.31496063,1.0679134 4.5610236 0.31496063,
  1.0445607 4.5656688 0.31496063,1.0247632 4.578897 0.31496063,
  1.0115349 4.5986945 0.31496063] }
 coordIndex [
  22,23,24,-1,22,24,25,-1,22,25,26,-1,22,26,27,-1,22,27,11,-1,22,11,12,-1,22,12,21,-1,21,13,20,-1,
  20,13,14,-1,20,14,19,-1,19,14,15,-1,19,15,18,-1,18,15,16,-1,18,16,17,-1,11,27,10,-1,10,27,28,-1,
  10,28,9,-1,9,28,29,-1,9,29,8,-1,8,29,0,-1,8,0,5,-1,5,0,1,-1,5,1,4,-1,4,1,2,-1,
  4,2,3,-1,6,7,8,-1,6,8,5,-1,30,31,63,-1,30,63,64,-1,30,64,65,-1,30,65,48,-1,30,48,43,-1,
  30,43,47,-1,59,60,32,-1,32,60,61,-1,32,61,31,-1,31,61,62,-1,31,62,63,-1,54,55,40,-1,40,55,56,-1,
  40,56,39,-1,39,56,57,-1,39,57,33,-1,33,57,58,-1,33,58,32,-1,32,58,59,-1,36,37,35,-1,35,37,38,-1,
  35,38,34,-1,34,38,39,-1,34,39,33,-1,44,45,46,-1,44,46,47,-1,44,47,43,-1,42,43,48,-1,42,48,49,-1,
  42,49,50,-1,42,50,51,-1,42,51,41,-1,54,40,53,-1,53,40,41,-1,53,41,52,-1,52,41,51,-1,75,77,74,-1,
  74,77,78,-1,74,78,73,-1,73,78,79,-1,73,79,72,-1,72,79,80,-1,72,80,71,-1,71,80,81,-1,71,81,70,-1,
  70,81,82,-1,70,82,69,-1,69,82,83,-1,69,83,68,-1,68,83,84,-1,68,84,67,-1,67,84,85,-1,67,85,66,-1,
  95,97,94,-1,94,97,98,-1,94,98,93,-1,93,98,99,-1,93,99,92,-1,92,99,100,-1,92,100,91,-1,91,100,101,-1,
  91,101,90,-1,90,101,102,-1,90,102,89,-1,89,102,103,-1,89,103,88,-1,88,103,104,-1,88,104,87,-1,87,104,105,-1,
  87,105,86,-1,115,117,114,-1,114,117,118,-1,114,118,113,-1,113,118,119,-1,113,119,112,-1,112,119,120,-1,112,120,111,-1,
  111,120,121,-1,111,121,110,-1,110,121,122,-1,110,122,109,-1,109,122,123,-1,109,123,108,-1,108,123,124,-1,108,124,107,-1,
  107,124,125,-1,107,125,106,-1,135,137,134,-1,134,137,138,-1,134,138,133,-1,133,138,139,-1,133,139,132,-1,132,139,140,-1,
  132,140,131,-1,131,140,141,-1,131,141,130,-1,130,141,142,-1,130,142,129,-1,129,142,143,-1,129,143,128,-1,128,143,144,-1,
  128,144,127,-1,127,144,145,-1,127,145,126,-1,155,157,154,-1,154,157,158,-1,154,158,153,-1,153,158,159,-1,153,159,152,-1,
  152,159,160,-1,152,160,151,-1,151,160,161,-1,151,161,150,-1,150,161,162,-1,150,162,149,-1,149,162,163,-1,149,163,148,-1,
  148,163,164,-1,148,164,147,-1,147,164,165,-1,147,165,146,-1,175,177,174,-1,174,177,178,-1,174,178,173,-1,173,178,179,-1,
  173,179,172,-1,172,179,180,-1,172,180,171,-1,171,180,181,-1,171,181,170,-1,170,181,182,-1,170,182,169,-1,169,182,183,-1,
  169,183,168,-1,168,183,184,-1,168,184,167,-1,167,184,185,-1,167,185,166,-1,195,197,194,-1,194,197,198,-1,194,198,193,-1,
  193,198,199,-1,193,199,192,-1,192,199,200,-1,192,200,191,-1,191,200,201,-1,191,201,190,-1,190,201,202,-1,190,202,189,-1,
  189,202,203,-1,189,203,188,-1,188,203,204,-1,188,204,187,-1,187,204,205,-1,187,205,186,-1,215,217,214,-1,214,217,218,-1,
  214,218,213,-1,213,218,219,-1,213,219,212,-1,212,219,220,-1,212,220,211,-1,211,220,221,-1,211,221,210,-1,210,221,222,-1,
  210,222,209,-1,209,222,223,-1,209,223,208,-1,208,223,224,-1,208,224,207,-1,207,224,225,-1,207,225,206,-1,248,249,245,-1,
  245,249,250,-1,245,250,234,-1,234,250,251,-1,234,251,233,-1,233,251,252,-1,233,252,232,-1,232,252,253,-1,232,253,231,-1,
  231,253,226,-1,231,226,229,-1,229,226,227,-1,229,227,228,-1,247,248,245,-1,247,245,246,-1,245,235,244,-1,244,235,236,-1,
  244,236,243,-1,243,236,237,-1,243,237,242,-1,242,237,238,-1,242,238,241,-1,241,238,239,-1,241,239,240,-1,263,265,262,-1,
  262,265,266,-1,262,266,261,-1,261,266,267,-1,261,267,260,-1,260,267,268,-1,260,268,259,-1,259,268,269,-1,259,269,258,-1,
  258,269,270,-1,258,270,257,-1,257,270,271,-1,257,271,256,-1,256,271,272,-1,256,272,255,-1,255,272,273,-1,255,273,254,-1,
  281,282,274,-1,281,274,275,-1,281,275,276,-1,281,276,280,-1,277,278,279,-1,277,279,280,-1,277,280,276,-1,284,285,287,-1,
  284,287,288,-1,284,288,289,-1,284,289,283,-1,299,301,298,-1,298,301,302,-1,298,302,297,-1,297,302,303,-1,297,303,296,-1,
  296,303,304,-1,296,304,295,-1,295,304,305,-1,295,305,294,-1,294,305,306,-1,294,306,293,-1,293,306,307,-1,293,307,292,-1,
  292,307,308,-1,292,308,291,-1,291,308,309,-1,291,309,290,-1,345,346,310,-1,310,346,328,-1,310,328,323,-1,323,329,322,-1,
  322,329,330,-1,322,330,331,-1,342,343,311,-1,311,343,344,-1,311,344,310,-1,310,344,345,-1,312,313,339,-1,312,339,340,-1,
  312,340,341,-1,312,341,342,-1,312,342,311,-1,316,317,315,-1,315,317,318,-1,315,318,314,-1,314,318,319,-1,314,319,313,-1,
  313,319,338,-1,313,338,339,-1,310,323,327,-1,327,323,324,-1,327,324,326,-1,326,324,325,-1,332,333,321,-1,332,321,322,-1,
  332,322,331,-1,334,335,320,-1,334,320,321,-1,334,321,333,-1,338,319,337,-1,337,319,320,-1,337,320,336,-1,336,320,335,-1,
  351,352,347,-1,351,347,348,-1,351,348,349,-1,351,349,350,-1,354,355,356,-1,354,356,353,-1,358,361,357,-1,357,361,362,-1,
  357,362,365,-1,365,362,363,-1,365,363,364,-1,359,360,361,-1,359,361,358,-1,367,368,369,-1,367,369,366,-1,381,382,380,-1,
  380,382,383,-1,380,383,379,-1,379,383,396,-1,379,396,378,-1,378,396,397,-1,378,397,398,-1,384,385,393,-1,384,393,394,-1,
  384,394,395,-1,384,395,396,-1,384,396,383,-1,390,391,386,-1,386,391,392,-1,386,392,385,-1,385,392,393,-1,374,375,370,-1,
  370,375,388,-1,370,388,387,-1,387,388,389,-1,387,389,386,-1,386,389,390,-1,401,376,400,-1,400,376,377,-1,400,377,399,-1,
  399,377,378,-1,399,378,398,-1,388,375,403,-1,403,375,376,-1,403,376,402,-1,402,376,401,-1,371,372,373,-1,371,373,374,-1,
  371,374,370,-1,417,418,416,-1,416,418,419,-1,416,419,415,-1,415,419,434,-1,415,434,435,-1,426,427,425,-1,425,427,428,-1,
  425,428,424,-1,424,428,429,-1,424,429,423,-1,423,429,430,-1,423,430,422,-1,422,430,431,-1,422,431,421,-1,421,431,432,-1,
  421,432,420,-1,420,432,433,-1,420,433,419,-1,419,433,434,-1,404,405,408,-1,404,408,409,-1,404,409,426,-1,404,426,425,-1,
  415,435,414,-1,414,435,436,-1,414,436,413,-1,413,436,437,-1,413,437,412,-1,412,437,438,-1,412,438,411,-1,411,438,439,-1,
  411,439,410,-1,410,439,440,-1,410,440,409,-1,409,440,441,-1,409,441,426,-1,405,406,407,-1,405,407,408,-1,455,456,454,-1,
  454,456,457,-1,454,457,453,-1,453,457,472,-1,453,472,473,-1,464,465,463,-1,463,465,466,-1,463,466,462,-1,462,466,467,-1,
  462,467,461,-1,461,467,468,-1,461,468,460,-1,460,468,469,-1,460,469,459,-1,459,469,470,-1,459,470,458,-1,458,470,471,-1,
  458,471,457,-1,457,471,472,-1,442,443,446,-1,442,446,447,-1,442,447,464,-1,442,464,463,-1,453,473,452,-1,452,473,474,-1,
  452,474,451,-1,451,474,475,-1,451,475,450,-1,450,475,476,-1,450,476,449,-1,449,476,477,-1,449,477,448,-1,448,477,478,-1,
  448,478,447,-1,447,478,479,-1,447,479,464,-1,443,444,445,-1,443,445,446,-1,493,494,492,-1,492,494,495,-1,492,495,491,-1,
  491,495,510,-1,491,510,511,-1,502,503,501,-1,501,503,504,-1,501,504,500,-1,500,504,505,-1,500,505,499,-1,499,505,506,-1,
  499,506,498,-1,498,506,507,-1,498,507,497,-1,497,507,508,-1,497,508,496,-1,496,508,509,-1,496,509,495,-1,495,509,510,-1,
  480,481,484,-1,480,484,485,-1,480,485,502,-1,480,502,501,-1,491,511,490,-1,490,511,512,-1,490,512,489,-1,489,512,513,-1,
  489,513,488,-1,488,513,514,-1,488,514,487,-1,487,514,515,-1,487,515,486,-1,486,515,516,-1,486,516,485,-1,485,516,517,-1,
  485,517,502,-1,481,482,483,-1,481,483,484,-1,531,532,530,-1,530,532,533,-1,530,533,529,-1,529,533,548,-1,529,548,549,-1,
  540,541,539,-1,539,541,542,-1,539,542,538,-1,538,542,543,-1,538,543,537,-1,537,543,544,-1,537,544,536,-1,536,544,545,-1,
  536,545,535,-1,535,545,546,-1,535,546,534,-1,534,546,547,-1,534,547,533,-1,533,547,548,-1,518,519,522,-1,518,522,523,-1,
  518,523,540,-1,518,540,539,-1,529,549,528,-1,528,549,550,-1,528,550,527,-1,527,550,551,-1,527,551,526,-1,526,551,552,-1,
  526,552,525,-1,525,552,553,-1,525,553,524,-1,524,553,554,-1,524,554,523,-1,523,554,555,-1,523,555,540,-1,519,520,521,-1,
  519,521,522,-1,567,568,566,-1,566,568,569,-1,566,569,565,-1,565,569,582,-1,565,582,564,-1,564,582,583,-1,564,583,584,-1,
  570,571,579,-1,570,579,580,-1,570,580,581,-1,570,581,582,-1,570,582,569,-1,576,577,572,-1,572,577,578,-1,572,578,571,-1,
  571,578,579,-1,560,561,556,-1,556,561,574,-1,556,574,573,-1,573,574,575,-1,573,575,572,-1,572,575,576,-1,587,562,586,-1,
  586,562,563,-1,586,563,585,-1,585,563,564,-1,585,564,584,-1,574,561,589,-1,589,561,562,-1,589,562,588,-1,588,562,587,-1,
  557,558,559,-1,557,559,560,-1,557,560,556,-1,601,602,600,-1,600,602,603,-1,600,603,599,-1,599,603,616,-1,599,616,598,-1,
  598,616,617,-1,598,617,618,-1,604,605,613,-1,604,613,614,-1,604,614,615,-1,604,615,616,-1,604,616,603,-1,610,611,606,-1,
  606,611,612,-1,606,612,605,-1,605,612,613,-1,594,595,590,-1,590,595,608,-1,590,608,607,-1,607,608,609,-1,607,609,606,-1,
  606,609,610,-1,621,596,620,-1,620,596,597,-1,620,597,619,-1,619,597,598,-1,619,598,618,-1,608,595,623,-1,623,595,596,-1,
  623,596,622,-1,622,596,621,-1,591,592,593,-1,591,593,594,-1,591,594,590,-1,635,636,634,-1,634,636,637,-1,634,637,633,-1,
  633,637,650,-1,633,650,632,-1,632,650,651,-1,632,651,652,-1,638,639,647,-1,638,647,648,-1,638,648,649,-1,638,649,650,-1,
  638,650,637,-1,644,645,640,-1,640,645,646,-1,640,646,639,-1,639,646,647,-1,628,629,624,-1,624,629,642,-1,624,642,641,-1,
  641,642,643,-1,641,643,640,-1,640,643,644,-1,655,630,654,-1,654,630,631,-1,654,631,653,-1,653,631,632,-1,653,632,652,-1,
  642,629,657,-1,657,629,630,-1,657,630,656,-1,656,630,655,-1,625,626,627,-1,625,627,628,-1,625,628,624,-1,669,670,668,-1,
  668,670,671,-1,668,671,667,-1,667,671,684,-1,667,684,666,-1,666,684,685,-1,666,685,686,-1,672,673,681,-1,672,681,682,-1,
  672,682,683,-1,672,683,684,-1,672,684,671,-1,678,679,674,-1,674,679,680,-1,674,680,673,-1,673,680,681,-1,662,663,658,-1,
  658,663,676,-1,658,676,675,-1,675,676,677,-1,675,677,674,-1,674,677,678,-1,689,664,688,-1,688,664,665,-1,688,665,687,-1,
  687,665,666,-1,687,666,686,-1,676,663,691,-1,691,663,664,-1,691,664,690,-1,690,664,689,-1,659,660,661,-1,659,661,662,-1,
  659,662,658,-1,703,704,702,-1,702,704,705,-1,702,705,701,-1,701,705,718,-1,701,718,700,-1,700,718,719,-1,700,719,720,-1,
  706,707,715,-1,706,715,716,-1,706,716,717,-1,706,717,718,-1,706,718,705,-1,712,713,708,-1,708,713,714,-1,708,714,707,-1,
  707,714,715,-1,696,697,692,-1,692,697,710,-1,692,710,709,-1,709,710,711,-1,709,711,708,-1,708,711,712,-1,723,698,722,-1,
  722,698,699,-1,722,699,721,-1,721,699,700,-1,721,700,720,-1,710,697,725,-1,725,697,698,-1,725,698,724,-1,724,698,723,-1,
  693,694,695,-1,693,695,696,-1,693,696,692,-1,737,738,736,-1,736,738,739,-1,736,739,735,-1,735,739,752,-1,735,752,734,-1,
  734,752,753,-1,734,753,754,-1,740,741,749,-1,740,749,750,-1,740,750,751,-1,740,751,752,-1,740,752,739,-1,746,747,742,-1,
  742,747,748,-1,742,748,741,-1,741,748,749,-1,730,731,726,-1,726,731,744,-1,726,744,743,-1,743,744,745,-1,743,745,742,-1,
  742,745,746,-1,757,732,756,-1,756,732,733,-1,756,733,755,-1,755,733,734,-1,755,734,754,-1,744,731,759,-1,759,731,732,-1,
  759,732,758,-1,758,732,757,-1,727,728,729,-1,727,729,730,-1,727,730,726,-1,771,772,770,-1,770,772,773,-1,770,773,769,-1,
  769,773,786,-1,769,786,768,-1,768,786,787,-1,768,787,788,-1,774,775,783,-1,774,783,784,-1,774,784,785,-1,774,785,786,-1,
  774,786,773,-1,780,781,776,-1,776,781,782,-1,776,782,775,-1,775,782,783,-1,764,765,760,-1,760,765,778,-1,760,778,777,-1,
  777,778,779,-1,777,779,776,-1,776,779,780,-1,791,766,790,-1,790,766,767,-1,790,767,789,-1,789,767,768,-1,789,768,788,-1,
  778,765,793,-1,793,765,766,-1,793,766,792,-1,792,766,791,-1,761,762,763,-1,761,763,764,-1,761,764,760,-1,805,806,804,-1,
  804,806,807,-1,804,807,803,-1,803,807,820,-1,803,820,802,-1,802,820,821,-1,802,821,822,-1,808,809,817,-1,808,817,818,-1,
  808,818,819,-1,808,819,820,-1,808,820,807,-1,814,815,810,-1,810,815,816,-1,810,816,809,-1,809,816,817,-1,798,799,794,-1,
  794,799,812,-1,794,812,811,-1,811,812,813,-1,811,813,810,-1,810,813,814,-1,825,800,824,-1,824,800,801,-1,824,801,823,-1,
  823,801,802,-1,823,802,822,-1,812,799,827,-1,827,799,800,-1,827,800,826,-1,826,800,825,-1,795,796,797,-1,795,797,798,-1,
  795,798,794,-1,839,840,838,-1,838,840,841,-1,838,841,837,-1,837,841,854,-1,837,854,836,-1,836,854,855,-1,836,855,856,-1,
  842,843,851,-1,842,851,852,-1,842,852,853,-1,842,853,854,-1,842,854,841,-1,848,849,844,-1,844,849,850,-1,844,850,843,-1,
  843,850,851,-1,832,833,828,-1,828,833,846,-1,828,846,845,-1,845,846,847,-1,845,847,844,-1,844,847,848,-1,859,834,858,-1,
  858,834,835,-1,858,835,857,-1,857,835,836,-1,857,836,856,-1,846,833,861,-1,861,833,834,-1,861,834,860,-1,860,834,859,-1,
  829,830,831,-1,829,831,832,-1,829,832,828,-1,875,876,892,-1,875,892,900,-1,875,900,901,-1,875,901,902,-1,875,902,903,-1,
  875,903,904,-1,875,904,874,-1,921,870,920,-1,920,870,871,-1,920,871,907,-1,907,871,872,-1,907,872,906,-1,906,872,873,-1,
  906,873,905,-1,905,873,874,-1,905,874,904,-1,908,909,917,-1,908,917,918,-1,908,918,919,-1,908,919,920,-1,908,920,907,-1,
  914,915,910,-1,910,915,916,-1,910,916,909,-1,909,916,917,-1,866,867,862,-1,862,867,912,-1,862,912,911,-1,911,912,913,-1,
  911,913,910,-1,910,913,914,-1,898,892,893,-1,898,893,897,-1,897,893,894,-1,897,894,895,-1,876,877,888,-1,876,888,889,-1,
  876,889,890,-1,876,890,891,-1,876,891,892,-1,882,884,881,-1,881,884,885,-1,881,885,880,-1,880,885,886,-1,880,886,879,-1,
  879,886,887,-1,879,887,878,-1,878,887,888,-1,878,888,877,-1,921,922,870,-1,870,922,923,-1,870,923,869,-1,869,923,924,-1,
  869,924,868,-1,868,924,925,-1,868,925,926,-1,927,912,867,-1,927,867,868,-1,927,868,926,-1,863,864,865,-1,863,865,866,-1,
  863,866,862,-1,1073,1074,1072,-1,1072,1074,1075,-1,1072,1075,1071,-1,1071,1075,936,-1,1071,936,1070,-1,1070,936,937,-1,1070,937,938,-1,
  1076,1077,933,-1,1076,933,934,-1,1076,934,935,-1,1076,935,936,-1,1076,936,1075,-1,930,931,1078,-1,1078,931,932,-1,1078,932,1077,-1,
  1077,932,933,-1,1066,1067,1080,-1,1080,1067,928,-1,1080,928,1079,-1,1079,928,929,-1,1079,929,1078,-1,1078,929,930,-1,941,1068,940,-1,
  940,1068,1069,-1,940,1069,939,-1,939,1069,1070,-1,939,1070,938,-1,928,1067,943,-1,943,1067,1068,-1,943,1068,942,-1,942,1068,941,-1,
  1062,1063,1083,-1,1083,1063,1064,-1,1083,1064,1082,-1,1082,1064,1065,-1,1082,1065,1081,-1,1081,1065,1066,-1,1081,1066,1080,-1,1083,1084,1059,-1,
  1083,1059,1060,-1,1083,1060,1061,-1,1083,1061,1062,-1,1059,1084,1085,-1,1059,1085,1086,-1,1059,1086,1087,-1,1059,1087,1058,-1,1104,1054,1103,-1,
  1103,1054,1055,-1,1103,1055,1090,-1,1090,1055,1056,-1,1090,1056,1089,-1,1089,1056,1057,-1,1089,1057,1088,-1,1088,1057,1058,-1,1088,1058,1087,-1,
  1091,1092,1100,-1,1091,1100,1101,-1,1091,1101,1102,-1,1091,1102,1103,-1,1091,1103,1090,-1,1097,1098,1093,-1,1093,1098,1099,-1,1093,1099,1092,-1,
  1092,1099,1100,-1,1050,1051,1046,-1,1046,1051,1095,-1,1046,1095,1094,-1,1094,1095,1096,-1,1094,1096,1093,-1,1093,1096,1097,-1,955,956,954,-1,
  954,956,957,-1,954,957,953,-1,953,957,970,-1,953,970,952,-1,952,970,971,-1,952,971,972,-1,958,959,967,-1,958,967,968,-1,
  958,968,969,-1,958,969,970,-1,958,970,957,-1,964,965,960,-1,960,965,966,-1,960,966,959,-1,959,966,967,-1,948,949,944,-1,
  944,949,962,-1,944,962,961,-1,961,962,963,-1,961,963,960,-1,960,963,964,-1,975,950,974,-1,974,950,951,-1,974,951,973,-1,
  973,951,952,-1,973,952,972,-1,962,949,977,-1,977,949,950,-1,977,950,976,-1,976,950,975,-1,945,946,947,-1,945,947,948,-1,
  945,948,944,-1,989,990,988,-1,988,990,991,-1,988,991,987,-1,987,991,1004,-1,987,1004,986,-1,986,1004,1005,-1,986,1005,1006,-1,
  992,993,1001,-1,992,1001,1002,-1,992,1002,1003,-1,992,1003,1004,-1,992,1004,991,-1,998,999,994,-1,994,999,1000,-1,994,1000,993,-1,
  993,1000,1001,-1,982,983,978,-1,978,983,996,-1,978,996,995,-1,995,996,997,-1,995,997,994,-1,994,997,998,-1,1009,984,1008,-1,
  1008,984,985,-1,1008,985,1007,-1,1007,985,986,-1,1007,986,1006,-1,996,983,1011,-1,1011,983,984,-1,1011,984,1010,-1,1010,984,1009,-1,
  979,980,981,-1,979,981,982,-1,979,982,978,-1,1023,1024,1022,-1,1022,1024,1025,-1,1022,1025,1021,-1,1021,1025,1038,-1,1021,1038,1020,-1,
  1020,1038,1039,-1,1020,1039,1040,-1,1026,1027,1035,-1,1026,1035,1036,-1,1026,1036,1037,-1,1026,1037,1038,-1,1026,1038,1025,-1,1032,1033,1028,-1,
  1028,1033,1034,-1,1028,1034,1027,-1,1027,1034,1035,-1,1016,1017,1012,-1,1012,1017,1030,-1,1012,1030,1029,-1,1029,1030,1031,-1,1029,1031,1028,-1,
  1028,1031,1032,-1,1043,1018,1042,-1,1042,1018,1019,-1,1042,1019,1041,-1,1041,1019,1020,-1,1041,1020,1040,-1,1030,1017,1045,-1,1045,1017,1018,-1,
  1045,1018,1044,-1,1044,1018,1043,-1,1013,1014,1015,-1,1013,1015,1016,-1,1013,1016,1012,-1,1104,1105,1054,-1,1054,1105,1106,-1,1054,1106,1053,-1,
  1053,1106,1107,-1,1053,1107,1052,-1,1052,1107,1108,-1,1052,1108,1109,-1,1110,1095,1051,-1,1110,1051,1052,-1,1110,1052,1109,-1,1047,1048,1049,-1,
  1047,1049,1050,-1,1047,1050,1046,-1,1122,1123,1121,-1,1121,1123,1124,-1,1121,1124,1120,-1,1120,1124,1137,-1,1120,1137,1119,-1,1119,1137,1138,-1,
  1119,1138,1139,-1,1125,1126,1134,-1,1125,1134,1135,-1,1125,1135,1136,-1,1125,1136,1137,-1,1125,1137,1124,-1,1131,1132,1127,-1,1127,1132,1133,-1,
  1127,1133,1126,-1,1126,1133,1134,-1,1115,1116,1111,-1,1111,1116,1129,-1,1111,1129,1128,-1,1128,1129,1130,-1,1128,1130,1127,-1,1127,1130,1131,-1,
  1142,1117,1141,-1,1141,1117,1118,-1,1141,1118,1140,-1,1140,1118,1119,-1,1140,1119,1139,-1,1129,1116,1144,-1,1144,1116,1117,-1,1144,1117,1143,-1,
  1143,1117,1142,-1,1112,1113,1114,-1,1112,1114,1115,-1,1112,1115,1111,-1,1156,1157,1155,-1,1155,1157,1158,-1,1155,1158,1154,-1,1154,1158,1171,-1,
  1154,1171,1153,-1,1153,1171,1172,-1,1153,1172,1173,-1,1159,1160,1168,-1,1159,1168,1169,-1,1159,1169,1170,-1,1159,1170,1171,-1,1159,1171,1158,-1,
  1165,1166,1161,-1,1161,1166,1167,-1,1161,1167,1160,-1,1160,1167,1168,-1,1149,1150,1145,-1,1145,1150,1163,-1,1145,1163,1162,-1,1162,1163,1164,-1,
  1162,1164,1161,-1,1161,1164,1165,-1,1176,1151,1175,-1,1175,1151,1152,-1,1175,1152,1174,-1,1174,1152,1153,-1,1174,1153,1173,-1,1163,1150,1178,-1,
  1178,1150,1151,-1,1178,1151,1177,-1,1177,1151,1176,-1,1146,1147,1148,-1,1146,1148,1149,-1,1146,1149,1145,-1,1190,1191,1189,-1,1189,1191,1192,-1,
  1189,1192,1188,-1,1188,1192,1205,-1,1188,1205,1187,-1,1187,1205,1206,-1,1187,1206,1207,-1,1193,1194,1202,-1,1193,1202,1203,-1,1193,1203,1204,-1,
  1193,1204,1205,-1,1193,1205,1192,-1,1199,1200,1195,-1,1195,1200,1201,-1,1195,1201,1194,-1,1194,1201,1202,-1,1183,1184,1179,-1,1179,1184,1197,-1,
  1179,1197,1196,-1,1196,1197,1198,-1,1196,1198,1195,-1,1195,1198,1199,-1,1210,1185,1209,-1,1209,1185,1186,-1,1209,1186,1208,-1,1208,1186,1187,-1,
  1208,1187,1207,-1,1197,1184,1212,-1,1212,1184,1185,-1,1212,1185,1211,-1,1211,1185,1210,-1,1180,1181,1182,-1,1180,1182,1183,-1,1180,1183,1179,-1,
  897,895,896,-1,884,882,883,-1,900,892,899,-1,301,299,300,-1,287,285,286,-1,265,263,264,-1,231,229,230,-1,245,234,235,-1,
  217,215,216,-1,197,195,196,-1,177,175,176,-1,157,155,156,-1,137,135,136,-1,117,115,116,-1,97,95,96,-1,77,75,76,-1,
  21,12,13,-1]
  normalPerVertex TRUE
  normal DEF NORM_3 Normal { vector [
  0 0 1,0 0 1,
  0 0 1,0 0 1,
  0 0 1,0 0 1,
  0 0 1,0 0 1,
  0 0 1,0 0 1,
  0 0 1,0 0 1,
  0 0 1,0 0 1,
  0 0 1,0 0 1,
  0 0 1,0 0 1,
  0 0 1,0 0 1,
  0 0 1,0 0 1,
  0 0 1,0 0 1,
  0 0 1,0 0 1,
  0 0 1,0 0 1,
  0 0 1,0 0 1,
  0 0 1,0 0 1,
  0 0 1,0 0 1,
  0 0 1,0 0 1,
  0 0 1,0 0 1,
  0 0 1,0 0 1,
  0 0 1,0 0 1,
  0 0 1,0 0 1,
  0 0 1,0 0 1,
  0 0 1,0 0 1,
  0 0 1,0 0 1,
  0 0 1,0 0 1,
  0 0 1,0 0 1,
  0 0 1,0 0 1,
  0 0 1,0 0 1,
  0 0 1,0 0 1,
  0 0 1,0 0 1,
  0 0 1,0 0 1,
  0 0 1,0 0 1,
  0 0 1,0 0 1,
  0 0 1,0 0 1,
  0 0 1,0 0 1,
  0 0 1,0 0 1,
  0 0 1,0 0 1,
  0 0 1,0 0 1,
  0 0 1,0 0 1,
  0 0 1,0 0 1,
  0 0 1,0 0 1,
  0 0 1,0 0 1,
  0 0 1,0 0 1,
  0 0 1,0 0 1,
  0 0 1,0 0 1,
  0 0 1,0 0 1,
  0 0 1,0 0 1,
  0 0 1,0 0 1,
  0 0 1,0 0 1,
  0 0 1,0 0 1,
  0 0 1,0 0 1,
  0 0 1,0 0 1,
  0 0 1,0 0 1,
  0 0 1,0 0 1,
  0 0 1,0 0 1,
  0 0 1,0 0 1,
  0 0 1,0 0 1,
  0 0 1,0 0 1,
  0 0 1,0 0 1,
  0 0 1,0 0 1,
  0 0 1,0 0 1,
  0 0 1,0 0 1,
  0 0 1,0 0 1,
  0 0 1,0 0 1,
  0 0 1,0 0 1,
  0 0 1,0 0 1,
  0 0 1,0 0 1,
  0 0 1,0 0 1,
  0 0 1,0 0 1,
  0 0 1,0 0 1,
  0 0 1,0 0 1,
  0 0 1,0 0 1,
  0 0 1,0 0 1,
  0 0 1,0 0 1,
  0 0 1,0 0 1,
  0 0 1,0 0 1,
  0 0 1,0 0 1,
  0 0 1,0 0 1,
  0 0 1,0 0 1,
  0 0 1,0 0 1,
  0 0 1,0 0 1,
  0 0 1,0 0 1,
  0 0 1,0 0 1,
  0 0 1,0 0 1,
  0 0 1,0 0 1,
  0 0 1,0 0 1,
  0 0 1,0 0 1,
  0 0 1,0 0 1,
  0 0 1,0 0 1,
  0 0 1,0 0 1,
  0 0 1,0 0 1,
  0 0 1,0 0 1,
  0 0 1,0 0 1,
  0 0 1,0 0 1,
  0 0 1,0 0 1,
  0 0 1,0 0 1,
  0 0 1,0 0 1,
  0 0 1,0 0 1,
  0 0 1,0 0 1,
  0 0 1,0 0 1,
  0 0 1,0 0 1,
  0 0 1,0 0 1,
  0 0 1,0 0 1,
  0 0 1,0 0 1,
  0 0 1,0 0 1,
  0 0 1,0 0 1,
  0 0 1,0 0 1,
  0 0 1,0 0 1,
  0 0 1,0 0 1,
  0 0 1,0 0 1,
  0 0 1,0 0 1,
  0 0 1,0 0 1,
  0 0 1,0 0 1,
  0 0 1,0 0 1,
  0 0 1,0 0 1,
  0 0 1,0 0 1,
  0 0 1,0 0 1,
  0 0 1,0 0 1,
  0 0 1,0 0 1,
  0 0 1,0 0 1,
  0 0 1,0 0 1,
  0 0 1,0 0 1,
  0 0 1,0 0 1,
  0 0 1,0 0 1,
  0 0 1,0 0 1,
  0 0 1,0 0 1,
  0 0 1,0 0 1,
  0 0 1,0 0 1,
  0 0 1,0 0 1,
  0 0 1,0 0 1,
  0 0 1,0 0 1,
  0 0 1,0 0 1,
  0 0 1,0 0 1,
  0 0 1,0 0 1,
  0 0 1,0 0 1,
  0 0 1,0 0 1,
  0 0 1,0 0 1,
  0 0 1,0 0 1,
  0 0 1,0 0 1,
  0 0 1,0 0 1,
  0 0 1,0 0 1,
  0 0 1,0 0 1,
  0 0 1,0 0 1,
  0 0 1,0 0 1,
  0 0 1,0 0 1,
  0 0 1,0 0 1,
  0 0 1,0 0 1,
  0 0 1,0 0 1,
  0 0 1,0 0 1,
  0 0 1,0 0 1,
  0 0 1,0 0 1,
  0 0 1,0 0 1,
  0 0 1,0 0 1,
  0 0 1,0 0 1,
  0 0 1,0 0 1,
  0 0 1,0 0 1,
  0 0 1,0 0 1,
  0 0 1,0 0 1,
  0 0 1,0 0 1,
  0 0 1,0 0 1,
  0 0 1,0 0 1,
  0 0 1,0 0 1,
  0 0 1,0 0 1,
  0 0 1,0 0 1,
  0 0 1,0 0 1,
  0 0 1,0 0 1,
  0 0 1,0 0 1,
  0 0 1,0 0 1,
  0 0 1,0 0 1,
  0 0 1,0 0 1,
  0 0 1,0 0 1,
  0 0 1,0 0 1,
  0 0 1,0 0 1,
  0 0 1,0 0 1,
  0 0 1,0 0 1,
  0 0 1,0 0 1,
  0 0 1,0 0 1,
  0 0 1,0 0 1,
  0 0 1,0 0 1,
  0 0 1,0 0 1,
  0 0 1,0 0 1,
  0 0 1,0 0 1,
  0 0 1,0 0 1,
  0 0 1,0 0 1,
  0 0 1,0 0 1,
  0 0 1,0 0 1,
  0 0 1,0 0 1,
  0 0 1,0 0 1,
  0 0 1,0 0 1,
  0 0 1,0 0 1,
  0 0 1,0 0 1,
  0 0 1,0 0 1,
  0 0 1,0 0 1,
  0 0 1,0 0 1,
  0 0 1,0 0 1,
  0 0 1,0 0 1,
  0 0 1,0 0 1,
  0 0 1,0 0 1,
  0 0 1,0 0 1,
  0 0 1,0 0 1,
  0 0 1,0 0 1,
  0 0 1,0 0 1,
  0 0 1,0 0 1,
  0 0 1,0 0 1,
  0 0 1,0 0 1,
  0 0 1,0 0 1,
  0 0 1,0 0 1,
  0 0 1,0 0 1,
  0 0 1,0 0 1,
  0 0 1,0 0 1,
  0 0 1,0 0 1,
  0 0 1,0 0 1,
  0 0 1,0 0 1,
  0 0 1,0 0 1,
  0 0 1,0 0 1,
  0 0 1,0 0 1,
  0 0 1,0 0 1,
  0 0 1,0 0 1,
  0 0 1,0 0 1,
  0 0 1,0 0 1,
  0 0 1,0 0 1,
  0 0 1,0 0 1,
  0 0 1,0 0 1,
  0 0 1,0 0 1,
  0 0 1,0 0 1,
  0 0 1,0 0 1,
  0 0 1,0 0 1,
  0 0 1,0 0 1,
  0 0 1,0 0 1,
  0 0 1,0 0 1,
  0 0 1,0 0 1,
  0 0 1,0 0 1,
  0 0 1,0 0 1,
  0 0 1,0 0 1,
  0 0 1,0 0 1,
  0 0 1,0 0 1,
  0 0 1,0 0 1,
  0 0 1,0 0 1,
  0 0 1,0 0 1,
  0 0 1,0 0 1,
  0 0 1,0 0 1,
  0 0 1,0 0 1,
  0 0 1,0 0 1,
  0 0 1,0 0 1,
  0 0 1,0 0 1,
  0 0 1,0 0 1,
  0 0 1,0 0 1,
  0 0 1,0 0 1,
  0 0 1,0 0 1,
  0 0 1,0 0 1,
  0 0 1,0 0 1,
  0 0 1,0 0 1,
  0 0 1,0 0 1,
  0 0 1,0 0 1,
  0 0 1,0 0 1,
  0 0 1,0 0 1,
  0 0 1,0 0 1,
  0 0 1,0 0 1,
  0 0 1,0 0 1,
  0 0 1,0 0 1,
  0 0 1,0 0 1,
  0 0 1,0 0 1,
  0 0 1,0 0 1,
  0 0 1,0 0 1,
  0 0 1,0 0 1,
  0 0 1,0 0 1,
  0 0 1,0 0 1,
  0 0 1,0 0 1,
  0 0 1,0 0 1,
  0 0 1,0 0 1,
  0 0 1,0 0 1,
  0 0 1,0 0 1,
  0 0 1,0 0 1,
  0 0 1,0 0 1,
  0 0 1,0 0 1,
  0 0 1,0 0 1,
  0 0 1,0 0 1,
  0 0 1,0 0 1,
  0 0 1,0 0 1,
  0 0 1,0 0 1,
  0 0 1,0 0 1,
  0 0 1,0 0 1,
  0 0 1,0 0 1,
  0 0 1,0 0 1,
  0 0 1,0 0 1,
  0 0 1,0 0 1,
  0 0 1,0 0 1,
  0 0 1,0 0 1,
  0 0 1,0 0 1,
  0 0 1,0 0 1,
  0 0 1,0 0 1,
  0 0 1,0 0 1,
  0 0 1,0 0 1,
  0 0 1,0 0 1,
  0 0 1,0 0 1,
  0 0 1,0 0 1,
  0 0 1,0 0 1,
  0 0 1,0 0 1,
  0 0 1,0 0 1,
  0 0 1,0 0 1,
  0 0 1,0 0 1,
  0 0 1,0 0 1,
  0 0 1,0 0 1,
  0 0 1,0 0 1,
  0 0 1,0 0 1,
  0 0 1,0 0 1,
  0 0 1,0 0 1,
  0 0 1,0 0 1,
  0 0 1,0 0 1,
  0 0 1,0 0 1,
  0 0 1,0 0 1,
  0 0 1,0 0 1,
  0 0 1,0 0 1,
  0 0 1,0 0 1,
  0 0 1,0 0 1,
  0 0 1,0 0 1,
  0 0 1,0 0 1,
  0 0 1,0 0 1,
  0 0 1,0 0 1,
  0 0 1,0 0 1,
  0 0 1,0 0 1,
  0 0 1,0 0 1,
  0 0 1,0 0 1,
  0 0 1,0 0 1,
  0 0 1,0 0 1,
  0 0 1,0 0 1,
  0 0 1,0 0 1,
  0 0 1,0 0 1,
  0 0 1,0 0 1,
  0 0 1,0 0 1,
  0 0 1,0 0 1,
  0 0 1,0 0 1,
  0 0 1,0 0 1,
  0 0 1,0 0 1,
  0 0 1,0 0 1,
  0 0 1,0 0 1,
  0 0 1,0 0 1,
  0 0 1,0 0 1,
  0 0 1,0 0 1,
  0 0 1,0 0 1,
  0 0 1,0 0 1,
  0 0 1,0 0 1,
  0 0 1,0 0 1,
  0 0 1,0 0 1,
  0 0 1,0 0 1,
  0 0 1,0 0 1,
  0 0 1,0 0 1,
  0 0 1,0 0 1,
  0 0 1,0 0 1,
  0 0 1,0 0 1,
  0 0 1,0 0 1,
  0 0 1,0 0 1,
  0 0 1,0 0 1,
  0 0 1,0 0 1,
  0 0 1,0 0 1,
  0 0 1,0 0 1,
  0 0 1,0 0 1,
  0 0 1,0 0 1,
  0 0 1,0 0 1,
  0 0 1,0 0 1,
  0 0 1,0 0 1,
  0 0 1,0 0 1,
  0 0 1,0 0 1,
  0 0 1,0 0 1,
  0 0 1,0 0 1,
  0 0 1,0 0 1,
  0 0 1,0 0 1,
  0 0 1,0 0 1,
  0 0 1,0 0 1,
  0 0 1,0 0 1,
  0 0 1,0 0 1,
  0 0 1,0 0 1,
  0 0 1,0 0 1,
  0 0 1,0 0 1,
  0 0 1,0 0 1,
  0 0 1,0 0 1,
  0 0 1,0 0 1,
  0 0 1,0 0 1,
  0 0 1,0 0 1,
  0 0 1,0 0 1,
  0 0 1,0 0 1,
  0 0 1,0 0 1,
  0 0 1,0 0 1,
  0 0 1,0 0 1,
  0 0 1,0 0 1,
  0 0 1,0 0 1,
  0 0 1,0 0 1,
  0 0 1,0 0 1,
  0 0 1,0 0 1,
  0 0 1,0 0 1,
  0 0 1,0 0 1,
  0 0 1,0 0 1,
  0 0 1,0 0 1,
  0 0 1,0 0 1,
  0 0 1,0 0 1,
  0 0 1,0 0 1,
  0 0 1,0 0 1,
  0 0 1,0 0 1,
  0 0 1,0 0 1,
  0 0 1,0 0 1,
  0 0 1,0 0 1,
  0 0 1,0 0 1,
  0 0 1,0 0 1,
  0 0 1,0 0 1,
  0 0 1,0 0 1,
  0 0 1,0 0 1,
  0 0 1,0 0 1,
  0 0 1,0 0 1,
  0 0 1,0 0 1,
  0 0 1,0 0 1,
  0 0 1,0 0 1,
  0 0 1,0 0 1,
  0 0 1,0 0 1,
  0 0 1,0 0 1,
  0 0 1,0 0 1,
  0 0 1,0 0 1,
  0 0 1,0 0 1,
  0 0 1,0 0 1,
  0 0 1,0 0 1,
  0 0 1,0 0 1,
  0 0 1,0 0 1,
  0 0 1,0 0 1,
  0 0 1,0 0 1,
  0 0 1,0 0 1,
  0 0 1,0 0 1,
  0 0 1,0 0 1,
  0 0 1,0 0 1,
  0 0 1,0 0 1,
  0 0 1,0 0 1,
  0 0 1,0 0 1,
  0 0 1,0 0 1,
  0 0 1,0 0 1,
  0 0 1,0 0 1,
  0 0 1,0 0 1,
  0 0 1,0 0 1,
  0 0 1,0 0 1,
  0 0 1,0 0 1,
  0 0 1,0 0 1,
  0 0 1,0 0 1,
  0 0 1,0 0 1,
  0 0 1,0 0 1,
  0 0 1,0 0 1,
  0 0 1,0 0 1,
  0 0 1,0 0 1,
  0 0 1,0 0 1,
  0 0 1,0 0 1,
  0 0 1,0 0 1,
  0 0 1,0 0 1,
  0 0 1,0 0 1,
  0 0 1,0 0 1,
  0 0 1,0 0 1,
  0 0 1,0 0 1,
  0 0 1,0 0 1,
  0 0 1,0 0 1,
  0 0 1,0 0 1,
  0 0 1,0 0 1,
  0 0 1,0 0 1,
  0 0 1,0 0 1,
  0 0 1,0 0 1,
  0 0 1,0 0 1,
  0 0 1,0 0 1,
  0 0 1,0 0 1,
  0 0 1,0 0 1,
  0 0 1,0 0 1,
  0 0 1,0 0 1,
  0 0 1,0 0 1,
  0 0 1,0 0 1,
  0 0 1,0 0 1,
  0 0 1,0 0 1,
  0 0 1,0 0 1,
  0 0 1,0 0 1,
  0 0 1,0 0 1,
  0 0 1,0 0 1,
  0 0 1,0 0 1,
  0 0 1,0 0 1,
  0 0 1,0 0 1,
  0 0 1,0 0 1,
  0 0 1,0 0 1,
  0 0 1,0 0 1,
  0 0 1,0 0 1,
  0 0 1,0 0 1,
  0 0 1,0 0 1,
  0 0 1,0 0 1,
  0 0 1,0 0 1,
  0 0 1,0 0 1,
  0 0 1,0 0 1,
  0 0 1,0 0 1,
  0 0 1,0 0 1,
  0 0 1,0 0 1,
  0 0 1,0 0 1,
  0 0 1,0 0 1,
  0 0 1,0 0 1,
  0 0 1,0 0 1,
  0 0 1,0 0 1,
  0 0 1,0 0 1,
  0 0 1,0 0 1,
  0 0 1,0 0 1,
  0 0 1,0 0 1,
  0 0 1,0 0 1,
  0 0 1,0 0 1,
  0 0 1,0 0 1,
  0 0 1,0 0 1,
  0 0 1,0 0 1,
  0 0 1,0 0 1,
  0 0 1,0 0 1,
  0 0 1,0 0 1,
  0 0 1,0 0 1,
  0 0 1,0 0 1,
  0 0 1,0 0 1,
  0 0 1,0 0 1,
  0 0 1,0 0 1,
  0 0 1,0 0 1,
  0 0 1,0 0 1,
  0 0 1,0 0 1,
  0 0 1,0 0 1,
  0 0 1,0 0 1,
  0 0 1,0 0 1,
  0 0 1,0 0 1,
  0 0 1,0 0 1,
  0 0 1,0 0 1,
  0 0 1,0 0 1,
  0 0 1,0 0 1,
  0 0 1,0 0 1,
  0 0 1,0 0 1,
  0 0 1,0 0 1,
  0 0 1,0 0 1,
  0 0 1,0 0 1,
  0 0 1,0 0 1,
  0 0 1,0 0 1,
  0 0 1,0 0 1,
  0 0 1,0 0 1,
  0 0 1,0 0 1,
  0 0 1,0 0 1,
  0 0 1,0 0 1,
  0 0 1,0 0 1,
  0 0 1,0 0 1,
  0 0 1,0 0 1,
  0 0 1,0 0 1,
  0 0 1,0 0 1,
  0 0 1,0 0 1,
  0 0 1,0 0 1,
  0 0 1,0 0 1,
  0 0 1,0 0 1,
  0 0 1,0 0 1,
  0 0 1,0 0 1,
  0 0 1,0 0 1,
  0 0 1,0 0 1,
  0 0 1,0 0 1,
  0 0 1,0 0 1,
  0 0 1,0 0 1,
  0 0 1,0 0 1,
  0 0 1,0 0 1,
  0 0 1,0 0 1,
  0 0 1,0 0 1,
  0 0 1,0 0 1,
  0 0 1,0 0 1,
  0 0 1,0 0 1,
  0 0 1,0 0 1,
  0 0 1,0 0 1,
  0 0 1,0 0 1,
  0 0 1,0 0 1,
  0 0 1,0 0 1,
  0 0 1,0 0 1,
  0 0 1,0 0 1,
  0 0 1,0 0 1,
  0 0 1,0 0 1,
  0 0 1,0 0 1,
  0 0 1,0 0 1,
  0 0 1,0 0 1,
  0 0 1,0 0 1,
  0 0 1,0 0 1,
  0 0 1,0 0 1,
  0 0 1,0 0 1,
  0 0 1,0 0 1,
  0 0 1,0 0 1,
  0 0 1,0 0 1,
  0 0 1,0 0 1,
  0 0 1,0 0 1,
  0 0 1,0 0 1,
  0 0 1,0 0 1,
  0 0 1,0 0 1,
  0 0 1,0 0 1,
  0 0 1,0 0 1,
  0 0 1,0 0 1,
  0 0 1,0 0 1,
  0 0 1,0 0 1,
  0 0 1,0 0 1,
  0 0 1,0 0 1,
  0 0 1,0 0 1,
  0 0 1,0 0 1,
  0 0 1,0 0 1,
  0 0 1,0 0 1,
  0 0 1,0 0 1,
  0 0 1,0 0 1,
  0 0 1,0 0 1,
  0 0 1,0 0 1,
  0 0 1,0 0 1,
  0 0 1,0 0 1,
  0 0 1,0 0 1,
  0 0 1,0 0 1,
  0 0 1,0 0 1,
  0 0 1,0 0 1,
  0 0 1,0 0 1,
  0 0 1,0 0 1,
  0 0 1,0 0 1,
  0 0 1] }
}
}
] }
DEF TXFM_4 Transform {
  center 0 0 0
  rotation 0 0 1 0
  scale 1 1 1
  scaleOrientation 0 0 1 0
  translation 0 0 0
 children [
DEF SHAPE_4 Shape {
 appearance DEF APP_3 Appearance {
  material Material {
   ambientIntensity 1
   diffuseColor 0.5 0.5 0.5
   emissiveColor 0 0 0
   shininess 0.69999999
   specularColor 0.80000001 0.80000001 0.80000001
   transparency 0
} }
 geometry DEF FACE_4 IndexedFaceSet {
  coord DEF COORD_4 Coordinate { point [
  7.7612091 0.55148976 0.31988189,7.753861 0.56922992 0.31988189,
  7.7402831 0.58280787 0.31988189,7.7225429 0.59015591 0.31988189,
  7.7129421 0.59110157 0.31988189,7.6145169 0.59110157 0.31988189,
  7.6049161 0.59015591 0.31988189,7.587176 0.58280787 0.31988189,
  7.573598 0.56922992 0.31988189,7.56625 0.55148976 0.31988189,
  7.56625 0.53228819 0.31988189,7.573598 0.51454803 0.31988189,
  7.587176 0.50097008 0.31988189,7.6049161 0.49362205 0.31988189,
  7.6145169 0.49267638 0.31988189,7.7129421 0.49267638 0.31988189,
  7.7225429 0.49362205 0.31988189,7.7402831 0.50097008 0.31988189,
  7.753861 0.51454803 0.31988189,7.7612091 0.53228819 0.31988189,
  2.5160921 3.1993693 0.31988189,2.5151465 3.2089701 0.31988189,
  2.5077984 3.2267102 0.31988189,2.4942205 3.2402882 0.31988189,
  2.4764803 3.2476362 0.31988189,2.4572787 3.2476362 0.31988189,
  2.4395386 3.2402882 0.31988189,2.4259606 3.2267102 0.31988189,
  2.4186126 3.2089701 0.31988189,2.4176669 3.1993693 0.31988189,
  2.4176669 3.1009441 0.31988189,2.4186126 3.0913433 0.31988189,
  2.4259606 3.0736031 0.31988189,2.4395386 3.0600252 0.31988189,
  2.4572787 3.0526772 0.31988189,2.4764803 3.0526772 0.31988189,
  2.4942205 3.0600252 0.31988189,2.5077984 3.0736031 0.31988189,
  2.5151465 3.0913433 0.31988189,2.5160921 3.1009441 0.31988189,
  0.29826693 0.78912835 0.31988189,0.2909189 0.8068685 0.31988189,
  0.27734094 0.82044646 0.31988189,0.25960079 0.82779449 0.31988189,
  0.25 0.82874016 0.31988189,0.1515748 0.82874016 0.31988189,
  0.14197402 0.82779449 0.31988189,0.12423386 0.82044646 0.31988189,
  0.11065591 0.8068685 0.31988189,0.10330787 0.78912835 0.31988189,
  0.10330787 0.76992677 0.31988189,0.11065591 0.75218661 0.31988189,
  0.12423386 0.73860866 0.31988189,0.14197402 0.73126063 0.31988189,
  0.1515748 0.73031496 0.31988189,0.25 0.73031496 0.31988189,
  0.25960079 0.73126063 0.31988189,0.27734094 0.73860866 0.31988189,
  0.2909189 0.75218661 0.31988189,0.29826693 0.76992677 0.31988189,
  7.7612091 1.2207803 0.31988189,7.753861 1.2385205 0.31988189,
  7.7402831 1.2520984 0.31988189,7.7225429 1.2594465 0.31988189,
  7.7129421 1.2603921 0.31988189,7.6145169 1.2603921 0.31988189,
  7.6049161 1.2594465 0.31988189,7.587176 1.2520984 0.31988189,
  7.573598 1.2385205 0.31988189,7.56625 1.2207803 0.31988189,
  7.56625 1.2015787 0.31988189,7.573598 1.1838386 0.31988189,
  7.587176 1.1702606 0.31988189,7.6049161 1.1629126 0.31988189,
  7.6145169 1.1619669 0.31988189,7.7129421 1.1619669 0.31988189,
  7.7225429 1.1629126 0.31988189,7.7402831 1.1702606 0.31988189,
  7.753861 1.1838386 0.31988189,7.7612091 1.2015787 0.31988189,
  7.7612091 1.8999142 0.31988189,7.753861 1.9176543 0.31988189,
  7.7402831 1.9312323 0.31988189,7.7225429 1.9385803 0.31988189,
  7.7129421 1.939526 0.31988189,7.6145169 1.939526 0.31988189,
  7.6049161 1.9385803 0.31988189,7.587176 1.9312323 0.31988189,
  7.573598 1.9176543 0.31988189,7.56625 1.8999142 0.31988189,
  7.56625 1.8807126 0.31988189,7.573598 1.8629724 0.31988189,
  7.587176 1.8493945 0.31988189,7.6049161 1.8420465 0.31988189,
  7.6145169 1.8411008 0.31988189,7.7129421 1.8411008 0.31988189,
  7.7225429 1.8420465 0.31988189,7.7402831 1.8493945 0.31988189,
  7.753861 1.8629724 0.31988189,7.7612091 1.8807126 0.31988189,
  0.30057874 2.2148756 0.31988189,0.29323071 2.2326157 0.31988189,
  0.27965276 2.2461937 0.31988189,0.2619126 2.2535417 0.31988189,
  0.25231181 2.2544874 0.31988189,0.15388661 2.2544874 0.31988189,
  0.14428583 2.2535417 0.31988189,0.12654567 2.2461937 0.31988189,
  0.11296772 2.2326157 0.31988189,0.10561969 2.2148756 0.31988189,
  0.10561969 2.195674 0.31988189,0.11296772 2.1779339 0.31988189,
  0.12654567 2.1643559 0.31988189,0.14428583 2.1570079 0.31988189,
  0.15388661 2.1560622 0.31988189,0.25231181 2.1560622 0.31988189,
  0.2619126 2.1570079 0.31988189,0.27965276 2.1643559 0.31988189,
  0.29323071 2.1779339 0.31988189,0.30057874 2.195674 0.31988189,
  7.7612091 2.5790488 0.31988189,7.753861 2.596789 0.31988189,
  7.7402831 2.6103669 0.31988189,7.7225429 2.617715 0.31988189,
  7.7129421 2.6186606 0.31988189,7.6145169 2.6186606 0.31988189,
  7.6049161 2.617715 0.31988189,7.587176 2.6103669 0.31988189,
  7.573598 2.596789 0.31988189,7.56625 2.5790488 0.31988189,
  7.56625 2.5598472 0.31988189,7.573598 2.5421071 0.31988189,
  7.587176 2.5285291 0.31988189,7.6049161 2.5211811 0.31988189,
  7.6145169 2.5202354 0.31988189,7.7129421 2.5202354 0.31988189,
  7.7225429 2.5211811 0.31988189,7.7402831 2.5285291 0.31988189,
  7.753861 2.5421071 0.31988189,7.7612091 2.5598472 0.31988189] }
 coordIndex [
  9,11,8,-1,8,11,12,-1,8,12,7,-1,7,12,13,-1,7,13,6,-1,6,13,14,-1,6,14,5,-1,5,14,15,-1,
  5,15,4,-1,4,15,16,-1,4,16,3,-1,3,16,17,-1,3,17,2,-1,2,17,18,-1,2,18,1,-1,1,18,19,-1,
  1,19,0,-1,29,31,28,-1,28,31,32,-1,28,32,27,-1,27,32,33,-1,27,33,26,-1,26,33,34,-1,26,34,25,-1,
  25,34,35,-1,25,35,24,-1,24,35,36,-1,24,36,23,-1,23,36,37,-1,23,37,22,-1,22,37,38,-1,22,38,21,-1,
  21,38,39,-1,21,39,20,-1,49,51,48,-1,48,51,52,-1,48,52,47,-1,47,52,53,-1,47,53,46,-1,46,53,54,-1,
  46,54,45,-1,45,54,55,-1,45,55,44,-1,44,55,56,-1,44,56,43,-1,43,56,57,-1,43,57,42,-1,42,57,58,-1,
  42,58,41,-1,41,58,59,-1,41,59,40,-1,69,71,68,-1,68,71,72,-1,68,72,67,-1,67,72,73,-1,67,73,66,-1,
  66,73,74,-1,66,74,65,-1,65,74,75,-1,65,75,64,-1,64,75,76,-1,64,76,63,-1,63,76,77,-1,63,77,62,-1,
  62,77,78,-1,62,78,61,-1,61,78,79,-1,61,79,60,-1,89,91,88,-1,88,91,92,-1,88,92,87,-1,87,92,93,-1,
  87,93,86,-1,86,93,94,-1,86,94,85,-1,85,94,95,-1,85,95,84,-1,84,95,96,-1,84,96,83,-1,83,96,97,-1,
  83,97,82,-1,82,97,98,-1,82,98,81,-1,81,98,99,-1,81,99,80,-1,109,111,108,-1,108,111,112,-1,108,112,107,-1,
  107,112,113,-1,107,113,106,-1,106,113,114,-1,106,114,105,-1,105,114,115,-1,105,115,104,-1,104,115,116,-1,104,116,103,-1,
  103,116,117,-1,103,117,102,-1,102,117,118,-1,102,118,101,-1,101,118,119,-1,101,119,100,-1,129,131,128,-1,128,131,132,-1,
  128,132,127,-1,127,132,133,-1,127,133,126,-1,126,133,134,-1,126,134,125,-1,125,134,135,-1,125,135,124,-1,124,135,136,-1,
  124,136,123,-1,123,136,137,-1,123,137,122,-1,122,137,138,-1,122,138,121,-1,121,138,139,-1,121,139,120,-1,131,129,130,-1,
  111,109,110,-1,91,89,90,-1,71,69,70,-1,51,49,50,-1,31,29,30,-1,11,9,10,-1]
  normalPerVertex TRUE
  normal DEF NORM_4 Normal { vector [
  0 0 1,0 0 1,
  0 0 1,0 0 1,
  0 0 1,0 0 1,
  0 0 1,0 0 1,
  0 0 1,0 0 1,
  0 0 1,0 0 1,
  0 0 1,0 0 1,
  0 0 1,0 0 1,
  0 0 1,0 0 1,
  0 0 1,0 0 1,
  0 0 1,0 0 1,
  0 0 1,0 0 1,
  0 0 1,0 0 1,
  0 0 1,0 0 1,
  0 0 1,0 0 1,
  0 0 1,0 0 1,
  0 0 1,0 0 1,
  0 0 1,0 0 1,
  0 0 1,0 0 1,
  0 0 1,0 0 1,
  0 0 1,0 0 1,
  0 0 1,0 0 1,
  0 0 1,0 0 1,
  0 0 1,0 0 1,
  0 0 1,0 0 1,
  0 0 1,0 0 1,
  0 0 1,0 0 1,
  0 0 1,0 0 1,
  0 0 1,0 0 1,
  0 0 1,0 0 1,
  0 0 1,0 0 1,
  0 0 1,0 0 1,
  0 0 1,0 0 1,
  0 0 1,0 0 1,
  0 0 1,0 0 1,
  0 0 1,0 0 1,
  0 0 1,0 0 1,
  0 0 1,0 0 1,
  0 0 1,0 0 1,
  0 0 1,0 0 1,
  0 0 1,0 0 1,
  0 0 1,0 0 1,
  0 0 1,0 0 1,
  0 0 1,0 0 1,
  0 0 1,0 0 1,
  0 0 1,0 0 1,
  0 0 1,0 0 1,
  0 0 1,0 0 1,
  0 0 1,0 0 1,
  0 0 1,0 0 1,
  0 0 1,0 0 1,
  0 0 1,0 0 1,
  0 0 1,0 0 1,
  0 0 1,0 0 1,
  0 0 1,0 0 1,
  0 0 1,0 0 1,
  0 0 1,0 0 1,
  0 0 1,0 0 1,
  0 0 1,0 0 1,
  0 0 1,0 0 1,
  0 0 1,0 0 1,
  0 0 1,0 0 1,
  0 0 1,0 0 1,
  0 0 1,0 0 1,
  0 0 1,0 0 1,
  0 0 1,0 0 1,
  0 0 1,0 0 1,
  0 0 1,0 0 1,
  0 0 1,0 0 1,
  0 0 1,0 0 1] }
}
}
] }
DEF TXFM_5 Transform {
  center 0 0 0
  rotation 0 0 1 0
  scale 1 1 1
  scaleOrientation 0 0 1 0
  translation 0 0 0
 children [
DEF SHAPE_5 Shape {
 appearance DEF APP_4 Appearance {
  material Material {
   ambientIntensity 1
   diffuseColor 0.078431375 0.2 0.14117648
   emissiveColor 0 0 0
   shininess 0.30000001
   specularColor 0.35490197 0.44 0.39882353
   transparency 0.17
} }
 geometry DEF FACE_5 IndexedFaceSet {
  coord DEF COORD_5 Coordinate { point [
  7.7612091 0.55148976 0.31988189,7.7612091 0.53228819 0.31988189,
  7.753861 0.51454803 0.31988189,7.7402831 0.50097008 0.31988189,
  7.7225429 0.49362205 0.31988189,7.7129421 0.49267638 0.31988189,
  7.6145169 0.49267638 0.31988189,7.6049161 0.49362205 0.31988189,
  7.587176 0.50097008 0.31988189,7.573598 0.51454803 0.31988189,
  7.56625 0.53228819 0.31988189,7.56625 0.55148976 0.31988189,
  7.573598 0.56922992 0.31988189,7.587176 0.58280787 0.31988189,
  7.6049161 0.59015591 0.31988189,7.6145169 0.59110157 0.31988189,
  7.7129421 0.59110157 0.31988189,7.7225429 0.59015591 0.31988189,
  7.7402831 0.58280787 0.31988189,7.753861 0.56922992 0.31988189,
  7.7612091 1.2207803 0.31988189,7.7612091 1.2015787 0.31988189,
  7.753861 1.1838386 0.31988189,7.7402831 1.1702606 0.31988189,
  7.7225429 1.1629126 0.31988189,7.7129421 1.1619669 0.31988189,
  7.6145169 1.1619669 0.31988189,7.6049161 1.1629126 0.31988189,
  7.587176 1.1702606 0.31988189,7.573598 1.1838386 0.31988189,
  7.56625 1.2015787 0.31988189,7.56625 1.2207803 0.31988189,
  7.573598 1.2385205 0.31988189,7.587176 1.2520984 0.31988189,
  7.6049161 1.2594465 0.31988189,7.6145169 1.2603921 0.31988189,
  7.7129421 1.2603921 0.31988189,7.7225429 1.2594465 0.31988189,
  7.7402831 1.2520984 0.31988189,7.753861 1.2385205 0.31988189,
  7.7612091 1.8999142 0.31988189,7.7612091 1.8807126 0.31988189,
  7.753861 1.8629724 0.31988189,7.7402831 1.8493945 0.31988189,
  7.7225429 1.8420465 0.31988189,7.7129421 1.8411008 0.31988189,
  7.6145169 1.8411008 0.31988189,7.6049161 1.8420465 0.31988189,
  7.587176 1.8493945 0.31988189,7.573598 1.8629724 0.31988189,
  7.56625 1.8807126 0.31988189,7.56625 1.8999142 0.31988189,
  7.573598 1.9176543 0.31988189,7.587176 1.9312323 0.31988189,
  7.6049161 1.9385803 0.31988189,7.6145169 1.939526 0.31988189,
  7.7129421 1.939526 0.31988189,7.7225429 1.9385803 0.31988189,
  7.7402831 1.9312323 0.31988189,7.753861 1.9176543 0.31988189,
  8.5472441 9.9586614 0.31988189,8.5366052 9.9051761 0.31988189,
  8.5063082 9.8598335 0.31988189,8.4609656 9.8295365 0.31988189,
  8.4074803 9.8188976 0.31988189,8.353995 9.8295365 0.31988189,
  8.3086524 9.8598335 0.31988189,8.2783554 9.9051761 0.31988189,
  8.2677165 9.9586614 0.31988189,8.2783554 10.012147 0.31988189,
  8.3086524 10.057489 0.31988189,8.353995 10.087786 0.31988189,
  8.4074803 10.098425 0.31988189,8.4609656 10.087786 0.31988189,
  8.5063082 10.057489 0.31988189,8.5366052 10.012147 0.31988189,
  8.8385827 6.8503937 0.31988189,8.8314598 6.8099976 0.31988189,
  8.81095 6.774474 0.31988189,8.7795276 6.7481071 0.31988189,
  8.7409819 6.734078 0.31988189,8.699963 6.734078 0.31988189,
  8.6614173 6.7481071 0.31988189,8.6299949 6.774474 0.31988189,
  8.609485 6.8099976 0.31988189,8.6023622 6.8503937 0.31988189,
  8.609485 6.8907898 0.31988189,8.6299949 6.9263134 0.31988189,
  8.6614173 6.9526803 0.31988189,8.699963 6.9667094 0.31988189,
  8.7409819 6.9667094 0.31988189,8.7795276 6.9526803 0.31988189,
  8.81095 6.9263134 0.31988189,8.8314598 6.8907898 0.31988189,
  8.8385827 6.496063 0.31988189,8.8351118 6.476378 0.31988189,
  8.8314598 6.4556669 0.31988189,8.81095 6.4201433 0.31988189,
  8.7795276 6.3937764 0.31988189,8.7409819 6.3797472 0.31988189,
  8.699963 6.3797472 0.31988189,8.6614173 6.3937764 0.31988189,
  8.6299949 6.4201433 0.31988189,8.609485 6.4556669 0.31988189,
  8.6023622 6.496063 0.31988189,8.609485 6.5364591 0.31988189,
  8.6299949 6.5719827 0.31988189,8.6614173 6.5983496 0.31988189,
  8.699963 6.6123787 0.31988189,8.7409819 6.6123787 0.31988189,
  8.7795276 6.5983496 0.31988189,8.81095 6.5719827 0.31988189,
  8.8314598 6.5364591 0.31988189,13.582677 0 0.31988189,
  13.582677 13.877953 0.31988189,0 13.877953 0.31988189,
  0 7.5590551 0.31988189,0 7.0866142 0.31988189,
  0 6.8503937 0.31988189,0 6.6141732 0.31988189,
  0 6.496063 0.31988189,0 6.1417323 0.31988189,
  0 5.015748 0.31988189,0 4.6220472 0.31988189,
  0 3.1993693 0.31988189,0 2.5790488 0.31988189,
  0 2.2148756 0.31988189,0 1.8999142 0.31988189,
  0 1.2207803 0.31988189,0 0.78912835 0.31988189,
  0 0.55148976 0.31988189,0 0 0.31988189,
  13.051181 7.480315 0.31988189,13.051181 7.480315 0.31988189,
  13.04762 7.4601169 0.31988189,13.037365 7.4423551 0.31988189,
  13.021654 7.4291717 0.31988189,13.002381 7.422157 0.31988189,
  12.981871 7.422157 0.31988189,12.962598 7.4291717 0.31988189,
  12.946887 7.4423551 0.31988189,12.936632 7.4601169 0.31988189,
  12.933071 7.480315 0.31988189,12.936632 7.500513 0.31988189,
  12.946887 7.5182749 0.31988189,12.962598 7.5314582 0.31988189,
  12.981871 7.5384729 0.31988189,13.002381 7.5384729 0.31988189,
  13.021654 7.5314582 0.31988189,13.037365 7.5182749 0.31988189,
  13.04762 7.500513 0.31988189,12.26378 6.8503937 0.31988189,
  12.256657 6.8099976 0.31988189,12.236147 6.774474 0.31988189,
  12.204724 6.7481071 0.31988189,12.166179 6.734078 0.31988189,
  12.12516 6.734078 0.31988189,12.086614 6.7481071 0.31988189,
  12.055192 6.774474 0.31988189,12.034682 6.8099976 0.31988189,
  12.027559 6.8503937 0.31988189,12.034682 6.8907898 0.31988189,
  12.055192 6.9263134 0.31988189,12.086614 6.9526803 0.31988189,
  12.12516 6.9667094 0.31988189,12.166179 6.9667094 0.31988189,
  12.204724 6.9526803 0.31988189,12.236147 6.9263134 0.31988189,
  12.256657 6.8907898 0.31988189,12.933071 0.59055118 0.31988189,
  12.936632 0.61074922 0.31988189,12.946887 0.62851108 0.31988189,
  12.962598 0.64169441 0.31988189,12.981871 0.64870912 0.31988189,
  13.002381 0.64870912 0.31988189,13.021654 0.64169441 0.31988189,
  13.037365 0.62851108 0.31988189,13.04762 0.61074922 0.31988189,
  13.051181 0.59055118 0.31988189,13.04762 0.57035314 0.31988189,
  13.037365 0.55259128 0.31988189,13.021654 0.53940795 0.31988189,
  13.002381 0.53239324 0.31988189,12.981871 0.53239324 0.31988189,
  12.962598 0.53940795 0.31988189,12.946887 0.55259128 0.31988189,
  12.936632 0.57035314 0.31988189,12.26378 6.476378 0.31988189,
  12.256657 6.4359819 0.31988189,12.236147 6.4004583 0.31988189,
  12.204724 6.3740913 0.31988189,12.166179 6.3600622 0.31988189,
  12.12516 6.3600622 0.31988189,12.086614 6.3740913 0.31988189,
  12.055192 6.4004583 0.31988189,12.034682 6.4359819 0.31988189,
  12.027559 6.476378 0.31988189,12.034682 6.516774 0.31988189,
  12.055192 6.5522976 0.31988189,12.086614 6.5786646 0.31988189,
  12.12516 6.5926937 0.31988189,12.166179 6.5926937 0.31988189,
  12.204724 6.5786646 0.31988189,12.236147 6.5522976 0.31988189,
  12.256657 6.516774 0.31988189,12.26378 6.102363 0.31988189,
  12.256657 6.0619669 0.31988189,12.236147 6.0264433 0.31988189,
  12.204724 6.0000764 0.31988189,12.166179 5.9860472 0.31988189,
  12.12516 5.9860472 0.31988189,12.086614 6.0000764 0.31988189,
  12.055192 6.0264433 0.31988189,12.034682 6.0619669 0.31988189,
  12.027559 6.102363 0.31988189,12.034682 6.1427591 0.31988189,
  12.055192 6.1782827 0.31988189,12.086614 6.2046496 0.31988189,
  12.12516 6.2186787 0.31988189,12.166179 6.2186787 0.31988189,
  12.204724 6.2046496 0.31988189,12.236147 6.1782827 0.31988189,
  12.256657 6.1427591 0.31988189,0.29826693 0.78912835 0.31988189,
  0.29826693 0.76992677 0.31988189,0.2909189 0.75218661 0.31988189,
  0.27734094 0.73860866 0.31988189,0.25960079 0.73126063 0.31988189,
  0.25 0.73031496 0.31988189,0.1515748 0.73031496 0.31988189,
  0.14197402 0.73126063 0.31988189,0.12423386 0.73860866 0.31988189,
  0.11065591 0.75218661 0.31988189,0.10330787 0.76992677 0.31988189,
  0.10330787 0.78912835 0.31988189,0.11065591 0.8068685 0.31988189,
  0.12423386 0.82044646 0.31988189,0.14197402 0.82779449 0.31988189,
  0.1515748 0.82874016 0.31988189,0.25 0.82874016 0.31988189,
  0.25960079 0.82779449 0.31988189,0.27734094 0.82044646 0.31988189,
  0.2909189 0.8068685 0.31988189,7.7129421 2.6186606 0.31988189,
  7.7225429 2.617715 0.31988189,7.7402831 2.6103669 0.31988189,
  7.753861 2.596789 0.31988189,7.7612091 2.5790488 0.31988189,
  7.7612091 2.5598472 0.31988189,7.753861 2.5421071 0.31988189,
  7.7402831 2.5285291 0.31988189,7.7225429 2.5211811 0.31988189,
  7.7129421 2.5202354 0.31988189,7.6145169 2.5202354 0.31988189,
  7.6049161 2.5211811 0.31988189,7.587176 2.5285291 0.31988189,
  7.573598 2.5421071 0.31988189,7.56625 2.5598472 0.31988189,
  7.56625 2.5790488 0.31988189,7.573598 2.596789 0.31988189,
  7.587176 2.6103669 0.31988189,7.6049161 2.617715 0.31988189,
  7.6145169 2.6186606 0.31988189,7.6811024 13.501969 0.31988189,
  7.6704635 13.448483 0.31988189,7.6401665 13.403141 0.31988189,
  7.5948239 13.372844 0.31988189,7.5413386 13.362205 0.31988189,
  7.4878533 13.372844 0.31988189,7.4425107 13.403141 0.31988189,
  7.4122137 13.448483 0.31988189,7.4015748 13.501969 0.31988189,
  7.4122137 13.555454 0.31988189,7.4425107 13.600796 0.31988189,
  7.4878533 13.631093 0.31988189,7.5413386 13.641732 0.31988189,
  7.5948239 13.631093 0.31988189,7.6401665 13.600796 0.31988189,
  7.6704635 13.555454 0.31988189,1.1860236 5.015748 0.31988189,
  1.1789008 4.975352 0.31988189,1.1583909 4.9398283 0.31988189,
  1.1269685 4.9134614 0.31988189,1.0884228 4.8994323 0.31988189,
  1.0474039 4.8994323 0.31988189,1.0088583 4.9134614 0.31988189,
  0.97743583 4.9398283 0.31988189,0.95692598 4.975352 0.31988189,
  0.94980315 5.015748 0.31988189,0.95692598 5.0561441 0.31988189,
  0.97743583 5.0916677 0.31988189,1.0088583 5.1180346 0.31988189,
  1.0474039 5.1320638 0.31988189,1.0884228 5.1320638 0.31988189,
  1.1269685 5.1180346 0.31988189,1.1583909 5.0916677 0.31988189,
  1.1789008 5.0561441 0.31988189,1.1860236 4.6220472 0.31988189,
  1.1789008 4.5816512 0.31988189,1.1583909 4.5461276 0.31988189,
  1.1269685 4.5197606 0.31988189,1.0884228 4.5057315 0.31988189,
  1.0474039 4.5057315 0.31988189,1.0088583 4.5197606 0.31988189,
  0.97743583 4.5461276 0.31988189,0.95692598 4.5816512 0.31988189,
  0.94980315 4.6220472 0.31988189,0.95692598 4.6624433 0.31988189,
  0.97743583 4.6979669 0.31988189,1.0088583 4.7243339 0.31988189,
  1.0474039 4.738363 0.31988189,1.0884228 4.738363 0.31988189,
  1.1269685 4.7243339 0.31988189,1.1583909 4.6979669 0.31988189,
  1.1789008 4.6624433 0.31988189,0.30057874 2.2148756 0.31988189,
  0.30057874 2.195674 0.31988189,0.29323071 2.1779339 0.31988189,
  0.27965276 2.1643559 0.31988189,0.2619126 2.1570079 0.31988189,
  0.25231181 2.1560622 0.31988189,0.15388661 2.1560622 0.31988189,
  0.14428583 2.1570079 0.31988189,0.12654567 2.1643559 0.31988189,
  0.11296772 2.1779339 0.31988189,0.10561969 2.195674 0.31988189,
  0.10561969 2.2148756 0.31988189,0.11296772 2.2326157 0.31988189,
  0.12654567 2.2461937 0.31988189,0.14428583 2.2535417 0.31988189,
  0.15388661 2.2544874 0.31988189,0.25231181 2.2544874 0.31988189,
  0.2619126 2.2535417 0.31988189,0.27965276 2.2461937 0.31988189,
  0.29323071 2.2326157 0.31988189,6.628937 7.5590551 0.31988189,
  6.6360598 7.5994512 0.31988189,6.6565697 7.6349748 0.31988189,
  6.6879921 7.6613417 0.31988189,6.7265378 7.6753709 0.31988189,
  6.7675567 7.6753709 0.31988189,6.8061024 7.6613417 0.31988189,
  6.8375248 7.6349748 0.31988189,6.8580346 7.5994512 0.31988189,
  6.8651575 7.5590551 0.31988189,6.8580346 7.5186591 0.31988189,
  6.8375248 7.4831354 0.31988189,6.8061024 7.4567685 0.31988189,
  6.7675567 7.4427394 0.31988189,6.7265378 7.4427394 0.31988189,
  6.6879921 7.4567685 0.31988189,6.6565697 7.4831354 0.31988189,
  6.6360598 7.5186591 0.31988189,6.628937 7.0866142 0.31988189,
  6.6360598 7.1270102 0.31988189,6.6565697 7.1625339 0.31988189,
  6.6879921 7.1889008 0.31988189,6.7265378 7.2029299 0.31988189,
  6.7675567 7.2029299 0.31988189,6.8061024 7.1889008 0.31988189,
  6.8375248 7.1625339 0.31988189,6.8580346 7.1270102 0.31988189,
  6.8651575 7.0866142 0.31988189,6.8580346 7.0462181 0.31988189,
  6.8375248 7.0106945 0.31988189,6.8061024 6.9843276 0.31988189,
  6.7675567 6.9702984 0.31988189,6.7265378 6.9702984 0.31988189,
  6.6879921 6.9843276 0.31988189,6.6565697 7.0106945 0.31988189,
  6.6360598 7.0462181 0.31988189,2.5160921 3.1993693 0.31988189,
  2.5160921 3.1009441 0.31988189,2.5151465 3.0913433 0.31988189,
  2.5077984 3.0736031 0.31988189,2.4942205 3.0600252 0.31988189,
  2.4764803 3.0526772 0.31988189,2.4572787 3.0526772 0.31988189,
  2.4395386 3.0600252 0.31988189,2.4259606 3.0736031 0.31988189,
  2.4186126 3.0913433 0.31988189,2.4176669 3.1009441 0.31988189,
  2.4176669 3.1993693 0.31988189,2.4186126 3.2089701 0.31988189,
  2.4259606 3.2267102 0.31988189,2.4395386 3.2402882 0.31988189,
  2.4572787 3.2476362 0.31988189,2.4764803 3.2476362 0.31988189,
  2.4942205 3.2402882 0.31988189,2.5077984 3.2267102 0.31988189,
  2.5151465 3.2089701 0.31988189,5.0393701 9.9586614 0.31988189,
  5.050009 10.012147 0.31988189,5.0803059 10.057489 0.31988189,
  5.1256486 10.087786 0.31988189,5.1791339 10.098425 0.31988189,
  5.2326191 10.087786 0.31988189,5.2779618 10.057489 0.31988189,
  5.3082588 10.012147 0.31988189,5.3188976 9.9586614 0.31988189,
  5.3082588 9.9051761 0.31988189,5.2779618 9.8598335 0.31988189,
  5.2326191 9.8295365 0.31988189,5.1791339 9.8188976 0.31988189,
  5.1256486 9.8295365 0.31988189,5.0803059 9.8598335 0.31988189,
  5.050009 9.9051761 0.31988189,4.3307087 13.580709 0.31988189,
  4.3353538 13.604061 0.31988189,4.3485821 13.623859 0.31988189,
  4.3683796 13.637087 0.31988189,4.3917323 13.641732 0.31988189,
  4.415085 13.637087 0.31988189,4.4348825 13.623859 0.31988189,
  4.4481108 13.604061 0.31988189,4.4527559 13.580709 0.31988189,
  4.4481108 13.557356 0.31988189,4.4348825 13.537558 0.31988189,
  4.415085 13.52433 0.31988189,4.3917323 13.519685 0.31988189,
  4.3683796 13.52433 0.31988189,4.3485821 13.537558 0.31988189,
  4.3353538 13.557356 0.31988189,4.1377953 13.580709 0.31988189,
  4.1331501 13.557356 0.31988189,4.1199219 13.537558 0.31988189,
  4.1001244 13.52433 0.31988189,4.0767717 13.519685 0.31988189,
  4.0534189 13.52433 0.31988189,4.0336214 13.537558 0.31988189,
  4.0203932 13.557356 0.31988189,4.015748 13.580709 0.31988189,
  4.0203932 13.604061 0.31988189,4.0336214 13.623859 0.31988189,
  4.0534189 13.637087 0.31988189,4.0767717 13.641732 0.31988189,
  4.1001244 13.637087 0.31988189,4.1199219 13.623859 0.31988189,
  4.1331501 13.604061 0.31988189,4.1377953 13.265748 0.31988189,
  4.1331501 13.242395 0.31988189,4.1199219 13.222598 0.31988189,
  4.1001244 13.20937 0.31988189,4.0767717 13.204724 0.31988189,
  4.0534189 13.20937 0.31988189,4.0336214 13.222598 0.31988189,
  4.0203932 13.242395 0.31988189,4.015748 13.265748 0.31988189,
  4.0203932 13.289101 0.31988189,4.0336214 13.308898 0.31988189,
  4.0534189 13.322127 0.31988189,4.0767717 13.326772 0.31988189,
  4.1001244 13.322127 0.31988189,4.1199219 13.308898 0.31988189,
  4.1331501 13.289101 0.31988189,4.1377953 12.950787 0.31988189,
  4.1331501 12.927435 0.31988189,4.1199219 12.907637 0.31988189,
  4.1001244 12.894409 0.31988189,4.0767717 12.889764 0.31988189,
  4.0534189 12.894409 0.31988189,4.0336214 12.907637 0.31988189,
  4.0203932 12.927435 0.31988189,4.015748 12.950787 0.31988189,
  4.0203932 12.97414 0.31988189,4.0336214 12.993938 0.31988189,
  4.0534189 13.007166 0.31988189,4.0767717 13.011811 0.31988189,
  4.1001244 13.007166 0.31988189,4.1199219 12.993938 0.31988189,
  4.1331501 12.97414 0.31988189,4.1377953 12.635827 0.31988189,
  4.1331501 12.612474 0.31988189,4.1199219 12.592677 0.31988189,
  4.1001244 12.579448 0.31988189,4.0767717 12.574803 0.31988189,
  4.0534189 12.579448 0.31988189,4.0336214 12.592677 0.31988189,
  4.0203932 12.612474 0.31988189,4.015748 12.635827 0.31988189,
  4.0203932 12.65918 0.31988189,4.0336214 12.678977 0.31988189,
  4.0534189 12.692205 0.31988189,4.0767717 12.69685 0.31988189,
  4.1001244 12.692205 0.31988189,4.1199219 12.678977 0.31988189,
  4.1331501 12.65918 0.31988189,4.1377953 12.320866 0.31988189,
  4.1331501 12.297513 0.31988189,4.1199219 12.277716 0.31988189,
  4.1001244 12.264488 0.31988189,4.0767717 12.259843 0.31988189,
  4.0534189 12.264488 0.31988189,4.0336214 12.277716 0.31988189,
  4.0203932 12.297513 0.31988189,4.015748 12.320866 0.31988189,
  4.0203932 12.344219 0.31988189,4.0336214 12.364016 0.31988189,
  4.0534189 12.377245 0.31988189,4.0767717 12.38189 0.31988189,
  4.1001244 12.377245 0.31988189,4.1199219 12.364016 0.31988189,
  4.1331501 12.344219 0.31988189,4.1377953 12.005906 0.31988189,
  4.1331501 11.982553 0.31988189,4.1199219 11.962755 0.31988189,
  4.1001244 11.949527 0.31988189,4.0767717 11.944882 0.31988189,
  4.0534189 11.949527 0.31988189,4.0336214 11.962755 0.31988189,
  4.0203932 11.982553 0.31988189,4.015748 12.005906 0.31988189,
  4.0203932 12.029258 0.31988189,4.0336214 12.049056 0.31988189,
  4.0534189 12.062284 0.31988189,4.0767717 12.066929 0.31988189,
  4.1001244 12.062284 0.31988189,4.1199219 12.049056 0.31988189,
  4.1331501 12.029258 0.31988189,4.1377953 11.690945 0.31988189,
  4.1331501 11.667592 0.31988189,4.1199219 11.647795 0.31988189,
  4.1001244 11.634566 0.31988189,4.0767717 11.629921 0.31988189,
  4.0534189 11.634566 0.31988189,4.0336214 11.647795 0.31988189,
  4.0203932 11.667592 0.31988189,4.015748 11.690945 0.31988189,
  4.0203932 11.714298 0.31988189,4.0336214 11.734095 0.31988189,
  4.0534189 11.747323 0.31988189,4.0767717 11.751969 0.31988189,
  4.1001244 11.747323 0.31988189,4.1199219 11.734095 0.31988189,
  4.1331501 11.714298 0.31988189,4.5669291 9.9586614 0.31988189,
  4.577568 10.012147 0.31988189,4.607865 10.057489 0.31988189,
  4.6532076 10.087786 0.31988189,4.7066929 10.098425 0.31988189,
  4.7601782 10.087786 0.31988189,4.8055208 10.057489 0.31988189,
  4.8358178 10.012147 0.31988189,4.8464567 9.9586614 0.31988189,
  4.8358178 9.9051761 0.31988189,4.8055208 9.8598335 0.31988189,
  4.7601782 9.8295365 0.31988189,4.7066929 9.8188976 0.31988189,
  4.6532076 9.8295365 0.31988189,4.607865 9.8598335 0.31988189,
  4.577568 9.9051761 0.31988189,6.8651575 6.6141732 0.31988189,
  6.8580346 6.5737772 0.31988189,6.8375248 6.5382535 0.31988189,
  6.8061024 6.5118866 0.31988189,6.7675567 6.4978575 0.31988189,
  6.7265378 6.4978575 0.31988189,6.6879921 6.5118866 0.31988189,
  6.6565697 6.5382535 0.31988189,6.6360598 6.5737772 0.31988189,
  6.628937 6.6141732 0.31988189,6.6360598 6.6545693 0.31988189,
  6.6565697 6.6900929 0.31988189,6.6879921 6.7164598 0.31988189,
  6.7265378 6.730489 0.31988189,6.7675567 6.730489 0.31988189,
  6.8061024 6.7164598 0.31988189,6.8375248 6.6900929 0.31988189,
  6.8580346 6.6545693 0.31988189,6.8651575 6.1417323 0.31988189,
  6.8582157 6.102363 0.31988189,6.8580346 6.1013362 0.31988189,
  6.8375248 6.0658126 0.31988189,6.8061024 6.0394457 0.31988189,
  6.7675567 6.0254165 0.31988189,6.7265378 6.0254165 0.31988189,
  6.6879921 6.0394457 0.31988189,6.6565697 6.0658126 0.31988189,
  6.6360598 6.1013362 0.31988189,6.628937 6.1417323 0.31988189,
  6.6360598 6.1821283 0.31988189,6.6565697 6.217652 0.31988189,
  6.6879921 6.2440189 0.31988189,6.7265378 6.258048 0.31988189,
  6.7675567 6.258048 0.31988189,6.8061024 6.2440189 0.31988189,
  6.8375248 6.217652 0.31988189,6.8580346 6.1821283 0.31988189] }
 coordIndex [
  267,10,258,-1,258,10,11,-1,258,11,30,-1,30,11,12,-1,30,12,29,-1,29,12,13,-1,29,13,28,-1,28,13,14,-1,
  28,14,27,-1,27,14,15,-1,27,15,26,-1,26,15,16,-1,26,16,25,-1,25,16,17,-1,25,17,24,-1,24,17,18,-1,
  24,18,23,-1,23,18,19,-1,23,19,22,-1,22,19,0,-1,22,0,21,-1,21,0,113,-1,21,113,20,-1,20,113,41,-1,
  20,41,42,-1,20,42,39,-1,39,42,43,-1,39,43,38,-1,38,43,44,-1,38,44,37,-1,37,44,45,-1,37,45,36,-1,
  36,45,46,-1,36,46,35,-1,35,46,47,-1,35,47,34,-1,34,47,48,-1,34,48,33,-1,33,48,49,-1,33,49,32,-1,
  32,49,50,-1,32,50,31,-1,31,50,258,-1,31,258,30,-1,101,102,185,-1,185,102,247,-1,185,247,113,-1,113,247,248,-1,
  113,248,40,-1,40,248,249,-1,40,249,59,-1,59,249,250,-1,59,250,58,-1,58,250,251,-1,58,251,57,-1,57,251,252,-1,
  57,252,56,-1,56,252,253,-1,56,253,55,-1,55,253,254,-1,55,254,54,-1,54,254,255,-1,54,255,53,-1,53,255,256,-1,
  53,256,52,-1,52,256,257,-1,52,257,51,-1,51,257,258,-1,51,258,50,-1,60,104,85,-1,85,104,105,-1,85,105,84,-1,
  84,105,106,-1,84,106,83,-1,83,106,107,-1,83,107,82,-1,82,107,108,-1,82,108,81,-1,81,108,109,-1,81,109,80,-1,
  80,109,110,-1,80,110,79,-1,79,110,111,-1,79,111,78,-1,78,111,112,-1,78,112,77,-1,77,112,94,-1,77,94,76,-1,
  76,94,185,-1,76,185,186,-1,162,114,161,-1,161,114,76,-1,161,76,160,-1,160,76,214,-1,160,214,196,-1,196,214,215,-1,
  196,215,195,-1,195,215,216,-1,195,216,194,-1,194,216,217,-1,194,217,193,-1,193,217,218,-1,193,218,192,-1,192,218,219,-1,
  192,219,191,-1,191,219,220,-1,191,220,190,-1,190,220,221,-1,190,221,189,-1,189,221,222,-1,189,222,188,-1,188,222,205,-1,
  188,205,187,-1,187,205,169,-1,187,169,151,-1,151,169,142,-1,151,142,114,-1,114,142,143,-1,114,143,144,-1,160,197,159,-1,
  159,197,198,-1,159,198,158,-1,158,198,199,-1,158,199,157,-1,157,199,200,-1,157,200,156,-1,156,200,201,-1,156,201,155,-1,
  155,201,202,-1,155,202,154,-1,154,202,203,-1,154,203,153,-1,153,203,204,-1,153,204,152,-1,152,204,187,-1,152,187,151,-1,
  149,150,114,-1,114,150,132,-1,114,132,113,-1,113,133,178,-1,178,133,134,-1,178,134,177,-1,177,134,135,-1,177,135,176,-1,
  176,135,136,-1,176,136,175,-1,175,136,137,-1,175,137,174,-1,174,137,138,-1,174,138,173,-1,173,138,139,-1,173,139,172,-1,
  172,139,140,-1,172,140,171,-1,171,140,141,-1,171,141,170,-1,170,141,142,-1,170,142,169,-1,114,144,145,-1,114,145,146,-1,
  114,146,147,-1,114,147,148,-1,114,148,149,-1,114,162,163,-1,114,163,164,-1,114,164,165,-1,114,165,166,-1,114,166,167,-1,
  114,167,168,-1,114,168,151,-1,114,115,435,-1,114,435,436,-1,114,436,411,-1,114,411,412,-1,114,412,413,-1,114,413,414,-1,
  114,414,415,-1,114,415,275,-1,114,275,276,-1,114,276,277,-1,114,277,278,-1,114,278,263,-1,114,263,70,-1,114,70,71,-1,
  114,71,72,-1,114,72,73,-1,114,73,74,-1,114,74,75,-1,114,75,60,-1,114,60,87,-1,114,87,88,-1,114,88,89,-1,
  114,89,90,-1,114,90,91,-1,114,91,92,-1,114,92,93,-1,114,93,76,-1,86,87,60,-1,86,60,85,-1,68,69,263,-1,
  68,263,243,-1,68,243,244,-1,68,244,245,-1,68,245,246,-1,68,246,247,-1,68,247,104,-1,68,104,67,-1,342,343,271,-1,
  271,343,344,-1,271,344,10,-1,10,344,362,-1,10,362,551,-1,551,362,363,-1,551,363,568,-1,568,363,364,-1,568,364,567,-1,
  567,364,365,-1,567,365,566,-1,566,365,366,-1,566,366,565,-1,565,366,367,-1,565,367,564,-1,564,367,368,-1,564,368,563,-1,
  563,368,369,-1,563,369,562,-1,562,369,370,-1,562,370,561,-1,561,370,353,-1,561,353,560,-1,560,353,335,-1,560,335,579,-1,
  579,335,399,-1,579,399,10,-1,10,399,400,-1,10,400,401,-1,271,272,399,-1,271,399,335,-1,271,335,336,-1,271,336,337,-1,
  271,337,338,-1,271,338,339,-1,271,339,340,-1,271,340,341,-1,271,341,342,-1,272,273,543,-1,272,543,392,-1,272,392,393,-1,
  272,393,394,-1,272,394,395,-1,272,395,396,-1,272,396,397,-1,272,397,398,-1,272,398,399,-1,404,405,10,-1,10,405,406,-1,
  10,406,543,-1,543,406,391,-1,543,391,392,-1,273,274,415,-1,273,415,537,-1,273,537,538,-1,273,538,539,-1,273,539,540,-1,
  273,540,541,-1,273,541,542,-1,273,542,543,-1,535,536,415,-1,535,415,416,-1,535,416,417,-1,535,417,418,-1,535,418,419,-1,
  535,419,420,-1,535,420,421,-1,535,421,422,-1,535,422,407,-1,535,407,423,-1,535,423,439,-1,535,439,455,-1,535,455,471,-1,
  535,471,487,-1,535,487,503,-1,535,503,550,-1,423,407,408,-1,423,408,409,-1,423,409,410,-1,423,410,438,-1,411,436,437,-1,
  411,437,438,-1,411,438,410,-1,495,479,431,-1,431,479,463,-1,431,463,447,-1,447,463,464,-1,447,464,446,-1,446,464,465,-1,
  446,465,445,-1,445,465,466,-1,445,466,444,-1,444,466,467,-1,444,467,443,-1,443,467,468,-1,443,468,442,-1,442,468,469,-1,
  442,469,441,-1,441,469,470,-1,441,470,440,-1,440,470,455,-1,440,455,439,-1,524,525,550,-1,550,525,526,-1,550,526,371,-1,
  371,526,527,-1,371,527,431,-1,431,527,511,-1,431,511,495,-1,495,511,512,-1,495,512,494,-1,494,512,513,-1,494,513,493,-1,
  493,513,514,-1,493,514,492,-1,492,514,515,-1,492,515,491,-1,491,515,516,-1,491,516,490,-1,490,516,517,-1,490,517,489,-1,
  489,517,518,-1,489,518,488,-1,488,518,503,-1,488,503,487,-1,431,432,279,-1,431,279,383,-1,431,383,384,-1,431,384,385,-1,
  431,385,386,-1,431,386,387,-1,431,387,388,-1,431,388,389,-1,431,389,390,-1,431,390,371,-1,279,280,297,-1,279,297,379,-1,
  279,379,380,-1,279,380,381,-1,279,381,382,-1,279,382,383,-1,432,433,115,-1,432,115,289,-1,432,289,290,-1,432,290,291,-1,
  432,291,292,-1,432,292,293,-1,432,293,294,-1,432,294,295,-1,432,295,296,-1,432,296,279,-1,297,280,314,-1,314,280,281,-1,
  314,281,313,-1,313,281,282,-1,313,282,312,-1,312,282,283,-1,312,283,311,-1,311,283,284,-1,311,284,310,-1,310,284,285,-1,
  310,285,309,-1,309,285,286,-1,309,286,308,-1,308,286,287,-1,308,287,307,-1,307,287,288,-1,307,288,306,-1,306,288,315,-1,
  306,315,305,-1,305,315,304,-1,289,115,326,-1,289,326,327,-1,289,327,328,-1,289,328,329,-1,289,329,330,-1,289,330,331,-1,
  289,331,332,-1,289,332,333,-1,289,333,334,-1,289,334,315,-1,289,315,288,-1,377,378,8,-1,8,378,315,-1,8,315,7,-1,
  7,315,316,-1,7,316,223,-1,223,316,317,-1,223,317,242,-1,242,317,318,-1,242,318,241,-1,241,318,319,-1,241,319,240,-1,
  240,319,320,-1,240,320,239,-1,239,320,321,-1,239,321,238,-1,238,321,322,-1,238,322,237,-1,237,322,323,-1,237,323,236,-1,
  236,323,324,-1,236,324,235,-1,235,324,325,-1,235,325,234,-1,234,325,326,-1,234,326,115,-1,233,234,115,-1,233,115,116,-1,
  233,116,117,-1,233,117,118,-1,233,118,119,-1,233,119,120,-1,233,120,121,-1,233,121,122,-1,233,122,123,-1,233,123,124,-1,
  233,124,125,-1,233,125,126,-1,233,126,127,-1,233,127,128,-1,233,128,129,-1,233,129,232,-1,434,435,115,-1,434,115,433,-1,
  113,178,179,-1,113,179,180,-1,113,180,181,-1,113,181,182,-1,113,182,183,-1,113,183,184,-1,113,184,185,-1,169,205,206,-1,
  169,206,207,-1,169,207,208,-1,169,208,209,-1,169,209,210,-1,169,210,211,-1,169,211,212,-1,169,212,213,-1,169,213,214,-1,
  169,214,76,-1,169,76,186,-1,185,94,95,-1,185,95,96,-1,185,96,97,-1,185,97,98,-1,185,98,99,-1,185,99,100,-1,
  185,100,101,-1,104,60,61,-1,104,61,62,-1,104,62,63,-1,104,63,64,-1,104,64,65,-1,104,65,66,-1,104,66,67,-1,
  247,102,103,-1,247,103,104,-1,113,0,1,-1,113,1,2,-1,113,2,3,-1,113,3,4,-1,113,4,5,-1,113,5,6,-1,
  113,6,223,-1,113,223,224,-1,113,224,225,-1,113,225,226,-1,113,226,227,-1,113,227,228,-1,113,228,229,-1,113,229,130,-1,
  113,130,131,-1,10,267,268,-1,10,268,269,-1,10,269,270,-1,10,270,271,-1,10,551,569,-1,569,551,552,-1,569,552,587,-1,
  587,552,553,-1,587,553,586,-1,586,553,554,-1,586,554,585,-1,585,554,555,-1,585,555,584,-1,584,555,556,-1,584,556,583,-1,
  583,556,557,-1,583,557,582,-1,582,557,558,-1,582,558,581,-1,581,558,559,-1,581,559,580,-1,580,559,560,-1,580,560,579,-1,
  10,569,570,-1,10,570,571,-1,10,571,572,-1,10,572,573,-1,10,573,574,-1,10,574,575,-1,10,575,576,-1,10,576,577,-1,
  10,577,578,-1,10,578,579,-1,10,401,402,-1,10,402,403,-1,10,403,404,-1,10,543,544,-1,10,544,545,-1,10,545,546,-1,
  10,546,547,-1,10,547,548,-1,10,548,549,-1,10,549,550,-1,10,550,371,-1,10,371,9,-1,550,503,519,-1,519,503,504,-1,
  519,504,534,-1,534,504,505,-1,534,505,533,-1,533,505,506,-1,533,506,532,-1,532,506,507,-1,532,507,531,-1,531,507,508,-1,
  531,508,530,-1,530,508,509,-1,530,509,529,-1,529,509,510,-1,529,510,528,-1,528,510,511,-1,528,511,527,-1,550,519,520,-1,
  550,520,521,-1,550,521,522,-1,550,522,523,-1,550,523,524,-1,8,9,371,-1,8,371,372,-1,8,372,373,-1,8,373,374,-1,
  8,374,375,-1,8,375,376,-1,8,376,377,-1,379,297,298,-1,379,298,299,-1,379,299,300,-1,379,300,301,-1,379,301,302,-1,
  379,302,303,-1,379,303,304,-1,379,304,315,-1,379,315,378,-1,129,130,230,-1,129,230,231,-1,129,231,232,-1,261,262,265,-1,
  265,262,243,-1,265,243,264,-1,264,243,263,-1,266,267,258,-1,266,258,259,-1,266,259,260,-1,266,260,261,-1,266,261,265,-1,
  479,496,478,-1,478,496,497,-1,478,497,477,-1,477,497,498,-1,477,498,476,-1,476,498,499,-1,476,499,475,-1,475,499,500,-1,
  475,500,474,-1,474,500,501,-1,474,501,473,-1,473,501,502,-1,473,502,472,-1,472,502,487,-1,472,487,471,-1,463,480,462,-1,
  462,480,481,-1,462,481,461,-1,461,481,482,-1,461,482,460,-1,460,482,483,-1,460,483,459,-1,459,483,484,-1,459,484,458,-1,
  458,484,485,-1,458,485,457,-1,457,485,486,-1,457,486,456,-1,456,486,471,-1,456,471,455,-1,431,448,430,-1,430,448,449,-1,
  430,449,429,-1,429,449,450,-1,429,450,428,-1,428,450,451,-1,428,451,427,-1,427,451,452,-1,427,452,426,-1,426,452,453,-1,
  426,453,425,-1,425,453,454,-1,425,454,424,-1,424,454,439,-1,424,439,423,-1,335,354,352,-1,352,354,355,-1,352,355,351,-1,
  351,355,356,-1,351,356,350,-1,350,356,357,-1,350,357,349,-1,349,357,358,-1,349,358,348,-1,348,358,359,-1,348,359,347,-1,
  347,359,360,-1,347,360,346,-1,346,360,361,-1,346,361,345,-1,345,361,362,-1,345,362,344,-1,354,335,353,-1,448,431,447,-1,
  480,463,479,-1,496,479,495,-1,130,229,230,-1,223,6,7,-1,41,113,40,-1,275,415,274,-1,537,415,536,-1,70,263,69,-1,
  197,160,196,-1]
  normalPerVertex TRUE
  normal DEF NORM_5 Normal { vector [
  0 0 1,0 0 1,
  0 0 1,0 0 1,
  0 0 1,0 0 1,
  0 0 1,0 0 1,
  0 0 1,0 0 1,
  0 0 1,0 0 1,
  0 0 1,0 0 1,
  0 0 1,0 0 1,
  0 0 1,0 0 1,
  0 0 1,0 0 1,
  0 0 1,0 0 1,
  0 0 1,0 0 1,
  0 0 1,0 0 1,
  0 0 1,0 0 1,
  0 0 1,0 0 1,
  0 0 1,0 0 1,
  0 0 1,0 0 1,
  0 0 1,0 0 1,
  0 0 1,0 0 1,
  0 0 1,0 0 1,
  0 0 1,0 0 1,
  0 0 1,0 0 1,
  0 0 1,0 0 1,
  0 0 1,0 0 1,
  0 0 1,0 0 1,
  0 0 1,0 0 1,
  0 0 1,0 0 1,
  0 0 1,0 0 1,
  0 0 1,0 0 1,
  0 0 1,0 0 1,
  0 0 1,0 0 1,
  0 0 1,0 0 1,
  0 0 1,0 0 1,
  0 0 1,0 0 1,
  0 0 1,0 0 1,
  0 0 1,0 0 1,
  0 0 1,0 0 1,
  0 0 1,0 0 1,
  0 0 1,0 0 1,
  0 0 1,0 0 1,
  0 0 1,0 0 1,
  0 0 1,0 0 1,
  0 0 1,0 0 1,
  0 0 1,0 0 1,
  0 0 1,0 0 1,
  0 0 1,0 0 1,
  0 0 1,0 0 1,
  0 0 1,0 0 1,
  0 0 1,0 0 1,
  0 0 1,0 0 1,
  0 0 1,0 0 1,
  0 0 1,0 0 1,
  0 0 1,0 0 1,
  0 0 1,0 0 1,
  0 0 1,0 0 1,
  0 0 1,0 0 1,
  0 0 1,0 0 1,
  0 0 1,0 0 1,
  0 0 1,0 0 1,
  0 0 1,0 0 1,
  0 0 1,0 0 1,
  0 0 1,0 0 1,
  0 0 1,0 0 1,
  0 0 1,0 0 1,
  0 0 1,0 0 1,
  0 0 1,0 0 1,
  0 0 1,0 0 1,
  0 0 1,0 0 1,
  0 0 1,0 0 1,
  0 0 1,0 0 1,
  0 0 1,0 0 1,
  0 0 1,0 0 1,
  0 0 1,0 0 1,
  0 0 1,0 0 1,
  0 0 1,0 0 1,
  0 0 1,0 0 1,
  0 0 1,0 0 1,
  0 0 1,0 0 1,
  0 0 1,0 0 1,
  0 0 1,0 0 1,
  0 0 1,0 0 1,
  0 0 1,0 0 1,
  0 0 1,0 0 1,
  0 0 1,0 0 1,
  0 0 1,0 0 1,
  0 0 1,0 0 1,
  0 0 1,0 0 1,
  0 0 1,0 0 1,
  0 0 1,0 0 1,
  0 0 1,0 0 1,
  0 0 1,0 0 1,
  0 0 1,0 0 1,
  0 0 1,0 0 1,
  0 0 1,0 0 1,
  0 0 1,0 0 1,
  0 0 1,0 0 1,
  0 0 1,0 0 1,
  0 0 1,0 0 1,
  0 0 1,0 0 1,
  0 0 1,0 0 1,
  0 0 1,0 0 1,
  0 0 1,0 0 1,
  0 0 1,0 0 1,
  0 0 1,0 0 1,
  0 0 1,0 0 1,
  0 0 1,0 0 1,
  0 0 1,0 0 1,
  0 0 1,0 0 1,
  0 0 1,0 0 1,
  0 0 1,0 0 1,
  0 0 1,0 0 1,
  0 0 1,0 0 1,
  0 0 1,0 0 1,
  0 0 1,0 0 1,
  0 0 1,0 0 1,
  0 0 1,0 0 1,
  0 0 1,0 0 1,
  0 0 1,0 0 1,
  0 0 1,0 0 1,
  0 0 1,0 0 1,
  0 0 1,0 0 1,
  0 0 1,0 0 1,
  0 0 1,0 0 1,
  0 0 1,0 0 1,
  0 0 1,0 0 1,
  0 0 1,0 0 1,
  0 0 1,0 0 1,
  0 0 1,0 0 1,
  0 0 1,0 0 1,
  0 0 1,0 0 1,
  0 0 1,0 0 1,
  0 0 1,0 0 1,
  0 0 1,0 0 1,
  0 0 1,0 0 1,
  0 0 1,0 0 1,
  0 0 1,0 0 1,
  0 0 1,0 0 1,
  0 0 1,0 0 1,
  0 0 1,0 0 1,
  0 0 1,0 0 1,
  0 0 1,0 0 1,
  0 0 1,0 0 1,
  0 0 1,0 0 1,
  0 0 1,0 0 1,
  0 0 1,0 0 1,
  0 0 1,0 0 1,
  0 0 1,0 0 1,
  0 0 1,0 0 1,
  0 0 1,0 0 1,
  0 0 1,0 0 1,
  0 0 1,0 0 1,
  0 0 1,0 0 1,
  0 0 1,0 0 1,
  0 0 1,0 0 1,
  0 0 1,0 0 1,
  0 0 1,0 0 1,
  0 0 1,0 0 1,
  0 0 1,0 0 1,
  0 0 1,0 0 1,
  0 0 1,0 0 1,
  0 0 1,0 0 1,
  0 0 1,0 0 1,
  0 0 1,0 0 1,
  0 0 1,0 0 1,
  0 0 1,0 0 1,
  0 0 1,0 0 1,
  0 0 1,0 0 1,
  0 0 1,0 0 1,
  0 0 1,0 0 1,
  0 0 1,0 0 1,
  0 0 1,0 0 1,
  0 0 1,0 0 1,
  0 0 1,0 0 1,
  0 0 1,0 0 1,
  0 0 1,0 0 1,
  0 0 1,0 0 1,
  0 0 1,0 0 1,
  0 0 1,0 0 1,
  0 0 1,0 0 1,
  0 0 1,0 0 1,
  0 0 1,0 0 1,
  0 0 1,0 0 1,
  0 0 1,0 0 1,
  0 0 1,0 0 1,
  0 0 1,0 0 1,
  0 0 1,0 0 1,
  0 0 1,0 0 1,
  0 0 1,0 0 1,
  0 0 1,0 0 1,
  0 0 1,0 0 1,
  0 0 1,0 0 1,
  0 0 1,0 0 1,
  0 0 1,0 0 1,
  0 0 1,0 0 1,
  0 0 1,0 0 1,
  0 0 1,0 0 1,
  0 0 1,0 0 1,
  0 0 1,0 0 1,
  0 0 1,0 0 1,
  0 0 1,0 0 1,
  0 0 1,0 0 1,
  0 0 1,0 0 1,
  0 0 1,0 0 1,
  0 0 1,0 0 1,
  0 0 1,0 0 1,
  0 0 1,0 0 1,
  0 0 1,0 0 1,
  0 0 1,0 0 1,
  0 0 1,0 0 1,
  0 0 1,0 0 1,
  0 0 1,0 0 1,
  0 0 1,0 0 1,
  0 0 1,0 0 1,
  0 0 1,0 0 1,
  0 0 1,0 0 1,
  0 0 1,0 0 1,
  0 0 1,0 0 1,
  0 0 1,0 0 1,
  0 0 1,0 0 1,
  0 0 1,0 0 1,
  0 0 1,0 0 1,
  0 0 1,0 0 1,
  0 0 1,0 0 1,
  0 0 1,0 0 1,
  0 0 1,0 0 1,
  0 0 1,0 0 1,
  0 0 1,0 0 1,
  0 0 1,0 0 1,
  0 0 1,0 0 1,
  0 0 1,0 0 1,
  0 0 1,0 0 1,
  0 0 1,0 0 1,
  0 0 1,0 0 1,
  0 0 1,0 0 1,
  0 0 1,0 0 1,
  0 0 1,0 0 1,
  0 0 1,0 0 1,
  0 0 1,0 0 1,
  0 0 1,0 0 1,
  0 0 1,0 0 1,
  0 0 1,0 0 1,
  0 0 1,0 0 1,
  0 0 1,0 0 1,
  0 0 1,0 0 1,
  0 0 1,0 0 1,
  0 0 1,0 0 1,
  0 0 1,0 0 1,
  0 0 1,0 0 1,
  0 0 1,0 0 1,
  0 0 1,0 0 1,
  0 0 1,0 0 1,
  0 0 1,0 0 1,
  0 0 1,0 0 1,
  0 0 1,0 0 1,
  0 0 1,0 0 1,
  0 0 1,0 0 1,
  0 0 1,0 0 1,
  0 0 1,0 0 1,
  0 0 1,0 0 1,
  0 0 1,0 0 1,
  0 0 1,0 0 1,
  0 0 1,0 0 1,
  0 0 1,0 0 1,
  0 0 1,0 0 1,
  0 0 1,0 0 1,
  0 0 1,0 0 1,
  0 0 1,0 0 1,
  0 0 1,0 0 1,
  0 0 1,0 0 1,
  0 0 1,0 0 1,
  0 0 1,0 0 1,
  0 0 1,0 0 1,
  0 0 1,0 0 1,
  0 0 1,0 0 1,
  0 0 1,0 0 1,
  0 0 1,0 0 1,
  0 0 1,0 0 1,
  0 0 1,0 0 1,
  0 0 1,0 0 1,
  0 0 1,0 0 1,
  0 0 1,0 0 1,
  0 0 1,0 0 1,
  0 0 1,0 0 1,
  0 0 1,0 0 1,
  0 0 1,0 0 1,
  0 0 1,0 0 1,
  0 0 1,0 0 1,
  0 0 1,0 0 1,
  0 0 1,0 0 1,
  0 0 1,0 0 1,
  0 0 1,0 0 1,
  0 0 1,0 0 1,
  0 0 1,0 0 1,
  0 0 1,0 0 1] }
}
}
] }
DEF TXFM_6 Transform {
  center 0 0 0
  rotation 0 0 1 0
  scale 1 1 1
  scaleOrientation 0 0 1 0
  translation 0 0 0
 children [
DEF SHAPE_6 Shape {
 appearance USE APP_2
 geometry DEF FACE_6 IndexedFaceSet {
  coord DEF COORD_6 Coordinate { point [
  13.051181 0.6928378 -0.31496063,13.012635 0.70686693 -0.31496063,
  12.971617 0.70686693 -0.31496063,12.933071 0.6928378 -0.31496063,
  12.901648 0.66647087 -0.31496063,12.881139 0.63094724 -0.31496063,
  12.874016 0.59055118 -0.31496063,12.881139 0.55015512 -0.31496063,
  12.901648 0.5146315 -0.31496063,12.933071 0.48826457 -0.31496063,
  12.971617 0.47423543 -0.31496063,13.012635 0.47423543 -0.31496063,
  13.051181 0.48826457 -0.31496063,13.082604 0.5146315 -0.31496063,
  13.103113 0.55015512 -0.31496063,13.110236 0.59055118 -0.31496063,
  13.103113 0.63094724 -0.31496063,13.082604 0.66647087 -0.31496063,
  13.051181 0.59055118 -0.31496063,13.04762 0.57035314 -0.31496063,
  13.037365 0.55259128 -0.31496063,13.021654 0.53940795 -0.31496063,
  13.002381 0.53239324 -0.31496063,12.981871 0.53239324 -0.31496063,
  12.962598 0.53940795 -0.31496063,12.946887 0.55259128 -0.31496063,
  12.936632 0.57035314 -0.31496063,12.933071 0.59055118 -0.31496063,
  12.936632 0.61074922 -0.31496063,12.946887 0.62851108 -0.31496063,
  12.962598 0.64169441 -0.31496063,12.981871 0.64870912 -0.31496063,
  13.002381 0.64870912 -0.31496063,13.021654 0.64169441 -0.31496063,
  13.037365 0.62851108 -0.31496063,13.04762 0.61074922 -0.31496063,
  0.93011811 4.3464567 -0.31496063,0.93011811 3.9074803 -0.31496063,
  6.7765748 3.9074803 -0.31496063,6.875 3.9074803 -0.31496063,
  6.875 5.9448819 -0.31496063,6.7765748 5.9448819 -0.31496063,
  6.7765748 4.0059055 -0.31496063,1.0285433 4.0059055 -0.31496063,
  1.0285433 4.3464567 -0.31496063,6.5501969 7.726378 -0.31496063,
  1.0285433 7.726378 -0.31496063,0.93011811 7.726378 -0.31496063,
  0.93011811 5.2913386 -0.31496063,1.0285433 5.2913386 -0.31496063,
  1.0285433 7.6279528 -0.31496063,6.5501969 7.6279528 -0.31496063,
  8.6031185 6.282287 -0.31496063,8.6023622 6.2746063 -0.31496063,
  8.6023622 5.871063 -0.31496063,8.6031185 5.8633823 -0.31496063,
  8.6031185 5.858461 -0.31496063,8.6089972 5.8442689 -0.31496063,
  8.6198594 5.8334067 -0.31496063,8.6340516 5.827528 -0.31496063,
  8.6417323 5.8267717 -0.31496063,12.224409 5.8267717 -0.31496063,
  12.23209 5.827528 -0.31496063,12.246282 5.8334067 -0.31496063,
  12.257144 5.8442689 -0.31496063,12.263023 5.858461 -0.31496063,
  12.263023 5.8738224 -0.31496063,12.257144 5.8880146 -0.31496063,
  12.246282 5.8988768 -0.31496063,12.23209 5.9047555 -0.31496063,
  12.224409 5.9055118 -0.31496063,8.6811024 5.9055118 -0.31496063,
  8.6811024 6.2746063 -0.31496063,8.6803461 6.282287 -0.31496063,
  8.6744673 6.2964791 -0.31496063,8.6636051 6.3073413 -0.31496063,
  8.649413 6.3132201 -0.31496063,8.6340516 6.3132201 -0.31496063,
  8.6198594 6.3073413 -0.31496063,8.6089972 6.2964791 -0.31496063,
  12.263023 7.0942949 -0.31496063,12.257144 7.108487 -0.31496063,
  12.246282 7.1193492 -0.31496063,12.23209 7.125228 -0.31496063,
  12.224409 7.1259843 -0.31496063,8.6417323 7.1259843 -0.31496063,
  8.6340516 7.125228 -0.31496063,8.6198594 7.1193492 -0.31496063,
  8.6089972 7.108487 -0.31496063,8.6031185 7.0942949 -0.31496063,
  8.6031185 7.0789335 -0.31496063,8.6089972 7.0647413 -0.31496063,
  8.6198594 7.0538791 -0.31496063,8.6340516 7.0480004 -0.31496063,
  8.6417323 7.0472441 -0.31496063,12.224409 7.0472441 -0.31496063,
  12.23209 7.0480004 -0.31496063,12.246282 7.0538791 -0.31496063,
  12.257144 7.0647413 -0.31496063,12.263023 7.0789335 -0.31496063,
  13.051181 7.5826016 -0.31496063,13.012635 7.5966307 -0.31496063,
  12.971617 7.5966307 -0.31496063,12.933071 7.5826016 -0.31496063,
  12.901648 7.5562346 -0.31496063,12.881139 7.520711 -0.31496063,
  12.874016 7.480315 -0.31496063,12.881139 7.4399189 -0.31496063,
  12.901648 7.4043953 -0.31496063,12.933071 7.3780283 -0.31496063,
  12.971617 7.3639992 -0.31496063,13.012635 7.3639992 -0.31496063,
  13.051181 7.3780283 -0.31496063,13.082604 7.4043953 -0.31496063,
  13.103113 7.4399189 -0.31496063,13.110236 7.480315 -0.31496063,
  13.103113 7.520711 -0.31496063,13.082604 7.5562346 -0.31496063,
  13.051181 7.480315 -0.31496063,13.051181 7.480315 -0.31496063,
  13.04762 7.4601169 -0.31496063,13.037365 7.4423551 -0.31496063,
  13.021654 7.4291717 -0.31496063,13.002381 7.422157 -0.31496063,
  12.981871 7.422157 -0.31496063,12.962598 7.4291717 -0.31496063,
  12.946887 7.4423551 -0.31496063,12.936632 7.4601169 -0.31496063,
  12.933071 7.480315 -0.31496063,12.936632 7.500513 -0.31496063,
  12.946887 7.5182749 -0.31496063,12.962598 7.5314582 -0.31496063,
  12.981871 7.5384729 -0.31496063,13.002381 7.5384729 -0.31496063,
  13.021654 7.5314582 -0.31496063,13.037365 7.5182749 -0.31496063,
  13.04762 7.500513 -0.31496063,3.9586614 11.494094 -0.31496063,
  3.9586614 9.761811 -0.31496063,4.4311024 9.761811 -0.31496063,
  4.4311024 9.8405512 -0.31496063,4.0374016 9.8405512 -0.31496063,
  4.0374016 11.494094 -0.31496063,8.1318898 9.8405512 -0.31496063,
  5.4547244 9.8405512 -0.31496063,5.4547244 9.761811 -0.31496063,
  8.1318898 9.761811 -0.31496063,9.3917323 9.761811 -0.31496063,
  9.3917323 13.698819 -0.31496063,7.8169291 13.698819 -0.31496063,
  7.8169291 13.620079 -0.31496063,9.3129921 13.620079 -0.31496063,
  9.3129921 9.8405512 -0.31496063,8.6830709 9.8405512 -0.31496063,
  8.6830709 9.761811 -0.31496063,9.3129921 9.761811 -0.31496063,
  7.265748 13.698819 -0.31496063,4.5885827 13.698819 -0.31496063,
  4.5885827 13.620079 -0.31496063,7.265748 13.620079 -0.31496063,
  4.3012547 13.656628 -0.31496063,4.2807449 13.621105 -0.31496063,
  4.273622 13.580709 -0.31496063,4.2807449 13.540313 -0.31496063,
  4.3012547 13.504789 -0.31496063,4.3326772 13.478422 -0.31496063,
  4.3712228 13.464393 -0.31496063,4.4122417 13.464393 -0.31496063,
  4.4507874 13.478422 -0.31496063,4.4822098 13.504789 -0.31496063,
  4.5027197 13.540313 -0.31496063,4.5098425 13.580709 -0.31496063,
  4.5027197 13.621105 -0.31496063,4.4822098 13.656628 -0.31496063,
  4.4507874 13.682995 -0.31496063,4.4122417 13.697024 -0.31496063,
  4.3712228 13.697024 -0.31496063,4.3326772 13.682995 -0.31496063,
  4.3307087 13.580709 -0.31496063,4.3353538 13.604061 -0.31496063,
  4.3485821 13.623859 -0.31496063,4.3683796 13.637087 -0.31496063,
  4.3917323 13.641732 -0.31496063,4.415085 13.637087 -0.31496063,
  4.4348825 13.623859 -0.31496063,4.4481108 13.604061 -0.31496063,
  4.4527559 13.580709 -0.31496063,4.4481108 13.557356 -0.31496063,
  4.4348825 13.537558 -0.31496063,4.415085 13.52433 -0.31496063,
  4.3917323 13.519685 -0.31496063,4.3683796 13.52433 -0.31496063,
  4.3485821 13.537558 -0.31496063,4.3353538 13.557356 -0.31496063,
  7.3757374 13.608394 -0.31496063,7.3524622 13.557428 -0.31496063,
  7.3444882 13.501969 -0.31496063,7.3524622 13.446509 -0.31496063,
  7.3757374 13.395543 -0.31496063,7.4124291 13.353199 -0.31496063,
  7.4595638 13.322907 -0.31496063,7.513324 13.307122 -0.31496063,
  7.5693531 13.307122 -0.31496063,7.6231134 13.322907 -0.31496063,
  7.670248 13.353199 -0.31496063,7.7069398 13.395543 -0.31496063,
  7.730215 13.446509 -0.31496063,7.738189 13.501969 -0.31496063,
  7.730215 13.557428 -0.31496063,7.7069398 13.608394 -0.31496063,
  7.670248 13.650738 -0.31496063,7.6231134 13.68103 -0.31496063,
  7.5693531 13.696815 -0.31496063,7.513324 13.696815 -0.31496063,
  7.4595638 13.68103 -0.31496063,7.4124291 13.650738 -0.31496063,
  7.4015748 13.501969 -0.31496063,7.4122137 13.555454 -0.31496063,
  7.4425107 13.600796 -0.31496063,7.4878533 13.631093 -0.31496063,
  7.5413386 13.641732 -0.31496063,7.5948239 13.631093 -0.31496063,
  7.6401665 13.600796 -0.31496063,7.6704635 13.555454 -0.31496063,
  7.6811024 13.501969 -0.31496063,7.6704635 13.448483 -0.31496063,
  7.6401665 13.403141 -0.31496063,7.5948239 13.372844 -0.31496063,
  7.5413386 13.362205 -0.31496063,7.4878533 13.372844 -0.31496063,
  7.4425107 13.403141 -0.31496063,7.4122137 13.448483 -0.31496063,
  4.5410917 10.065087 -0.31496063,4.5178165 10.01412 -0.31496063,
  4.5098425 9.9586614 -0.31496063,4.5178165 9.9032024 -0.31496063,
  4.5410917 9.8522362 -0.31496063,4.5777835 9.8098917 -0.31496063,
  4.6249181 9.7796 -0.31496063,4.6786783 9.7638146 -0.31496063,
  4.7347075 9.7638146 -0.31496063,4.7884677 9.7796 -0.31496063,
  4.8356024 9.8098917 -0.31496063,4.8722941 9.8522362 -0.31496063,
  4.8955693 9.9032024 -0.31496063,4.9035433 9.9586614 -0.31496063,
  4.8955693 10.01412 -0.31496063,4.8722941 10.065087 -0.31496063,
  4.8356024 10.107431 -0.31496063,4.7884677 10.137723 -0.31496063,
  4.7347075 10.153508 -0.31496063,4.6786783 10.153508 -0.31496063,
  4.6249181 10.137723 -0.31496063,4.5777835 10.107431 -0.31496063,
  4.5669291 9.9586614 -0.31496063,4.577568 10.012147 -0.31496063,
  4.607865 10.057489 -0.31496063,4.6532076 10.087786 -0.31496063,
  4.7066929 10.098425 -0.31496063,4.7601782 10.087786 -0.31496063,
  4.8055208 10.057489 -0.31496063,4.8358178 10.012147 -0.31496063,
  4.8464567 9.9586614 -0.31496063,4.8358178 9.9051761 -0.31496063,
  4.8055208 9.8598335 -0.31496063,4.7601782 9.8295365 -0.31496063,
  4.7066929 9.8188976 -0.31496063,4.6532076 9.8295365 -0.31496063,
  4.607865 9.8598335 -0.31496063,4.577568 9.9051761 -0.31496063,
  5.0135327 10.065087 -0.31496063,4.9902575 10.01412 -0.31496063,
  4.9822835 9.9586614 -0.31496063,4.9902575 9.9032024 -0.31496063,
  5.0135327 9.8522362 -0.31496063,5.0502244 9.8098917 -0.31496063,
  5.0973591 9.7796 -0.31496063,5.1511193 9.7638146 -0.31496063,
  5.2071484 9.7638146 -0.31496063,5.2609087 9.7796 -0.31496063,
  5.3080433 9.8098917 -0.31496063,5.344735 9.8522362 -0.31496063,
  5.3680102 9.9032024 -0.31496063,5.3759843 9.9586614 -0.31496063,
  5.3680102 10.01412 -0.31496063,5.344735 10.065087 -0.31496063,
  5.3080433 10.107431 -0.31496063,5.2609087 10.137723 -0.31496063,
  5.2071484 10.153508 -0.31496063,5.1511193 10.153508 -0.31496063,
  5.0973591 10.137723 -0.31496063,5.0502244 10.107431 -0.31496063,
  5.0393701 9.9586614 -0.31496063,5.050009 10.012147 -0.31496063,
  5.0803059 10.057489 -0.31496063,5.1256486 10.087786 -0.31496063,
  5.1791339 10.098425 -0.31496063,5.2326191 10.087786 -0.31496063,
  5.2779618 10.057489 -0.31496063,5.3082588 10.012147 -0.31496063,
  5.3188976 9.9586614 -0.31496063,5.3082588 9.9051761 -0.31496063,
  5.2779618 9.8598335 -0.31496063,5.2326191 9.8295365 -0.31496063,
  5.1791339 9.8188976 -0.31496063,5.1256486 9.8295365 -0.31496063,
  5.0803059 9.8598335 -0.31496063,5.050009 9.9051761 -0.31496063,
  8.2418791 10.065087 -0.31496063,8.2186039 10.01412 -0.31496063,
  8.2106299 9.9586614 -0.31496063,8.2186039 9.9032024 -0.31496063,
  8.2418791 9.8522362 -0.31496063,8.2785709 9.8098917 -0.31496063,
  8.3257055 9.7796 -0.31496063,8.3794657 9.7638146 -0.31496063,
  8.4354949 9.7638146 -0.31496063,8.4892551 9.7796 -0.31496063,
  8.5363898 9.8098917 -0.31496063,8.5730815 9.8522362 -0.31496063,
  8.5963567 9.9032024 -0.31496063,8.6043307 9.9586614 -0.31496063,
  8.5963567 10.01412 -0.31496063,8.5730815 10.065087 -0.31496063,
  8.5363898 10.107431 -0.31496063,8.4892551 10.137723 -0.31496063,
  8.4354949 10.153508 -0.31496063,8.3794657 10.153508 -0.31496063,
  8.3257055 10.137723 -0.31496063,8.2785709 10.107431 -0.31496063,
  8.2677165 9.9586614 -0.31496063,8.2783554 10.012147 -0.31496063,
  8.3086524 10.057489 -0.31496063,8.353995 10.087786 -0.31496063,
  8.4074803 10.098425 -0.31496063,8.4609656 10.087786 -0.31496063,
  8.5063082 10.057489 -0.31496063,8.5366052 10.012147 -0.31496063,
  8.5472441 9.9586614 -0.31496063,8.5366052 9.9051761 -0.31496063,
  8.5063082 9.8598335 -0.31496063,8.4609656 9.8295365 -0.31496063,
  8.4074803 9.8188976 -0.31496063,8.353995 9.8295365 -0.31496063,
  8.3086524 9.8598335 -0.31496063,8.2783554 9.9051761 -0.31496063,
  3.9862941 13.656628 -0.31496063,3.9657843 13.621105 -0.31496063,
  3.9586614 13.580709 -0.31496063,3.9657843 13.540313 -0.31496063,
  3.9862941 13.504789 -0.31496063,4.0177165 13.478422 -0.31496063,
  4.0562622 13.464393 -0.31496063,4.0972811 13.464393 -0.31496063,
  4.1358268 13.478422 -0.31496063,4.1672492 13.504789 -0.31496063,
  4.1877591 13.540313 -0.31496063,4.1948819 13.580709 -0.31496063,
  4.1877591 13.621105 -0.31496063,4.1672492 13.656628 -0.31496063,
  4.1358268 13.682995 -0.31496063,4.0972811 13.697024 -0.31496063,
  4.0562622 13.697024 -0.31496063,4.0177165 13.682995 -0.31496063,
  4.015748 13.580709 -0.31496063,4.0203932 13.604061 -0.31496063,
  4.0336214 13.623859 -0.31496063,4.0534189 13.637087 -0.31496063,
  4.0767717 13.641732 -0.31496063,4.1001244 13.637087 -0.31496063,
  4.1199219 13.623859 -0.31496063,4.1331501 13.604061 -0.31496063,
  4.1377953 13.580709 -0.31496063,4.1331501 13.557356 -0.31496063,
  4.1199219 13.537558 -0.31496063,4.1001244 13.52433 -0.31496063,
  4.0767717 13.519685 -0.31496063,4.0534189 13.52433 -0.31496063,
  4.0336214 13.537558 -0.31496063,4.0203932 13.557356 -0.31496063,
  3.9862941 13.341668 -0.31496063,3.9657843 13.306144 -0.31496063,
  3.9586614 13.265748 -0.31496063,3.9657843 13.225352 -0.31496063,
  3.9862941 13.189828 -0.31496063,4.0177165 13.163461 -0.31496063,
  4.0562622 13.149432 -0.31496063,4.0972811 13.149432 -0.31496063,
  4.1358268 13.163461 -0.31496063,4.1672492 13.189828 -0.31496063,
  4.1877591 13.225352 -0.31496063,4.1948819 13.265748 -0.31496063,
  4.1877591 13.306144 -0.31496063,4.1672492 13.341668 -0.31496063,
  4.1358268 13.368035 -0.31496063,4.0972811 13.382064 -0.31496063,
  4.0562622 13.382064 -0.31496063,4.0177165 13.368035 -0.31496063,
  4.015748 13.265748 -0.31496063,4.0203932 13.289101 -0.31496063,
  4.0336214 13.308898 -0.31496063,4.0534189 13.322127 -0.31496063,
  4.0767717 13.326772 -0.31496063,4.1001244 13.322127 -0.31496063,
  4.1199219 13.308898 -0.31496063,4.1331501 13.289101 -0.31496063,
  4.1377953 13.265748 -0.31496063,4.1331501 13.242395 -0.31496063,
  4.1199219 13.222598 -0.31496063,4.1001244 13.20937 -0.31496063,
  4.0767717 13.204724 -0.31496063,4.0534189 13.20937 -0.31496063,
  4.0336214 13.222598 -0.31496063,4.0203932 13.242395 -0.31496063,
  3.9862941 13.026707 -0.31496063,3.9657843 12.991183 -0.31496063,
  3.9586614 12.950787 -0.31496063,3.9657843 12.910391 -0.31496063,
  3.9862941 12.874868 -0.31496063,4.0177165 12.848501 -0.31496063,
  4.0562622 12.834472 -0.31496063,4.0972811 12.834472 -0.31496063,
  4.1358268 12.848501 -0.31496063,4.1672492 12.874868 -0.31496063,
  4.1877591 12.910391 -0.31496063,4.1948819 12.950787 -0.31496063,
  4.1877591 12.991183 -0.31496063,4.1672492 13.026707 -0.31496063,
  4.1358268 13.053074 -0.31496063,4.0972811 13.067103 -0.31496063,
  4.0562622 13.067103 -0.31496063,4.0177165 13.053074 -0.31496063,
  4.015748 12.950787 -0.31496063,4.0203932 12.97414 -0.31496063,
  4.0336214 12.993938 -0.31496063,4.0534189 13.007166 -0.31496063,
  4.0767717 13.011811 -0.31496063,4.1001244 13.007166 -0.31496063,
  4.1199219 12.993938 -0.31496063,4.1331501 12.97414 -0.31496063,
  4.1377953 12.950787 -0.31496063,4.1331501 12.927435 -0.31496063,
  4.1199219 12.907637 -0.31496063,4.1001244 12.894409 -0.31496063,
  4.0767717 12.889764 -0.31496063,4.0534189 12.894409 -0.31496063,
  4.0336214 12.907637 -0.31496063,4.0203932 12.927435 -0.31496063,
  3.9862941 12.711746 -0.31496063,3.9657843 12.676223 -0.31496063,
  3.9586614 12.635827 -0.31496063,3.9657843 12.595431 -0.31496063,
  3.9862941 12.559907 -0.31496063,4.0177165 12.53354 -0.31496063,
  4.0562622 12.519511 -0.31496063,4.0972811 12.519511 -0.31496063,
  4.1358268 12.53354 -0.31496063,4.1672492 12.559907 -0.31496063,
  4.1877591 12.595431 -0.31496063,4.1948819 12.635827 -0.31496063,
  4.1877591 12.676223 -0.31496063,4.1672492 12.711746 -0.31496063,
  4.1358268 12.738113 -0.31496063,4.0972811 12.752143 -0.31496063,
  4.0562622 12.752143 -0.31496063,4.0177165 12.738113 -0.31496063,
  4.015748 12.635827 -0.31496063,4.0203932 12.65918 -0.31496063,
  4.0336214 12.678977 -0.31496063,4.0534189 12.692205 -0.31496063,
  4.0767717 12.69685 -0.31496063,4.1001244 12.692205 -0.31496063,
  4.1199219 12.678977 -0.31496063,4.1331501 12.65918 -0.31496063,
  4.1377953 12.635827 -0.31496063,4.1331501 12.612474 -0.31496063,
  4.1199219 12.592677 -0.31496063,4.1001244 12.579448 -0.31496063,
  4.0767717 12.574803 -0.31496063,4.0534189 12.579448 -0.31496063,
  4.0336214 12.592677 -0.31496063,4.0203932 12.612474 -0.31496063,
  3.9862941 12.396786 -0.31496063,3.9657843 12.361262 -0.31496063,
  3.9586614 12.320866 -0.31496063,3.9657843 12.28047 -0.31496063,
  3.9862941 12.244946 -0.31496063,4.0177165 12.21858 -0.31496063,
  4.0562622 12.20455 -0.31496063,4.0972811 12.20455 -0.31496063,
  4.1358268 12.21858 -0.31496063,4.1672492 12.244946 -0.31496063,
  4.1877591 12.28047 -0.31496063,4.1948819 12.320866 -0.31496063,
  4.1877591 12.361262 -0.31496063,4.1672492 12.396786 -0.31496063,
  4.1358268 12.423153 -0.31496063,4.0972811 12.437182 -0.31496063,
  4.0562622 12.437182 -0.31496063,4.0177165 12.423153 -0.31496063,
  4.015748 12.320866 -0.31496063,4.0203932 12.344219 -0.31496063,
  4.0336214 12.364016 -0.31496063,4.0534189 12.377245 -0.31496063,
  4.0767717 12.38189 -0.31496063,4.1001244 12.377245 -0.31496063,
  4.1199219 12.364016 -0.31496063,4.1331501 12.344219 -0.31496063,
  4.1377953 12.320866 -0.31496063,4.1331501 12.297513 -0.31496063,
  4.1199219 12.277716 -0.31496063,4.1001244 12.264488 -0.31496063,
  4.0767717 12.259843 -0.31496063,4.0534189 12.264488 -0.31496063,
  4.0336214 12.277716 -0.31496063,4.0203932 12.297513 -0.31496063,
  3.9862941 12.081825 -0.31496063,3.9657843 12.046302 -0.31496063,
  3.9586614 12.005906 -0.31496063,3.9657843 11.965509 -0.31496063,
  3.9862941 11.929986 -0.31496063,4.0177165 11.903619 -0.31496063,
  4.0562622 11.88959 -0.31496063,4.0972811 11.88959 -0.31496063,
  4.1358268 11.903619 -0.31496063,4.1672492 11.929986 -0.31496063,
  4.1877591 11.965509 -0.31496063,4.1948819 12.005906 -0.31496063,
  4.1877591 12.046302 -0.31496063,4.1672492 12.081825 -0.31496063,
  4.1358268 12.108192 -0.31496063,4.0972811 12.122221 -0.31496063,
  4.0562622 12.122221 -0.31496063,4.0177165 12.108192 -0.31496063,
  4.015748 12.005906 -0.31496063,4.0203932 12.029258 -0.31496063,
  4.0336214 12.049056 -0.31496063,4.0534189 12.062284 -0.31496063,
  4.0767717 12.066929 -0.31496063,4.1001244 12.062284 -0.31496063,
  4.1199219 12.049056 -0.31496063,4.1331501 12.029258 -0.31496063,
  4.1377953 12.005906 -0.31496063,4.1331501 11.982553 -0.31496063,
  4.1199219 11.962755 -0.31496063,4.1001244 11.949527 -0.31496063,
  4.0767717 11.944882 -0.31496063,4.0534189 11.949527 -0.31496063,
  4.0336214 11.962755 -0.31496063,4.0203932 11.982553 -0.31496063,
  3.9862941 11.766865 -0.31496063,3.9657843 11.731341 -0.31496063,
  3.9586614 11.690945 -0.31496063,3.9657843 11.650549 -0.31496063,
  3.9862941 11.615025 -0.31496063,4.0177165 11.588658 -0.31496063,
  4.0562622 11.574629 -0.31496063,4.0972811 11.574629 -0.31496063,
  4.1358268 11.588658 -0.31496063,4.1672492 11.615025 -0.31496063,
  4.1877591 11.650549 -0.31496063,4.1948819 11.690945 -0.31496063,
  4.1877591 11.731341 -0.31496063,4.1672492 11.766865 -0.31496063,
  4.1358268 11.793231 -0.31496063,4.0972811 11.807261 -0.31496063,
  4.0562622 11.807261 -0.31496063,4.0177165 11.793231 -0.31496063,
  4.015748 11.690945 -0.31496063,4.0203932 11.714298 -0.31496063,
  4.0336214 11.734095 -0.31496063,4.0534189 11.747323 -0.31496063,
  4.0767717 11.751969 -0.31496063,4.1001244 11.747323 -0.31496063,
  4.1199219 11.734095 -0.31496063,4.1331501 11.714298 -0.31496063,
  4.1377953 11.690945 -0.31496063,4.1331501 11.667592 -0.31496063,
  4.1199219 11.647795 -0.31496063,4.1001244 11.634566 -0.31496063,
  4.0767717 11.629921 -0.31496063,4.0534189 11.634566 -0.31496063,
  4.0336214 11.647795 -0.31496063,4.0203932 11.667592 -0.31496063,
  12.055192 6.9263134 -0.31496063,12.034682 6.8907898 -0.31496063,
  12.027559 6.8503937 -0.31496063,12.034682 6.8099976 -0.31496063,
  12.055192 6.774474 -0.31496063,12.086614 6.7481071 -0.31496063,
  12.12516 6.734078 -0.31496063,12.166179 6.734078 -0.31496063,
  12.204724 6.7481071 -0.31496063,12.236147 6.774474 -0.31496063,
  12.256657 6.8099976 -0.31496063,12.26378 6.8503937 -0.31496063,
  12.256657 6.8907898 -0.31496063,12.236147 6.9263134 -0.31496063,
  12.204724 6.9526803 -0.31496063,12.166179 6.9667094 -0.31496063,
  12.12516 6.9667094 -0.31496063,12.086614 6.9526803 -0.31496063,
  12.084646 6.8503937 -0.31496063,12.089291 6.8737464 -0.31496063,
  12.102519 6.8935439 -0.31496063,12.122317 6.9067722 -0.31496063,
  12.145669 6.9114173 -0.31496063,12.169022 6.9067722 -0.31496063,
  12.18882 6.8935439 -0.31496063,12.202048 6.8737464 -0.31496063,
  12.206693 6.8503937 -0.31496063,12.202048 6.827041 -0.31496063,
  12.18882 6.8072435 -0.31496063,12.169022 6.7940152 -0.31496063,
  12.145669 6.7893701 -0.31496063,12.122317 6.7940152 -0.31496063,
  12.102519 6.8072435 -0.31496063,12.089291 6.827041 -0.31496063,
  12.055192 6.5522976 -0.31496063,12.034682 6.516774 -0.31496063,
  12.027559 6.476378 -0.31496063,12.034682 6.4359819 -0.31496063,
  12.055192 6.4004583 -0.31496063,12.086614 6.3740913 -0.31496063,
  12.12516 6.3600622 -0.31496063,12.166179 6.3600622 -0.31496063,
  12.204724 6.3740913 -0.31496063,12.236147 6.4004583 -0.31496063,
  12.256657 6.4359819 -0.31496063,12.26378 6.476378 -0.31496063,
  12.256657 6.516774 -0.31496063,12.236147 6.5522976 -0.31496063,
  12.204724 6.5786646 -0.31496063,12.166179 6.5926937 -0.31496063,
  12.12516 6.5926937 -0.31496063,12.086614 6.5786646 -0.31496063,
  12.084646 6.476378 -0.31496063,12.089291 6.4997307 -0.31496063,
  12.102519 6.5195282 -0.31496063,12.122317 6.5327564 -0.31496063,
  12.145669 6.5374016 -0.31496063,12.169022 6.5327564 -0.31496063,
  12.18882 6.5195282 -0.31496063,12.202048 6.4997307 -0.31496063,
  12.206693 6.476378 -0.31496063,12.202048 6.4530252 -0.31496063,
  12.18882 6.4332277 -0.31496063,12.169022 6.4199995 -0.31496063,
  12.145669 6.4153543 -0.31496063,12.122317 6.4199995 -0.31496063,
  12.102519 6.4332277 -0.31496063,12.089291 6.4530252 -0.31496063,
  12.055192 6.1782827 -0.31496063,12.034682 6.1427591 -0.31496063,
  12.027559 6.102363 -0.31496063,12.034682 6.0619669 -0.31496063,
  12.055192 6.0264433 -0.31496063,12.086614 6.0000764 -0.31496063,
  12.12516 5.9860472 -0.31496063,12.166179 5.9860472 -0.31496063,
  12.204724 6.0000764 -0.31496063,12.236147 6.0264433 -0.31496063,
  12.256657 6.0619669 -0.31496063,12.26378 6.102363 -0.31496063,
  12.256657 6.1427591 -0.31496063,12.236147 6.1782827 -0.31496063,
  12.204724 6.2046496 -0.31496063,12.166179 6.2186787 -0.31496063,
  12.12516 6.2186787 -0.31496063,12.086614 6.2046496 -0.31496063,
  12.084646 6.102363 -0.31496063,12.089291 6.1257157 -0.31496063,
  12.102519 6.1455132 -0.31496063,12.122317 6.1587415 -0.31496063,
  12.145669 6.1633866 -0.31496063,12.169022 6.1587415 -0.31496063,
  12.18882 6.1455132 -0.31496063,12.202048 6.1257157 -0.31496063,
  12.206693 6.102363 -0.31496063,12.202048 6.0790103 -0.31496063,
  12.18882 6.0592128 -0.31496063,12.169022 6.0459845 -0.31496063,
  12.145669 6.0413394 -0.31496063,12.122317 6.0459845 -0.31496063,
  12.102519 6.0592128 -0.31496063,12.089291 6.0790103 -0.31496063,
  8.6299949 6.5719827 -0.31496063,8.609485 6.5364591 -0.31496063,
  8.6023622 6.496063 -0.31496063,8.609485 6.4556669 -0.31496063,
  8.6299949 6.4201433 -0.31496063,8.6614173 6.3937764 -0.31496063,
  8.699963 6.3797472 -0.31496063,8.7409819 6.3797472 -0.31496063,
  8.7795276 6.3937764 -0.31496063,8.81095 6.4201433 -0.31496063,
  8.8314598 6.4556669 -0.31496063,8.8385827 6.496063 -0.31496063,
  8.8314598 6.5364591 -0.31496063,8.81095 6.5719827 -0.31496063,
  8.7795276 6.5983496 -0.31496063,8.7409819 6.6123787 -0.31496063,
  8.699963 6.6123787 -0.31496063,8.6614173 6.5983496 -0.31496063,
  8.6594488 6.496063 -0.31496063,8.664094 6.5194157 -0.31496063,
  8.6773222 6.5392132 -0.31496063,8.6971197 6.5524415 -0.31496063,
  8.7204724 6.5570866 -0.31496063,8.7438252 6.5524415 -0.31496063,
  8.7636227 6.5392132 -0.31496063,8.7768509 6.5194157 -0.31496063,
  8.7814961 6.496063 -0.31496063,8.7768509 6.4727103 -0.31496063,
  8.7636227 6.4529128 -0.31496063,8.7438252 6.4396845 -0.31496063,
  8.7204724 6.4350394 -0.31496063,8.6971197 6.4396845 -0.31496063,
  8.6773222 6.4529128 -0.31496063,8.664094 6.4727103 -0.31496063,
  8.6299949 6.9263134 -0.31496063,8.609485 6.8907898 -0.31496063,
  8.6023622 6.8503937 -0.31496063,8.609485 6.8099976 -0.31496063,
  8.6299949 6.774474 -0.31496063,8.6614173 6.7481071 -0.31496063,
  8.699963 6.734078 -0.31496063,8.7409819 6.734078 -0.31496063,
  8.7795276 6.7481071 -0.31496063,8.81095 6.774474 -0.31496063,
  8.8314598 6.8099976 -0.31496063,8.8385827 6.8503937 -0.31496063,
  8.8314598 6.8907898 -0.31496063,8.81095 6.9263134 -0.31496063,
  8.7795276 6.9526803 -0.31496063,8.7409819 6.9667094 -0.31496063,
  8.699963 6.9667094 -0.31496063,8.6614173 6.9526803 -0.31496063,
  8.6594488 6.8503937 -0.31496063,8.664094 6.8737464 -0.31496063,
  8.6773222 6.8935439 -0.31496063,8.6971197 6.9067722 -0.31496063,
  8.7204724 6.9114173 -0.31496063,8.7438252 6.9067722 -0.31496063,
  8.7636227 6.8935439 -0.31496063,8.7768509 6.8737464 -0.31496063,
  8.7814961 6.8503937 -0.31496063,8.7768509 6.827041 -0.31496063,
  8.7636227 6.8072435 -0.31496063,8.7438252 6.7940152 -0.31496063,
  8.7204724 6.7893701 -0.31496063,8.6971197 6.7940152 -0.31496063,
  8.6773222 6.8072435 -0.31496063,8.664094 6.827041 -0.31496063,
  6.6565697 6.6900929 -0.31496063,6.6360598 6.6545693 -0.31496063,
  6.628937 6.6141732 -0.31496063,6.6360598 6.5737772 -0.31496063,
  6.6565697 6.5382535 -0.31496063,6.6879921 6.5118866 -0.31496063,
  6.7265378 6.4978575 -0.31496063,6.7675567 6.4978575 -0.31496063,
  6.8061024 6.5118866 -0.31496063,6.8375248 6.5382535 -0.31496063,
  6.8580346 6.5737772 -0.31496063,6.8651575 6.6141732 -0.31496063,
  6.8580346 6.6545693 -0.31496063,6.8375248 6.6900929 -0.31496063,
  6.8061024 6.7164598 -0.31496063,6.7675567 6.730489 -0.31496063,
  6.7265378 6.730489 -0.31496063,6.6879921 6.7164598 -0.31496063,
  6.6860236 6.6141732 -0.31496063,6.6906688 6.637526 -0.31496063,
  6.703897 6.6573234 -0.31496063,6.7236945 6.6705517 -0.31496063,
  6.7470472 6.6751969 -0.31496063,6.7704 6.6705517 -0.31496063,
  6.7901975 6.6573234 -0.31496063,6.8034257 6.637526 -0.31496063,
  6.8080709 6.6141732 -0.31496063,6.8034257 6.5908205 -0.31496063,
  6.7901975 6.571023 -0.31496063,6.7704 6.5577948 -0.31496063,
  6.7470472 6.5531496 -0.31496063,6.7236945 6.5577948 -0.31496063,
  6.703897 6.571023 -0.31496063,6.6906688 6.5908205 -0.31496063,
  6.6565697 6.217652 -0.31496063,6.6360598 6.1821283 -0.31496063,
  6.628937 6.1417323 -0.31496063,6.6360598 6.1013362 -0.31496063,
  6.6565697 6.0658126 -0.31496063,6.6879921 6.0394457 -0.31496063,
  6.7265378 6.0254165 -0.31496063,6.7675567 6.0254165 -0.31496063,
  6.8061024 6.0394457 -0.31496063,6.8375248 6.0658126 -0.31496063,
  6.8580346 6.1013362 -0.31496063,6.8651575 6.1417323 -0.31496063,
  6.8580346 6.1821283 -0.31496063,6.8375248 6.217652 -0.31496063,
  6.8061024 6.2440189 -0.31496063,6.7675567 6.258048 -0.31496063,
  6.7265378 6.258048 -0.31496063,6.6879921 6.2440189 -0.31496063,
  6.6860236 6.1417323 -0.31496063,6.6906688 6.165085 -0.31496063,
  6.703897 6.1848825 -0.31496063,6.7236945 6.1981108 -0.31496063,
  6.7470472 6.2027559 -0.31496063,6.7704 6.1981108 -0.31496063,
  6.7901975 6.1848825 -0.31496063,6.8034257 6.165085 -0.31496063,
  6.8080709 6.1417323 -0.31496063,6.8034257 6.1183796 -0.31496063,
  6.7901975 6.0985821 -0.31496063,6.7704 6.0853538 -0.31496063,
  6.7470472 6.0807087 -0.31496063,6.7236945 6.0853538 -0.31496063,
  6.703897 6.0985821 -0.31496063,6.6906688 6.1183796 -0.31496063,
  6.6565697 7.1625339 -0.31496063,6.6360598 7.1270102 -0.31496063,
  6.628937 7.0866142 -0.31496063,6.6360598 7.0462181 -0.31496063,
  6.6565697 7.0106945 -0.31496063,6.6879921 6.9843276 -0.31496063,
  6.7265378 6.9702984 -0.31496063,6.7675567 6.9702984 -0.31496063,
  6.8061024 6.9843276 -0.31496063,6.8375248 7.0106945 -0.31496063,
  6.8580346 7.0462181 -0.31496063,6.8651575 7.0866142 -0.31496063,
  6.8580346 7.1270102 -0.31496063,6.8375248 7.1625339 -0.31496063,
  6.8061024 7.1889008 -0.31496063,6.7675567 7.2029299 -0.31496063,
  6.7265378 7.2029299 -0.31496063,6.6879921 7.1889008 -0.31496063,
  6.6860236 7.0866142 -0.31496063,6.6906688 7.1099669 -0.31496063,
  6.703897 7.1297644 -0.31496063,6.7236945 7.1429926 -0.31496063,
  6.7470472 7.1476378 -0.31496063,6.7704 7.1429926 -0.31496063,
  6.7901975 7.1297644 -0.31496063,6.8034257 7.1099669 -0.31496063,
  6.8080709 7.0866142 -0.31496063,6.8034257 7.0632614 -0.31496063,
  6.7901975 7.043464 -0.31496063,6.7704 7.0302357 -0.31496063,
  6.7470472 7.0255906 -0.31496063,6.7236945 7.0302357 -0.31496063,
  6.703897 7.043464 -0.31496063,6.6906688 7.0632614 -0.31496063,
  6.6565697 7.6349748 -0.31496063,6.6360598 7.5994512 -0.31496063,
  6.628937 7.5590551 -0.31496063,6.6360598 7.5186591 -0.31496063,
  6.6565697 7.4831354 -0.31496063,6.6879921 7.4567685 -0.31496063,
  6.7265378 7.4427394 -0.31496063,6.7675567 7.4427394 -0.31496063,
  6.8061024 7.4567685 -0.31496063,6.8375248 7.4831354 -0.31496063,
  6.8580346 7.5186591 -0.31496063,6.8651575 7.5590551 -0.31496063,
  6.8580346 7.5994512 -0.31496063,6.8375248 7.6349748 -0.31496063,
  6.8061024 7.6613417 -0.31496063,6.7675567 7.6753709 -0.31496063,
  6.7265378 7.6753709 -0.31496063,6.6879921 7.6613417 -0.31496063,
  6.6860236 7.5590551 -0.31496063,6.6906688 7.5824078 -0.31496063,
  6.703897 7.6022053 -0.31496063,6.7236945 7.6154336 -0.31496063,
  6.7470472 7.6200787 -0.31496063,6.7704 7.6154336 -0.31496063,
  6.7901975 7.6022053 -0.31496063,6.8034257 7.5824078 -0.31496063,
  6.8080709 7.5590551 -0.31496063,6.8034257 7.5357024 -0.31496063,
  6.7901975 7.5159049 -0.31496063,6.7704 7.5026766 -0.31496063,
  6.7470472 7.4980315 -0.31496063,6.7236945 7.5026766 -0.31496063,
  6.703897 7.5159049 -0.31496063,6.6906688 7.5357024 -0.31496063,
  0.97743583 5.0916677 -0.31496063,0.95692598 5.0561441 -0.31496063,
  0.94980315 5.015748 -0.31496063,0.95692598 4.975352 -0.31496063,
  0.97743583 4.9398283 -0.31496063,1.0088583 4.9134614 -0.31496063,
  1.0474039 4.8994323 -0.31496063,1.0884228 4.8994323 -0.31496063,
  1.1269685 4.9134614 -0.31496063,1.1583909 4.9398283 -0.31496063,
  1.1789008 4.975352 -0.31496063,1.1860236 5.015748 -0.31496063,
  1.1789008 5.0561441 -0.31496063,1.1583909 5.0916677 -0.31496063,
  1.1269685 5.1180346 -0.31496063,1.0884228 5.1320638 -0.31496063,
  1.0474039 5.1320638 -0.31496063,1.0088583 5.1180346 -0.31496063,
  1.0068898 5.015748 -0.31496063,1.0115349 5.0391008 -0.31496063,
  1.0247632 5.0588982 -0.31496063,1.0445607 5.0721265 -0.31496063,
  1.0679134 5.0767717 -0.31496063,1.0912661 5.0721265 -0.31496063,
  1.1110636 5.0588982 -0.31496063,1.1242919 5.0391008 -0.31496063,
  1.128937 5.015748 -0.31496063,1.1242919 4.9923953 -0.31496063,
  1.1110636 4.9725978 -0.31496063,1.0912661 4.9593696 -0.31496063,
  1.0679134 4.9547244 -0.31496063,1.0445607 4.9593696 -0.31496063,
  1.0247632 4.9725978 -0.31496063,1.0115349 4.9923953 -0.31496063,
  0.97743583 4.6979669 -0.31496063,0.95692598 4.6624433 -0.31496063,
  0.94980315 4.6220472 -0.31496063,0.95692598 4.5816512 -0.31496063,
  0.97743583 4.5461276 -0.31496063,1.0088583 4.5197606 -0.31496063,
  1.0474039 4.5057315 -0.31496063,1.0884228 4.5057315 -0.31496063,
  1.1269685 4.5197606 -0.31496063,1.1583909 4.5461276 -0.31496063,
  1.1789008 4.5816512 -0.31496063,1.1860236 4.6220472 -0.31496063,
  1.1789008 4.6624433 -0.31496063,1.1583909 4.6979669 -0.31496063,
  1.1269685 4.7243339 -0.31496063,1.0884228 4.738363 -0.31496063,
  1.0474039 4.738363 -0.31496063,1.0088583 4.7243339 -0.31496063,
  1.0068898 4.6220472 -0.31496063,1.0115349 4.6454 -0.31496063,
  1.0247632 4.6651975 -0.31496063,1.0445607 4.6784257 -0.31496063,
  1.0679134 4.6830709 -0.31496063,1.0912661 4.6784257 -0.31496063,
  1.1110636 4.6651975 -0.31496063,1.1242919 4.6454 -0.31496063,
  1.128937 4.6220472 -0.31496063,1.1242919 4.5986945 -0.31496063,
  1.1110636 4.578897 -0.31496063,1.0912661 4.5656688 -0.31496063,
  1.0679134 4.5610236 -0.31496063,1.0445607 4.5656688 -0.31496063,
  1.0247632 4.578897 -0.31496063,1.0115349 4.5986945 -0.31496063] }
 coordIndex [
  1,0,33,-1,33,0,34,-1,34,0,35,-1,35,0,18,-1,18,0,13,-1,13,0,17,-1,30,29,2,-1,30,2,31,-1,
  31,2,1,-1,31,1,32,-1,32,1,33,-1,25,24,10,-1,25,10,26,-1,26,10,9,-1,26,9,27,-1,27,9,3,-1,
  27,3,28,-1,28,3,2,-1,28,2,29,-1,7,6,5,-1,7,5,8,-1,8,5,4,-1,8,4,9,-1,9,4,3,-1,
  15,14,16,-1,16,14,17,-1,17,14,13,-1,13,12,18,-1,18,12,19,-1,19,12,20,-1,20,12,21,-1,21,12,11,-1,
  10,24,23,-1,10,23,11,-1,11,23,22,-1,11,22,21,-1,44,43,36,-1,36,43,37,-1,37,43,38,-1,38,43,42,-1,
  40,39,41,-1,41,39,42,-1,42,39,38,-1,47,46,49,-1,49,46,50,-1,50,46,51,-1,51,46,45,-1,72,71,73,-1,
  73,71,74,-1,74,71,75,-1,75,71,76,-1,76,71,60,-1,60,71,61,-1,61,71,70,-1,62,70,69,-1,62,69,63,-1,
  63,69,68,-1,63,68,64,-1,64,68,67,-1,64,67,65,-1,65,67,66,-1,55,53,52,-1,55,52,57,-1,57,52,79,-1,
  57,79,58,-1,58,79,78,-1,58,78,59,-1,59,78,77,-1,59,77,60,-1,60,77,76,-1,91,89,88,-1,91,88,92,-1,
  92,88,87,-1,92,87,93,-1,93,87,86,-1,93,86,94,-1,94,86,85,-1,94,85,95,-1,95,85,84,-1,95,84,96,-1,
  96,84,83,-1,96,83,97,-1,97,83,82,-1,97,82,98,-1,98,82,81,-1,98,81,99,-1,99,81,80,-1,136,135,100,-1,
  136,100,118,-1,118,100,113,-1,119,113,112,-1,119,112,120,-1,120,112,121,-1,133,132,101,-1,133,101,134,-1,134,101,100,-1,
  134,100,135,-1,103,102,129,-1,129,102,130,-1,130,102,131,-1,131,102,132,-1,132,102,101,-1,107,106,105,-1,107,105,108,-1,
  108,105,104,-1,108,104,109,-1,109,104,103,-1,109,103,128,-1,128,103,129,-1,113,100,117,-1,113,117,114,-1,114,117,116,-1,
  114,116,115,-1,123,122,111,-1,111,122,112,-1,112,122,121,-1,125,124,110,-1,110,124,111,-1,111,124,123,-1,109,128,127,-1,
  109,127,110,-1,110,127,126,-1,110,126,125,-1,142,141,137,-1,137,141,138,-1,138,141,139,-1,139,141,140,-1,145,144,146,-1,
  146,144,143,-1,151,148,147,-1,151,147,152,-1,152,147,155,-1,152,155,153,-1,153,155,154,-1,150,149,151,-1,151,149,148,-1,
  158,157,159,-1,159,157,156,-1,172,171,170,-1,172,170,173,-1,173,170,169,-1,173,169,186,-1,186,169,168,-1,186,168,187,-1,
  187,168,188,-1,175,174,183,-1,183,174,184,-1,184,174,185,-1,185,174,186,-1,186,174,173,-1,181,180,176,-1,181,176,182,-1,
  182,176,175,-1,182,175,183,-1,165,164,160,-1,165,160,178,-1,178,160,177,-1,178,177,179,-1,179,177,176,-1,179,176,180,-1,
  166,191,190,-1,166,190,167,-1,167,190,189,-1,167,189,168,-1,168,189,188,-1,165,178,193,-1,165,193,166,-1,166,193,192,-1,
  166,192,191,-1,162,161,163,-1,163,161,164,-1,164,161,160,-1,208,207,206,-1,208,206,209,-1,209,206,205,-1,209,205,224,-1,
  224,205,225,-1,217,216,215,-1,217,215,218,-1,218,215,214,-1,218,214,219,-1,219,214,213,-1,219,213,220,-1,220,213,212,-1,
  220,212,221,-1,221,212,211,-1,221,211,222,-1,222,211,210,-1,222,210,223,-1,223,210,209,-1,223,209,224,-1,195,194,198,-1,
  198,194,199,-1,199,194,216,-1,216,194,215,-1,225,205,204,-1,225,204,226,-1,226,204,203,-1,226,203,227,-1,227,203,202,-1,
  227,202,228,-1,228,202,201,-1,228,201,229,-1,229,201,200,-1,229,200,230,-1,230,200,199,-1,230,199,231,-1,231,199,216,-1,
  196,195,197,-1,197,195,198,-1,246,245,244,-1,246,244,247,-1,247,244,243,-1,247,243,262,-1,262,243,263,-1,255,254,253,-1,
  255,253,256,-1,256,253,252,-1,256,252,257,-1,257,252,251,-1,257,251,258,-1,258,251,250,-1,258,250,259,-1,259,250,249,-1,
  259,249,260,-1,260,249,248,-1,260,248,261,-1,261,248,247,-1,261,247,262,-1,233,232,236,-1,236,232,237,-1,237,232,254,-1,
  254,232,253,-1,263,243,242,-1,263,242,264,-1,264,242,241,-1,264,241,265,-1,265,241,240,-1,265,240,266,-1,266,240,239,-1,
  266,239,267,-1,267,239,238,-1,267,238,268,-1,268,238,237,-1,268,237,269,-1,269,237,254,-1,234,233,235,-1,235,233,236,-1,
  284,283,282,-1,284,282,285,-1,285,282,281,-1,285,281,300,-1,300,281,301,-1,293,292,291,-1,293,291,294,-1,294,291,290,-1,
  294,290,295,-1,295,290,289,-1,295,289,296,-1,296,289,288,-1,296,288,297,-1,297,288,287,-1,297,287,298,-1,298,287,286,-1,
  298,286,299,-1,299,286,285,-1,299,285,300,-1,271,270,274,-1,274,270,275,-1,275,270,292,-1,292,270,291,-1,301,281,280,-1,
  301,280,302,-1,302,280,279,-1,302,279,303,-1,303,279,278,-1,303,278,304,-1,304,278,277,-1,304,277,305,-1,305,277,276,-1,
  305,276,306,-1,306,276,275,-1,306,275,307,-1,307,275,292,-1,272,271,273,-1,273,271,274,-1,322,321,320,-1,322,320,323,-1,
  323,320,319,-1,323,319,338,-1,338,319,339,-1,331,330,329,-1,331,329,332,-1,332,329,328,-1,332,328,333,-1,333,328,327,-1,
  333,327,334,-1,334,327,326,-1,334,326,335,-1,335,326,325,-1,335,325,336,-1,336,325,324,-1,336,324,337,-1,337,324,323,-1,
  337,323,338,-1,309,308,312,-1,312,308,313,-1,313,308,330,-1,330,308,329,-1,339,319,318,-1,339,318,340,-1,340,318,317,-1,
  340,317,341,-1,341,317,316,-1,341,316,342,-1,342,316,315,-1,342,315,343,-1,343,315,314,-1,343,314,344,-1,344,314,313,-1,
  344,313,345,-1,345,313,330,-1,310,309,311,-1,311,309,312,-1,358,357,356,-1,358,356,359,-1,359,356,355,-1,359,355,372,-1,
  372,355,354,-1,372,354,373,-1,373,354,374,-1,361,360,369,-1,369,360,370,-1,370,360,371,-1,371,360,372,-1,372,360,359,-1,
  367,366,362,-1,367,362,368,-1,368,362,361,-1,368,361,369,-1,351,350,346,-1,351,346,364,-1,364,346,363,-1,364,363,365,-1,
  365,363,362,-1,365,362,366,-1,352,377,376,-1,352,376,353,-1,353,376,375,-1,353,375,354,-1,354,375,374,-1,351,364,379,-1,
  351,379,352,-1,352,379,378,-1,352,378,377,-1,348,347,349,-1,349,347,350,-1,350,347,346,-1,392,391,390,-1,392,390,393,-1,
  393,390,389,-1,393,389,406,-1,406,389,388,-1,406,388,407,-1,407,388,408,-1,395,394,403,-1,403,394,404,-1,404,394,405,-1,
  405,394,406,-1,406,394,393,-1,401,400,396,-1,401,396,402,-1,402,396,395,-1,402,395,403,-1,385,384,380,-1,385,380,398,-1,
  398,380,397,-1,398,397,399,-1,399,397,396,-1,399,396,400,-1,386,411,410,-1,386,410,387,-1,387,410,409,-1,387,409,388,-1,
  388,409,408,-1,385,398,413,-1,385,413,386,-1,386,413,412,-1,386,412,411,-1,382,381,383,-1,383,381,384,-1,384,381,380,-1,
  426,425,424,-1,426,424,427,-1,427,424,423,-1,427,423,440,-1,440,423,422,-1,440,422,441,-1,441,422,442,-1,429,428,437,-1,
  437,428,438,-1,438,428,439,-1,439,428,440,-1,440,428,427,-1,435,434,430,-1,435,430,436,-1,436,430,429,-1,436,429,437,-1,
  419,418,414,-1,419,414,432,-1,432,414,431,-1,432,431,433,-1,433,431,430,-1,433,430,434,-1,420,445,444,-1,420,444,421,-1,
  421,444,443,-1,421,443,422,-1,422,443,442,-1,419,432,447,-1,419,447,420,-1,420,447,446,-1,420,446,445,-1,416,415,417,-1,
  417,415,418,-1,418,415,414,-1,460,459,458,-1,460,458,461,-1,461,458,457,-1,461,457,474,-1,474,457,456,-1,474,456,475,-1,
  475,456,476,-1,463,462,471,-1,471,462,472,-1,472,462,473,-1,473,462,474,-1,474,462,461,-1,469,468,464,-1,469,464,470,-1,
  470,464,463,-1,470,463,471,-1,453,452,448,-1,453,448,466,-1,466,448,465,-1,466,465,467,-1,467,465,464,-1,467,464,468,-1,
  454,479,478,-1,454,478,455,-1,455,478,477,-1,455,477,456,-1,456,477,476,-1,453,466,481,-1,453,481,454,-1,454,481,480,-1,
  454,480,479,-1,450,449,451,-1,451,449,452,-1,452,449,448,-1,494,493,492,-1,494,492,495,-1,495,492,491,-1,495,491,508,-1,
  508,491,490,-1,508,490,509,-1,509,490,510,-1,497,496,505,-1,505,496,506,-1,506,496,507,-1,507,496,508,-1,508,496,495,-1,
  503,502,498,-1,503,498,504,-1,504,498,497,-1,504,497,505,-1,487,486,482,-1,487,482,500,-1,500,482,499,-1,500,499,501,-1,
  501,499,498,-1,501,498,502,-1,488,513,512,-1,488,512,489,-1,489,512,511,-1,489,511,490,-1,490,511,510,-1,487,500,515,-1,
  487,515,488,-1,488,515,514,-1,488,514,513,-1,484,483,485,-1,485,483,486,-1,486,483,482,-1,528,527,526,-1,528,526,529,-1,
  529,526,525,-1,529,525,542,-1,542,525,524,-1,542,524,543,-1,543,524,544,-1,531,530,539,-1,539,530,540,-1,540,530,541,-1,
  541,530,542,-1,542,530,529,-1,537,536,532,-1,537,532,538,-1,538,532,531,-1,538,531,539,-1,521,520,516,-1,521,516,534,-1,
  534,516,533,-1,534,533,535,-1,535,533,532,-1,535,532,536,-1,522,547,546,-1,522,546,523,-1,523,546,545,-1,523,545,524,-1,
  524,545,544,-1,521,534,549,-1,521,549,522,-1,522,549,548,-1,522,548,547,-1,518,517,519,-1,519,517,520,-1,520,517,516,-1,
  562,561,560,-1,562,560,563,-1,563,560,559,-1,563,559,576,-1,576,559,558,-1,576,558,577,-1,577,558,578,-1,565,564,573,-1,
  573,564,574,-1,574,564,575,-1,575,564,576,-1,576,564,563,-1,571,570,566,-1,571,566,572,-1,572,566,565,-1,572,565,573,-1,
  555,554,550,-1,555,550,568,-1,568,550,567,-1,568,567,569,-1,569,567,566,-1,569,566,570,-1,556,581,580,-1,556,580,557,-1,
  557,580,579,-1,557,579,558,-1,558,579,578,-1,555,568,583,-1,555,583,556,-1,556,583,582,-1,556,582,581,-1,552,551,553,-1,
  553,551,554,-1,554,551,550,-1,596,595,594,-1,596,594,597,-1,597,594,593,-1,597,593,610,-1,610,593,592,-1,610,592,611,-1,
  611,592,612,-1,599,598,607,-1,607,598,608,-1,608,598,609,-1,609,598,610,-1,610,598,597,-1,605,604,600,-1,605,600,606,-1,
  606,600,599,-1,606,599,607,-1,589,588,584,-1,589,584,602,-1,602,584,601,-1,602,601,603,-1,603,601,600,-1,603,600,604,-1,
  590,615,614,-1,590,614,591,-1,591,614,613,-1,591,613,592,-1,592,613,612,-1,589,602,617,-1,589,617,590,-1,590,617,616,-1,
  590,616,615,-1,586,585,587,-1,587,585,588,-1,588,585,584,-1,630,629,628,-1,630,628,631,-1,631,628,627,-1,631,627,644,-1,
  644,627,626,-1,644,626,645,-1,645,626,646,-1,633,632,641,-1,641,632,642,-1,642,632,643,-1,643,632,644,-1,644,632,631,-1,
  639,638,634,-1,639,634,640,-1,640,634,633,-1,640,633,641,-1,623,622,618,-1,623,618,636,-1,636,618,635,-1,636,635,637,-1,
  637,635,634,-1,637,634,638,-1,624,649,648,-1,624,648,625,-1,625,648,647,-1,625,647,626,-1,626,647,646,-1,623,636,651,-1,
  623,651,624,-1,624,651,650,-1,624,650,649,-1,620,619,621,-1,621,619,622,-1,622,619,618,-1,664,663,662,-1,664,662,665,-1,
  665,662,661,-1,665,661,678,-1,678,661,660,-1,678,660,679,-1,679,660,680,-1,667,666,675,-1,675,666,676,-1,676,666,677,-1,
  677,666,678,-1,678,666,665,-1,673,672,668,-1,673,668,674,-1,674,668,667,-1,674,667,675,-1,657,656,652,-1,657,652,670,-1,
  670,652,669,-1,670,669,671,-1,671,669,668,-1,671,668,672,-1,658,683,682,-1,658,682,659,-1,659,682,681,-1,659,681,660,-1,
  660,681,680,-1,657,670,685,-1,657,685,658,-1,658,685,684,-1,658,684,683,-1,654,653,655,-1,655,653,656,-1,656,653,652,-1,
  698,697,696,-1,698,696,699,-1,699,696,695,-1,699,695,712,-1,712,695,694,-1,712,694,713,-1,713,694,714,-1,701,700,709,-1,
  709,700,710,-1,710,700,711,-1,711,700,712,-1,712,700,699,-1,707,706,702,-1,707,702,708,-1,708,702,701,-1,708,701,709,-1,
  691,690,686,-1,691,686,704,-1,704,686,703,-1,704,703,705,-1,705,703,702,-1,705,702,706,-1,692,717,716,-1,692,716,693,-1,
  693,716,715,-1,693,715,694,-1,694,715,714,-1,691,704,719,-1,691,719,692,-1,692,719,718,-1,692,718,717,-1,688,687,689,-1,
  689,687,690,-1,690,687,686,-1,732,731,730,-1,732,730,733,-1,733,730,729,-1,733,729,746,-1,746,729,728,-1,746,728,747,-1,
  747,728,748,-1,735,734,743,-1,743,734,744,-1,744,734,745,-1,745,734,746,-1,746,734,733,-1,741,740,736,-1,741,736,742,-1,
  742,736,735,-1,742,735,743,-1,725,724,720,-1,725,720,738,-1,738,720,737,-1,738,737,739,-1,739,737,736,-1,739,736,740,-1,
  726,751,750,-1,726,750,727,-1,727,750,749,-1,727,749,728,-1,728,749,748,-1,725,738,753,-1,725,753,726,-1,726,753,752,-1,
  726,752,751,-1,722,721,723,-1,723,721,724,-1,724,721,720,-1,766,765,764,-1,766,764,767,-1,767,764,763,-1,767,763,780,-1,
  780,763,762,-1,780,762,781,-1,781,762,782,-1,769,768,777,-1,777,768,778,-1,778,768,779,-1,779,768,780,-1,780,768,767,-1,
  775,774,770,-1,775,770,776,-1,776,770,769,-1,776,769,777,-1,759,758,754,-1,759,754,772,-1,772,754,771,-1,772,771,773,-1,
  773,771,770,-1,773,770,774,-1,760,785,784,-1,760,784,761,-1,761,784,783,-1,761,783,762,-1,762,783,782,-1,759,772,787,-1,
  759,787,760,-1,760,787,786,-1,760,786,785,-1,756,755,757,-1,757,755,758,-1,758,755,754,-1,800,799,798,-1,800,798,801,-1,
  801,798,797,-1,801,797,814,-1,814,797,796,-1,814,796,815,-1,815,796,816,-1,803,802,811,-1,811,802,812,-1,812,802,813,-1,
  813,802,814,-1,814,802,801,-1,809,808,804,-1,809,804,810,-1,810,804,803,-1,810,803,811,-1,793,792,788,-1,793,788,806,-1,
  806,788,805,-1,806,805,807,-1,807,805,804,-1,807,804,808,-1,794,819,818,-1,794,818,795,-1,795,818,817,-1,795,817,796,-1,
  796,817,816,-1,793,806,821,-1,793,821,794,-1,794,821,820,-1,794,820,819,-1,790,789,791,-1,791,789,792,-1,792,789,788,-1,
  834,833,832,-1,834,832,835,-1,835,832,831,-1,835,831,848,-1,848,831,830,-1,848,830,849,-1,849,830,850,-1,837,836,845,-1,
  845,836,846,-1,846,836,847,-1,847,836,848,-1,848,836,835,-1,843,842,838,-1,843,838,844,-1,844,838,837,-1,844,837,845,-1,
  827,826,822,-1,827,822,840,-1,840,822,839,-1,840,839,841,-1,841,839,838,-1,841,838,842,-1,828,853,852,-1,828,852,829,-1,
  829,852,851,-1,829,851,830,-1,830,851,850,-1,827,840,855,-1,827,855,828,-1,828,855,854,-1,828,854,853,-1,824,823,825,-1,
  825,823,826,-1,826,823,822,-1,868,867,866,-1,868,866,869,-1,869,866,865,-1,869,865,882,-1,882,865,864,-1,882,864,883,-1,
  883,864,884,-1,871,870,879,-1,879,870,880,-1,880,870,881,-1,881,870,882,-1,882,870,869,-1,877,876,872,-1,877,872,878,-1,
  878,872,871,-1,878,871,879,-1,861,860,856,-1,861,856,874,-1,874,856,873,-1,874,873,875,-1,875,873,872,-1,875,872,876,-1,
  862,887,886,-1,862,886,863,-1,863,886,885,-1,863,885,864,-1,864,885,884,-1,861,874,889,-1,861,889,862,-1,862,889,888,-1,
  862,888,887,-1,858,857,859,-1,859,857,860,-1,860,857,856,-1,902,901,900,-1,902,900,903,-1,903,900,899,-1,903,899,916,-1,
  916,899,898,-1,916,898,917,-1,917,898,918,-1,905,904,913,-1,913,904,914,-1,914,904,915,-1,915,904,916,-1,916,904,903,-1,
  911,910,906,-1,911,906,912,-1,912,906,905,-1,912,905,913,-1,895,894,890,-1,895,890,908,-1,908,890,907,-1,908,907,909,-1,
  909,907,906,-1,909,906,910,-1,896,921,920,-1,896,920,897,-1,897,920,919,-1,897,919,898,-1,898,919,918,-1,895,908,923,-1,
  895,923,896,-1,896,923,922,-1,896,922,921,-1,892,891,893,-1,893,891,894,-1,894,891,890,-1,936,935,934,-1,936,934,937,-1,
  937,934,933,-1,937,933,950,-1,950,933,932,-1,950,932,951,-1,951,932,952,-1,939,938,947,-1,947,938,948,-1,948,938,949,-1,
  949,938,950,-1,950,938,937,-1,945,944,940,-1,945,940,946,-1,946,940,939,-1,946,939,947,-1,929,928,924,-1,929,924,942,-1,
  942,924,941,-1,942,941,943,-1,943,941,940,-1,943,940,944,-1,930,955,954,-1,930,954,931,-1,931,954,953,-1,931,953,932,-1,
  932,953,952,-1,929,942,957,-1,929,957,930,-1,930,957,956,-1,930,956,955,-1,926,925,927,-1,927,925,928,-1,928,925,924,-1,
  89,91,90,-1,53,55,54,-1,55,57,56,-1,61,70,62,-1,47,49,48,-1]
  normalPerVertex TRUE
  normal DEF NORM_6 Normal { vector [
  0 0 -1,0 0 -1,
  0 0 -1,0 0 -1,
  0 0 -1,0 0 -1,
  0 0 -1,0 0 -1,
  0 0 -1,0 0 -1,
  0 0 -1,0 0 -1,
  0 0 -1,0 0 -1,
  0 0 -1,0 0 -1,
  0 0 -1,0 0 -1,
  0 0 -1,0 0 -1,
  0 0 -1,0 0 -1,
  0 0 -1,0 0 -1,
  0 0 -1,0 0 -1,
  0 0 -1,0 0 -1,
  0 0 -1,0 0 -1,
  0 0 -1,0 0 -1,
  0 0 -1,0 0 -1,
  0 0 -1,0 0 -1,
  0 0 -1,0 0 -1,
  0 0 -1,0 0 -1,
  0 0 -1,0 0 -1,
  0 0 -1,0 0 -1,
  0 0 -1,0 0 -1,
  0 0 -1,0 0 -1,
  0 0 -1,0 0 -1,
  0 0 -1,0 0 -1,
  0 0 -1,0 0 -1,
  0 0 -1,0 0 -1,
  0 0 -1,0 0 -1,
  0 0 -1,0 0 -1,
  0 0 -1,0 0 -1,
  0 0 -1,0 0 -1,
  0 0 -1,0 0 -1,
  0 0 -1,0 0 -1,
  0 0 -1,0 0 -1,
  0 0 -1,0 0 -1,
  0 0 -1,0 0 -1,
  0 0 -1,0 0 -1,
  0 0 -1,0 0 -1,
  0 0 -1,0 0 -1,
  0 0 -1,0 0 -1,
  0 0 -1,0 0 -1,
  0 0 -1,0 0 -1,
  0 0 -1,0 0 -1,
  0 0 -1,0 0 -1,
  0 0 -1,0 0 -1,
  0 0 -1,0 0 -1,
  0 0 -1,0 0 -1,
  0 0 -1,0 0 -1,
  0 0 -1,0 0 -1,
  0 0 -1,0 0 -1,
  0 0 -1,0 0 -1,
  0 0 -1,0 0 -1,
  0 0 -1,0 0 -1,
  0 0 -1,0 0 -1,
  0 0 -1,0 0 -1,
  0 0 -1,0 0 -1,
  0 0 -1,0 0 -1,
  0 0 -1,0 0 -1,
  0 0 -1,0 0 -1,
  0 0 -1,0 0 -1,
  0 0 -1,0 0 -1,
  0 0 -1,0 0 -1,
  0 0 -1,0 0 -1,
  0 0 -1,0 0 -1,
  0 0 -1,0 0 -1,
  0 0 -1,0 0 -1,
  0 0 -1,0 0 -1,
  0 0 -1,0 0 -1,
  0 0 -1,0 0 -1,
  0 0 -1,0 0 -1,
  0 0 -1,0 0 -1,
  0 0 -1,0 0 -1,
  0 0 -1,0 0 -1,
  0 0 -1,0 0 -1,
  0 0 -1,0 0 -1,
  0 0 -1,0 0 -1,
  0 0 -1,0 0 -1,
  0 0 -1,0 0 -1,
  0 0 -1,0 0 -1,
  0 0 -1,0 0 -1,
  0 0 -1,0 0 -1,
  0 0 -1,0 0 -1,
  0 0 -1,0 0 -1,
  0 0 -1,0 0 -1,
  0 0 -1,0 0 -1,
  0 0 -1,0 0 -1,
  0 0 -1,0 0 -1,
  0 0 -1,0 0 -1,
  0 0 -1,0 0 -1,
  0 0 -1,0 0 -1,
  0 0 -1,0 0 -1,
  0 0 -1,0 0 -1,
  0 0 -1,0 0 -1,
  0 0 -1,0 0 -1,
  0 0 -1,0 0 -1,
  0 0 -1,0 0 -1,
  0 0 -1,0 0 -1,
  0 0 -1,0 0 -1,
  0 0 -1,0 0 -1,
  0 0 -1,0 0 -1,
  0 0 -1,0 0 -1,
  0 0 -1,0 0 -1,
  0 0 -1,0 0 -1,
  0 0 -1,0 0 -1,
  0 0 -1,0 0 -1,
  0 0 -1,0 0 -1,
  0 0 -1,0 0 -1,
  0 0 -1,0 0 -1,
  0 0 -1,0 0 -1,
  0 0 -1,0 0 -1,
  0 0 -1,0 0 -1,
  0 0 -1,0 0 -1,
  0 0 -1,0 0 -1,
  0 0 -1,0 0 -1,
  0 0 -1,0 0 -1,
  0 0 -1,0 0 -1,
  0 0 -1,0 0 -1,
  0 0 -1,0 0 -1,
  0 0 -1,0 0 -1,
  0 0 -1,0 0 -1,
  0 0 -1,0 0 -1,
  0 0 -1,0 0 -1,
  0 0 -1,0 0 -1,
  0 0 -1,0 0 -1,
  0 0 -1,0 0 -1,
  0 0 -1,0 0 -1,
  0 0 -1,0 0 -1,
  0 0 -1,0 0 -1,
  0 0 -1,0 0 -1,
  0 0 -1,0 0 -1,
  0 0 -1,0 0 -1,
  0 0 -1,0 0 -1,
  0 0 -1,0 0 -1,
  0 0 -1,0 0 -1,
  0 0 -1,0 0 -1,
  0 0 -1,0 0 -1,
  0 0 -1,0 0 -1,
  0 0 -1,0 0 -1,
  0 0 -1,0 0 -1,
  0 0 -1,0 0 -1,
  0 0 -1,0 0 -1,
  0 0 -1,0 0 -1,
  0 0 -1,0 0 -1,
  0 0 -1,0 0 -1,
  0 0 -1,0 0 -1,
  0 0 -1,0 0 -1,
  0 0 -1,0 0 -1,
  0 0 -1,0 0 -1,
  0 0 -1,0 0 -1,
  0 0 -1,0 0 -1,
  0 0 -1,0 0 -1,
  0 0 -1,0 0 -1,
  0 0 -1,0 0 -1,
  0 0 -1,0 0 -1,
  0 0 -1,0 0 -1,
  0 0 -1,0 0 -1,
  0 0 -1,0 0 -1,
  0 0 -1,0 0 -1,
  0 0 -1,0 0 -1,
  0 0 -1,0 0 -1,
  0 0 -1,0 0 -1,
  0 0 -1,0 0 -1,
  0 0 -1,0 0 -1,
  0 0 -1,0 0 -1,
  0 0 -1,0 0 -1,
  0 0 -1,0 0 -1,
  0 0 -1,0 0 -1,
  0 0 -1,0 0 -1,
  0 0 -1,0 0 -1,
  0 0 -1,0 0 -1,
  0 0 -1,0 0 -1,
  0 0 -1,0 0 -1,
  0 0 -1,0 0 -1,
  0 0 -1,0 0 -1,
  0 0 -1,0 0 -1,
  0 0 -1,0 0 -1,
  0 0 -1,0 0 -1,
  0 0 -1,0 0 -1,
  0 0 -1,0 0 -1,
  0 0 -1,0 0 -1,
  0 0 -1,0 0 -1,
  0 0 -1,0 0 -1,
  0 0 -1,0 0 -1,
  0 0 -1,0 0 -1,
  0 0 -1,0 0 -1,
  0 0 -1,0 0 -1,
  0 0 -1,0 0 -1,
  0 0 -1,0 0 -1,
  0 0 -1,0 0 -1,
  0 0 -1,0 0 -1,
  0 0 -1,0 0 -1,
  0 0 -1,0 0 -1,
  0 0 -1,0 0 -1,
  0 0 -1,0 0 -1,
  0 0 -1,0 0 -1,
  0 0 -1,0 0 -1,
  0 0 -1,0 0 -1,
  0 0 -1,0 0 -1,
  0 0 -1,0 0 -1,
  0 0 -1,0 0 -1,
  0 0 -1,0 0 -1,
  0 0 -1,0 0 -1,
  0 0 -1,0 0 -1,
  0 0 -1,0 0 -1,
  0 0 -1,0 0 -1,
  0 0 -1,0 0 -1,
  0 0 -1,0 0 -1,
  0 0 -1,0 0 -1,
  0 0 -1,0 0 -1,
  0 0 -1,0 0 -1,
  0 0 -1,0 0 -1,
  0 0 -1,0 0 -1,
  0 0 -1,0 0 -1,
  0 0 -1,0 0 -1,
  0 0 -1,0 0 -1,
  0 0 -1,0 0 -1,
  0 0 -1,0 0 -1,
  0 0 -1,0 0 -1,
  0 0 -1,0 0 -1,
  0 0 -1,0 0 -1,
  0 0 -1,0 0 -1,
  0 0 -1,0 0 -1,
  0 0 -1,0 0 -1,
  0 0 -1,0 0 -1,
  0 0 -1,0 0 -1,
  0 0 -1,0 0 -1,
  0 0 -1,0 0 -1,
  0 0 -1,0 0 -1,
  0 0 -1,0 0 -1,
  0 0 -1,0 0 -1,
  0 0 -1,0 0 -1,
  0 0 -1,0 0 -1,
  0 0 -1,0 0 -1,
  0 0 -1,0 0 -1,
  0 0 -1,0 0 -1,
  0 0 -1,0 0 -1,
  0 0 -1,0 0 -1,
  0 0 -1,0 0 -1,
  0 0 -1,0 0 -1,
  0 0 -1,0 0 -1,
  0 0 -1,0 0 -1,
  0 0 -1,0 0 -1,
  0 0 -1,0 0 -1,
  0 0 -1,0 0 -1,
  0 0 -1,0 0 -1,
  0 0 -1,0 0 -1,
  0 0 -1,0 0 -1,
  0 0 -1,0 0 -1,
  0 0 -1,0 0 -1,
  0 0 -1,0 0 -1,
  0 0 -1,0 0 -1,
  0 0 -1,0 0 -1,
  0 0 -1,0 0 -1,
  0 0 -1,0 0 -1,
  0 0 -1,0 0 -1,
  0 0 -1,0 0 -1,
  0 0 -1,0 0 -1,
  0 0 -1,0 0 -1,
  0 0 -1,0 0 -1,
  0 0 -1,0 0 -1,
  0 0 -1,0 0 -1,
  0 0 -1,0 0 -1,
  0 0 -1,0 0 -1,
  0 0 -1,0 0 -1,
  0 0 -1,0 0 -1,
  0 0 -1,0 0 -1,
  0 0 -1,0 0 -1,
  0 0 -1,0 0 -1,
  0 0 -1,0 0 -1,
  0 0 -1,0 0 -1,
  0 0 -1,0 0 -1,
  0 0 -1,0 0 -1,
  0 0 -1,0 0 -1,
  0 0 -1,0 0 -1,
  0 0 -1,0 0 -1,
  0 0 -1,0 0 -1,
  0 0 -1,0 0 -1,
  0 0 -1,0 0 -1,
  0 0 -1,0 0 -1,
  0 0 -1,0 0 -1,
  0 0 -1,0 0 -1,
  0 0 -1,0 0 -1,
  0 0 -1,0 0 -1,
  0 0 -1,0 0 -1,
  0 0 -1,0 0 -1,
  0 0 -1,0 0 -1,
  0 0 -1,0 0 -1,
  0 0 -1,0 0 -1,
  0 0 -1,0 0 -1,
  0 0 -1,0 0 -1,
  0 0 -1,0 0 -1,
  0 0 -1,0 0 -1,
  0 0 -1,0 0 -1,
  0 0 -1,0 0 -1,
  0 0 -1,0 0 -1,
  0 0 -1,0 0 -1,
  0 0 -1,0 0 -1,
  0 0 -1,0 0 -1,
  0 0 -1,0 0 -1,
  0 0 -1,0 0 -1,
  0 0 -1,0 0 -1,
  0 0 -1,0 0 -1,
  0 0 -1,0 0 -1,
  0 0 -1,0 0 -1,
  0 0 -1,0 0 -1,
  0 0 -1,0 0 -1,
  0 0 -1,0 0 -1,
  0 0 -1,0 0 -1,
  0 0 -1,0 0 -1,
  0 0 -1,0 0 -1,
  0 0 -1,0 0 -1,
  0 0 -1,0 0 -1,
  0 0 -1,0 0 -1,
  0 0 -1,0 0 -1,
  0 0 -1,0 0 -1,
  0 0 -1,0 0 -1,
  0 0 -1,0 0 -1,
  0 0 -1,0 0 -1,
  0 0 -1,0 0 -1,
  0 0 -1,0 0 -1,
  0 0 -1,0 0 -1,
  0 0 -1,0 0 -1,
  0 0 -1,0 0 -1,
  0 0 -1,0 0 -1,
  0 0 -1,0 0 -1,
  0 0 -1,0 0 -1,
  0 0 -1,0 0 -1,
  0 0 -1,0 0 -1,
  0 0 -1,0 0 -1,
  0 0 -1,0 0 -1,
  0 0 -1,0 0 -1,
  0 0 -1,0 0 -1,
  0 0 -1,0 0 -1,
  0 0 -1,0 0 -1,
  0 0 -1,0 0 -1,
  0 0 -1,0 0 -1,
  0 0 -1,0 0 -1,
  0 0 -1,0 0 -1,
  0 0 -1,0 0 -1,
  0 0 -1,0 0 -1,
  0 0 -1,0 0 -1,
  0 0 -1,0 0 -1,
  0 0 -1,0 0 -1,
  0 0 -1,0 0 -1,
  0 0 -1,0 0 -1,
  0 0 -1,0 0 -1,
  0 0 -1,0 0 -1,
  0 0 -1,0 0 -1,
  0 0 -1,0 0 -1,
  0 0 -1,0 0 -1,
  0 0 -1,0 0 -1,
  0 0 -1,0 0 -1,
  0 0 -1,0 0 -1,
  0 0 -1,0 0 -1,
  0 0 -1,0 0 -1,
  0 0 -1,0 0 -1,
  0 0 -1,0 0 -1,
  0 0 -1,0 0 -1,
  0 0 -1,0 0 -1,
  0 0 -1,0 0 -1,
  0 0 -1,0 0 -1,
  0 0 -1,0 0 -1,
  0 0 -1,0 0 -1,
  0 0 -1,0 0 -1,
  0 0 -1,0 0 -1,
  0 0 -1,0 0 -1,
  0 0 -1,0 0 -1,
  0 0 -1,0 0 -1,
  0 0 -1,0 0 -1,
  0 0 -1,0 0 -1,
  0 0 -1,0 0 -1,
  0 0 -1,0 0 -1,
  0 0 -1,0 0 -1,
  0 0 -1,0 0 -1,
  0 0 -1,0 0 -1,
  0 0 -1,0 0 -1,
  0 0 -1,0 0 -1,
  0 0 -1,0 0 -1,
  0 0 -1,0 0 -1,
  0 0 -1,0 0 -1,
  0 0 -1,0 0 -1,
  0 0 -1,0 0 -1,
  0 0 -1,0 0 -1,
  0 0 -1,0 0 -1,
  0 0 -1,0 0 -1,
  0 0 -1,0 0 -1,
  0 0 -1,0 0 -1,
  0 0 -1,0 0 -1,
  0 0 -1,0 0 -1,
  0 0 -1,0 0 -1,
  0 0 -1,0 0 -1,
  0 0 -1,0 0 -1,
  0 0 -1,0 0 -1,
  0 0 -1,0 0 -1,
  0 0 -1,0 0 -1,
  0 0 -1,0 0 -1,
  0 0 -1,0 0 -1,
  0 0 -1,0 0 -1,
  0 0 -1,0 0 -1,
  0 0 -1,0 0 -1,
  0 0 -1,0 0 -1,
  0 0 -1,0 0 -1,
  0 0 -1,0 0 -1,
  0 0 -1,0 0 -1,
  0 0 -1,0 0 -1,
  0 0 -1,0 0 -1,
  0 0 -1,0 0 -1,
  0 0 -1,0 0 -1,
  0 0 -1,0 0 -1,
  0 0 -1,0 0 -1,
  0 0 -1,0 0 -1,
  0 0 -1,0 0 -1,
  0 0 -1,0 0 -1,
  0 0 -1,0 0 -1,
  0 0 -1,0 0 -1,
  0 0 -1,0 0 -1,
  0 0 -1,0 0 -1,
  0 0 -1,0 0 -1,
  0 0 -1,0 0 -1,
  0 0 -1,0 0 -1,
  0 0 -1,0 0 -1,
  0 0 -1,0 0 -1,
  0 0 -1,0 0 -1,
  0 0 -1,0 0 -1,
  0 0 -1,0 0 -1,
  0 0 -1,0 0 -1,
  0 0 -1,0 0 -1,
  0 0 -1,0 0 -1,
  0 0 -1,0 0 -1,
  0 0 -1,0 0 -1,
  0 0 -1,0 0 -1,
  0 0 -1,0 0 -1,
  0 0 -1,0 0 -1,
  0 0 -1,0 0 -1,
  0 0 -1,0 0 -1,
  0 0 -1,0 0 -1,
  0 0 -1,0 0 -1,
  0 0 -1,0 0 -1,
  0 0 -1,0 0 -1,
  0 0 -1,0 0 -1,
  0 0 -1,0 0 -1,
  0 0 -1,0 0 -1,
  0 0 -1,0 0 -1,
  0 0 -1,0 0 -1,
  0 0 -1,0 0 -1,
  0 0 -1,0 0 -1,
  0 0 -1,0 0 -1,
  0 0 -1,0 0 -1,
  0 0 -1,0 0 -1,
  0 0 -1,0 0 -1,
  0 0 -1,0 0 -1,
  0 0 -1,0 0 -1,
  0 0 -1,0 0 -1,
  0 0 -1,0 0 -1,
  0 0 -1,0 0 -1,
  0 0 -1,0 0 -1,
  0 0 -1,0 0 -1,
  0 0 -1,0 0 -1,
  0 0 -1,0 0 -1,
  0 0 -1,0 0 -1,
  0 0 -1,0 0 -1,
  0 0 -1,0 0 -1,
  0 0 -1,0 0 -1,
  0 0 -1,0 0 -1,
  0 0 -1,0 0 -1,
  0 0 -1,0 0 -1,
  0 0 -1,0 0 -1,
  0 0 -1,0 0 -1,
  0 0 -1,0 0 -1,
  0 0 -1,0 0 -1,
  0 0 -1,0 0 -1,
  0 0 -1,0 0 -1,
  0 0 -1,0 0 -1,
  0 0 -1,0 0 -1,
  0 0 -1,0 0 -1,
  0 0 -1,0 0 -1,
  0 0 -1,0 0 -1,
  0 0 -1,0 0 -1] }
}
}
] }
DEF TXFM_7 Transform {
  center 0 0 0
  rotation 0 0 1 0
  scale 1 1 1
  scaleOrientation 0 0 1 0
  translation 0 0 0
 children [
DEF SHAPE_7 Shape {
 appearance DEF APP_5 Appearance {
  material Material {
   ambientIntensity 1
   diffuseColor 0.078431375 0.2 0.14117648
   emissiveColor 0 0 0
   shininess 0.30000001
   specularColor 0.35490197 0.44 0.39882353
   transparency 0.17
} }
 geometry DEF FACE_7 IndexedFaceSet {
  coord DEF COORD_7 Coordinate { point [
  13.582677 0 -0.31988189,13.582677 13.877953 -0.31988189,
  0 13.877953 -0.31988189,0 7.5590551 -0.31988189,
  0 7.0866142 -0.31988189,0 6.8503937 -0.31988189,
  0 6.6141732 -0.31988189,0 6.496063 -0.31988189,
  0 6.1417323 -0.31988189,0 5.015748 -0.31988189,
  0 4.6220472 -0.31988189,0 0 -0.31988189,
  13.051181 7.480315 -0.31988189,13.051181 7.480315 -0.31988189,
  13.04762 7.4601169 -0.31988189,13.037365 7.4423551 -0.31988189,
  13.021654 7.4291717 -0.31988189,13.002381 7.422157 -0.31988189,
  12.981871 7.422157 -0.31988189,12.962598 7.4291717 -0.31988189,
  12.946887 7.4423551 -0.31988189,12.936632 7.4601169 -0.31988189,
  12.933071 7.480315 -0.31988189,12.936632 7.500513 -0.31988189,
  12.946887 7.5182749 -0.31988189,12.962598 7.5314582 -0.31988189,
  12.981871 7.5384729 -0.31988189,13.002381 7.5384729 -0.31988189,
  13.021654 7.5314582 -0.31988189,13.037365 7.5182749 -0.31988189,
  13.04762 7.500513 -0.31988189,12.26378 6.8503937 -0.31988189,
  12.256657 6.8099976 -0.31988189,12.236147 6.774474 -0.31988189,
  12.204724 6.7481071 -0.31988189,12.166179 6.734078 -0.31988189,
  12.12516 6.734078 -0.31988189,12.086614 6.7481071 -0.31988189,
  12.055192 6.774474 -0.31988189,12.034682 6.8099976 -0.31988189,
  12.027559 6.8503937 -0.31988189,12.034682 6.8907898 -0.31988189,
  12.055192 6.9263134 -0.31988189,12.086614 6.9526803 -0.31988189,
  12.12516 6.9667094 -0.31988189,12.166179 6.9667094 -0.31988189,
  12.204724 6.9526803 -0.31988189,12.236147 6.9263134 -0.31988189,
  12.256657 6.8907898 -0.31988189,12.933071 0.59055118 -0.31988189,
  12.936632 0.61074922 -0.31988189,12.946887 0.62851108 -0.31988189,
  12.962598 0.64169441 -0.31988189,12.981871 0.64870912 -0.31988189,
  13.002381 0.64870912 -0.31988189,13.021654 0.64169441 -0.31988189,
  13.037365 0.62851108 -0.31988189,13.04762 0.61074922 -0.31988189,
  13.051181 0.59055118 -0.31988189,13.04762 0.57035314 -0.31988189,
  13.037365 0.55259128 -0.31988189,13.021654 0.53940795 -0.31988189,
  13.002381 0.53239324 -0.31988189,12.981871 0.53239324 -0.31988189,
  12.962598 0.53940795 -0.31988189,12.946887 0.55259128 -0.31988189,
  12.936632 0.57035314 -0.31988189,12.027559 6.476378 -0.31988189,
  12.034682 6.516774 -0.31988189,12.055192 6.5522976 -0.31988189,
  12.086614 6.5786646 -0.31988189,12.12516 6.5926937 -0.31988189,
  12.166179 6.5926937 -0.31988189,12.204724 6.5786646 -0.31988189,
  12.236147 6.5522976 -0.31988189,12.256657 6.516774 -0.31988189,
  12.26378 6.476378 -0.31988189,12.256657 6.4359819 -0.31988189,
  12.236147 6.4004583 -0.31988189,12.204724 6.3740913 -0.31988189,
  12.166179 6.3600622 -0.31988189,12.12516 6.3600622 -0.31988189,
  12.086614 6.3740913 -0.31988189,12.055192 6.4004583 -0.31988189,
  12.034682 6.4359819 -0.31988189,12.027559 6.102363 -0.31988189,
  12.034682 6.1427591 -0.31988189,12.055192 6.1782827 -0.31988189,
  12.086614 6.2046496 -0.31988189,12.12516 6.2186787 -0.31988189,
  12.166179 6.2186787 -0.31988189,12.204724 6.2046496 -0.31988189,
  12.236147 6.1782827 -0.31988189,12.256657 6.1427591 -0.31988189,
  12.26378 6.102363 -0.31988189,12.256657 6.0619669 -0.31988189,
  12.236147 6.0264433 -0.31988189,12.204724 6.0000764 -0.31988189,
  12.166179 5.9860472 -0.31988189,12.12516 5.9860472 -0.31988189,
  12.086614 6.0000764 -0.31988189,12.055192 6.0264433 -0.31988189,
  12.034682 6.0619669 -0.31988189,6.8651575 7.5590551 -0.31988189,
  6.8580346 7.5186591 -0.31988189,6.8375248 7.4831354 -0.31988189,
  6.8061024 7.4567685 -0.31988189,6.7675567 7.4427394 -0.31988189,
  6.7265378 7.4427394 -0.31988189,6.6879921 7.4567685 -0.31988189,
  6.6565697 7.4831354 -0.31988189,6.6360598 7.5186591 -0.31988189,
  6.628937 7.5590551 -0.31988189,6.6360598 7.5994512 -0.31988189,
  6.6565697 7.6349748 -0.31988189,6.6879921 7.6613417 -0.31988189,
  6.7265378 7.6753709 -0.31988189,6.7675567 7.6753709 -0.31988189,
  6.8061024 7.6613417 -0.31988189,6.8375248 7.6349748 -0.31988189,
  6.8580346 7.5994512 -0.31988189,6.8651575 7.0866142 -0.31988189,
  6.8580346 7.0462181 -0.31988189,6.8375248 7.0106945 -0.31988189,
  6.8061024 6.9843276 -0.31988189,6.7675567 6.9702984 -0.31988189,
  6.7265378 6.9702984 -0.31988189,6.6879921 6.9843276 -0.31988189,
  6.6565697 7.0106945 -0.31988189,6.6360598 7.0462181 -0.31988189,
  6.628937 7.0866142 -0.31988189,6.6360598 7.1270102 -0.31988189,
  6.6565697 7.1625339 -0.31988189,6.6879921 7.1889008 -0.31988189,
  6.7265378 7.2029299 -0.31988189,6.7675567 7.2029299 -0.31988189,
  6.8061024 7.1889008 -0.31988189,6.8375248 7.1625339 -0.31988189,
  6.8580346 7.1270102 -0.31988189,6.8651575 6.6141732 -0.31988189,
  6.8580346 6.5737772 -0.31988189,6.8375248 6.5382535 -0.31988189,
  6.8061024 6.5118866 -0.31988189,6.7675567 6.4978575 -0.31988189,
  6.7265378 6.4978575 -0.31988189,6.6879921 6.5118866 -0.31988189,
  6.6565697 6.5382535 -0.31988189,6.6360598 6.5737772 -0.31988189,
  6.628937 6.6141732 -0.31988189,6.6360598 6.6545693 -0.31988189,
  6.6565697 6.6900929 -0.31988189,6.6879921 6.7164598 -0.31988189,
  6.7265378 6.730489 -0.31988189,6.7675567 6.730489 -0.31988189,
  6.8061024 6.7164598 -0.31988189,6.8375248 6.6900929 -0.31988189,
  6.8580346 6.6545693 -0.31988189,1.1860236 5.015748 -0.31988189,
  1.1789008 4.975352 -0.31988189,1.1583909 4.9398283 -0.31988189,
  1.1269685 4.9134614 -0.31988189,1.0884228 4.8994323 -0.31988189,
  1.0474039 4.8994323 -0.31988189,1.0088583 4.9134614 -0.31988189,
  0.97743583 4.9398283 -0.31988189,0.95692598 4.975352 -0.31988189,
  0.94980315 5.015748 -0.31988189,0.95692598 5.0561441 -0.31988189,
  0.97743583 5.0916677 -0.31988189,1.0088583 5.1180346 -0.31988189,
  1.0474039 5.1320638 -0.31988189,1.0884228 5.1320638 -0.31988189,
  1.1269685 5.1180346 -0.31988189,1.1583909 5.0916677 -0.31988189,
  1.1789008 5.0561441 -0.31988189,1.1860236 4.6220472 -0.31988189,
  1.1789008 4.5816512 -0.31988189,1.1583909 4.5461276 -0.31988189,
  1.1269685 4.5197606 -0.31988189,1.0884228 4.5057315 -0.31988189,
  1.0474039 4.5057315 -0.31988189,1.0088583 4.5197606 -0.31988189,
  0.97743583 4.5461276 -0.31988189,0.95692598 4.5816512 -0.31988189,
  0.94980315 4.6220472 -0.31988189,0.95692598 4.6624433 -0.31988189,
  0.97743583 4.6979669 -0.31988189,1.0088583 4.7243339 -0.31988189,
  1.0474039 4.738363 -0.31988189,1.0884228 4.738363 -0.31988189,
  1.1269685 4.7243339 -0.31988189,1.1583909 4.6979669 -0.31988189,
  1.1789008 4.6624433 -0.31988189,5.0393701 9.9586614 -0.31988189,
  5.050009 10.012147 -0.31988189,5.0803059 10.057489 -0.31988189,
  5.1256486 10.087786 -0.31988189,5.1791339 10.098425 -0.31988189,
  5.2326191 10.087786 -0.31988189,5.2779618 10.057489 -0.31988189,
  5.3082588 10.012147 -0.31988189,5.3188976 9.9586614 -0.31988189,
  5.3082588 9.9051761 -0.31988189,5.2779618 9.8598335 -0.31988189,
  5.2326191 9.8295365 -0.31988189,5.1791339 9.8188976 -0.31988189,
  5.1256486 9.8295365 -0.31988189,5.0803059 9.8598335 -0.31988189,
  5.050009 9.9051761 -0.31988189,4.3307087 13.580709 -0.31988189,
  4.3353538 13.604061 -0.31988189,4.3485821 13.623859 -0.31988189,
  4.3683796 13.637087 -0.31988189,4.3917323 13.641732 -0.31988189,
  4.415085 13.637087 -0.31988189,4.4348825 13.623859 -0.31988189,
  4.4481108 13.604061 -0.31988189,4.4527559 13.580709 -0.31988189,
  4.4481108 13.557356 -0.31988189,4.4348825 13.537558 -0.31988189,
  4.415085 13.52433 -0.31988189,4.3917323 13.519685 -0.31988189,
  4.3683796 13.52433 -0.31988189,4.3485821 13.537558 -0.31988189,
  4.3353538 13.557356 -0.31988189,4.1377953 13.580709 -0.31988189,
  4.1331501 13.557356 -0.31988189,4.1199219 13.537558 -0.31988189,
  4.1001244 13.52433 -0.31988189,4.0767717 13.519685 -0.31988189,
  4.0534189 13.52433 -0.31988189,4.0336214 13.537558 -0.31988189,
  4.0203932 13.557356 -0.31988189,4.015748 13.580709 -0.31988189,
  4.0203932 13.604061 -0.31988189,4.0336214 13.623859 -0.31988189,
  4.0534189 13.637087 -0.31988189,4.0767717 13.641732 -0.31988189,
  4.1001244 13.637087 -0.31988189,4.1199219 13.623859 -0.31988189,
  4.1331501 13.604061 -0.31988189,4.1377953 13.265748 -0.31988189,
  4.1331501 13.242395 -0.31988189,4.1199219 13.222598 -0.31988189,
  4.1001244 13.20937 -0.31988189,4.0767717 13.204724 -0.31988189,
  4.0534189 13.20937 -0.31988189,4.0336214 13.222598 -0.31988189,
  4.0203932 13.242395 -0.31988189,4.015748 13.265748 -0.31988189,
  4.0203932 13.289101 -0.31988189,4.0336214 13.308898 -0.31988189,
  4.0534189 13.322127 -0.31988189,4.0767717 13.326772 -0.31988189,
  4.1001244 13.322127 -0.31988189,4.1199219 13.308898 -0.31988189,
  4.1331501 13.289101 -0.31988189,4.1377953 12.950787 -0.31988189,
  4.1331501 12.927435 -0.31988189,4.1199219 12.907637 -0.31988189,
  4.1001244 12.894409 -0.31988189,4.0767717 12.889764 -0.31988189,
  4.0534189 12.894409 -0.31988189,4.0336214 12.907637 -0.31988189,
  4.0203932 12.927435 -0.31988189,4.015748 12.950787 -0.31988189,
  4.0203932 12.97414 -0.31988189,4.0336214 12.993938 -0.31988189,
  4.0534189 13.007166 -0.31988189,4.0767717 13.011811 -0.31988189,
  4.1001244 13.007166 -0.31988189,4.1199219 12.993938 -0.31988189,
  4.1331501 12.97414 -0.31988189,4.1377953 12.635827 -0.31988189,
  4.1331501 12.612474 -0.31988189,4.1199219 12.592677 -0.31988189,
  4.1001244 12.579448 -0.31988189,4.0767717 12.574803 -0.31988189,
  4.0534189 12.579448 -0.31988189,4.0336214 12.592677 -0.31988189,
  4.0203932 12.612474 -0.31988189,4.015748 12.635827 -0.31988189,
  4.0203932 12.65918 -0.31988189,4.0336214 12.678977 -0.31988189,
  4.0534189 12.692205 -0.31988189,4.0767717 12.69685 -0.31988189,
  4.1001244 12.692205 -0.31988189,4.1199219 12.678977 -0.31988189,
  4.1331501 12.65918 -0.31988189,4.1377953 12.320866 -0.31988189,
  4.1331501 12.297513 -0.31988189,4.1199219 12.277716 -0.31988189,
  4.1001244 12.264488 -0.31988189,4.0767717 12.259843 -0.31988189,
  4.0534189 12.264488 -0.31988189,4.0336214 12.277716 -0.31988189,
  4.0203932 12.297513 -0.31988189,4.015748 12.320866 -0.31988189,
  4.0203932 12.344219 -0.31988189,4.0336214 12.364016 -0.31988189,
  4.0534189 12.377245 -0.31988189,4.0767717 12.38189 -0.31988189,
  4.1001244 12.377245 -0.31988189,4.1199219 12.364016 -0.31988189,
  4.1331501 12.344219 -0.31988189,4.1377953 12.005906 -0.31988189,
  4.1331501 11.982553 -0.31988189,4.1199219 11.962755 -0.31988189,
  4.1001244 11.949527 -0.31988189,4.0767717 11.944882 -0.31988189,
  4.0534189 11.949527 -0.31988189,4.0336214 11.962755 -0.31988189,
  4.0203932 11.982553 -0.31988189,4.015748 12.005906 -0.31988189,
  4.0203932 12.029258 -0.31988189,4.0336214 12.049056 -0.31988189,
  4.0534189 12.062284 -0.31988189,4.0767717 12.066929 -0.31988189,
  4.1001244 12.062284 -0.31988189,4.1199219 12.049056 -0.31988189,
  4.1331501 12.029258 -0.31988189,4.1377953 11.690945 -0.31988189,
  4.1331501 11.667592 -0.31988189,4.1199219 11.647795 -0.31988189,
  4.1001244 11.634566 -0.31988189,4.0767717 11.629921 -0.31988189,
  4.0534189 11.634566 -0.31988189,4.0336214 11.647795 -0.31988189,
  4.0203932 11.667592 -0.31988189,4.015748 11.690945 -0.31988189,
  4.0203932 11.714298 -0.31988189,4.0336214 11.734095 -0.31988189,
  4.0534189 11.747323 -0.31988189,4.0767717 11.751969 -0.31988189,
  4.1001244 11.747323 -0.31988189,4.1199219 11.734095 -0.31988189,
  4.1331501 11.714298 -0.31988189,4.5669291 9.9586614 -0.31988189,
  4.577568 10.012147 -0.31988189,4.607865 10.057489 -0.31988189,
  4.6532076 10.087786 -0.31988189,4.7066929 10.098425 -0.31988189,
  4.7601782 10.087786 -0.31988189,4.8055208 10.057489 -0.31988189,
  4.8358178 10.012147 -0.31988189,4.8464567 9.9586614 -0.31988189,
  4.8358178 9.9051761 -0.31988189,4.8055208 9.8598335 -0.31988189,
  4.7601782 9.8295365 -0.31988189,4.7066929 9.8188976 -0.31988189,
  4.6532076 9.8295365 -0.31988189,4.607865 9.8598335 -0.31988189,
  4.577568 9.9051761 -0.31988189,6.8651575 6.1417323 -0.31988189,
  6.8582157 6.102363 -0.31988189,6.8580346 6.1013362 -0.31988189,
  6.8375248 6.0658126 -0.31988189,6.8061024 6.0394457 -0.31988189,
  6.7675567 6.0254165 -0.31988189,6.7265378 6.0254165 -0.31988189,
  6.6879921 6.0394457 -0.31988189,6.6565697 6.0658126 -0.31988189,
  6.6360598 6.1013362 -0.31988189,6.628937 6.1417323 -0.31988189,
  6.6360598 6.1821283 -0.31988189,6.6565697 6.217652 -0.31988189,
  6.6879921 6.2440189 -0.31988189,6.7265378 6.258048 -0.31988189,
  6.7675567 6.258048 -0.31988189,6.8061024 6.2440189 -0.31988189,
  6.8375248 6.217652 -0.31988189,6.8580346 6.1821283 -0.31988189,
  7.6811024 13.501969 -0.31988189,7.6704635 13.448483 -0.31988189,
  7.6401665 13.403141 -0.31988189,7.5948239 13.372844 -0.31988189,
  7.5413386 13.362205 -0.31988189,7.4878533 13.372844 -0.31988189,
  7.4425107 13.403141 -0.31988189,7.4122137 13.448483 -0.31988189,
  7.4015748 13.501969 -0.31988189,7.4122137 13.555454 -0.31988189,
  7.4425107 13.600796 -0.31988189,7.4878533 13.631093 -0.31988189,
  7.5413386 13.641732 -0.31988189,7.5948239 13.631093 -0.31988189,
  7.6401665 13.600796 -0.31988189,7.6704635 13.555454 -0.31988189,
  8.2677165 9.9586614 -0.31988189,8.2783554 10.012147 -0.31988189,
  8.3086524 10.057489 -0.31988189,8.353995 10.087786 -0.31988189,
  8.4074803 10.098425 -0.31988189,8.4609656 10.087786 -0.31988189,
  8.5063082 10.057489 -0.31988189,8.5366052 10.012147 -0.31988189,
  8.5472441 9.9586614 -0.31988189,8.5366052 9.9051761 -0.31988189,
  8.5063082 9.8598335 -0.31988189,8.4609656 9.8295365 -0.31988189,
  8.4074803 9.8188976 -0.31988189,8.353995 9.8295365 -0.31988189,
  8.3086524 9.8598335 -0.31988189,8.2783554 9.9051761 -0.31988189,
  8.8385827 6.8503937 -0.31988189,8.8314598 6.8099976 -0.31988189,
  8.81095 6.774474 -0.31988189,8.7795276 6.7481071 -0.31988189,
  8.7409819 6.734078 -0.31988189,8.699963 6.734078 -0.31988189,
  8.6614173 6.7481071 -0.31988189,8.6299949 6.774474 -0.31988189,
  8.609485 6.8099976 -0.31988189,8.6023622 6.8503937 -0.31988189,
  8.609485 6.8907898 -0.31988189,8.6299949 6.9263134 -0.31988189,
  8.6614173 6.9526803 -0.31988189,8.699963 6.9667094 -0.31988189,
  8.7409819 6.9667094 -0.31988189,8.7795276 6.9526803 -0.31988189,
  8.81095 6.9263134 -0.31988189,8.8314598 6.8907898 -0.31988189,
  8.8385827 6.496063 -0.31988189,8.8351118 6.476378 -0.31988189,
  8.8314598 6.4556669 -0.31988189,8.81095 6.4201433 -0.31988189,
  8.7795276 6.3937764 -0.31988189,8.7409819 6.3797472 -0.31988189,
  8.699963 6.3797472 -0.31988189,8.6614173 6.3937764 -0.31988189,
  8.6299949 6.4201433 -0.31988189,8.609485 6.4556669 -0.31988189,
  8.6023622 6.496063 -0.31988189,8.609485 6.5364591 -0.31988189,
  8.6299949 6.5719827 -0.31988189,8.6614173 6.5983496 -0.31988189,
  8.699963 6.6123787 -0.31988189,8.7409819 6.6123787 -0.31988189,
  8.7795276 6.5983496 -0.31988189,8.81095 6.5719827 -0.31988189,
  8.8314598 6.5364591 -0.31988189] }
 coordIndex [
  65,64,0,-1,65,0,157,-1,157,0,175,-1,157,175,158,-1,158,175,192,-1,158,192,159,-1,159,192,191,-1,159,191,160,-1,
  160,191,190,-1,160,190,161,-1,161,190,189,-1,161,189,162,-1,162,189,188,-1,162,188,163,-1,163,188,187,-1,163,187,164,-1,
  164,187,186,-1,164,186,165,-1,165,186,185,-1,165,185,166,-1,166,185,184,-1,166,184,2,-1,2,184,3,-1,174,173,234,-1,
  174,234,157,-1,157,234,233,-1,157,233,329,-1,329,233,313,-1,329,313,330,-1,330,313,312,-1,330,312,331,-1,331,312,311,-1,
  331,311,332,-1,332,311,310,-1,332,310,333,-1,333,310,309,-1,333,309,334,-1,334,309,308,-1,334,308,335,-1,335,308,307,-1,
  335,307,336,-1,336,307,306,-1,336,306,321,-1,321,306,305,-1,321,305,352,-1,352,305,337,-1,313,233,297,-1,313,297,314,-1,
  314,297,296,-1,314,296,315,-1,315,296,295,-1,315,295,316,-1,316,295,294,-1,316,294,317,-1,317,294,293,-1,317,293,318,-1,
  318,293,292,-1,318,292,319,-1,319,292,291,-1,319,291,320,-1,320,291,290,-1,320,290,305,-1,305,290,289,-1,305,289,337,-1,
  337,289,273,-1,337,273,257,-1,257,273,258,-1,297,233,281,-1,297,281,298,-1,298,281,280,-1,298,280,299,-1,299,280,279,-1,
  299,279,300,-1,300,279,278,-1,300,278,301,-1,301,278,277,-1,301,277,302,-1,302,277,276,-1,302,276,303,-1,303,276,275,-1,
  303,275,304,-1,304,275,274,-1,304,274,289,-1,289,274,273,-1,281,233,265,-1,281,265,282,-1,282,265,264,-1,282,264,283,-1,
  283,264,263,-1,283,263,284,-1,284,263,262,-1,284,262,285,-1,285,262,261,-1,285,261,286,-1,286,261,260,-1,286,260,287,-1,
  287,260,259,-1,287,259,288,-1,288,259,258,-1,288,258,273,-1,265,233,249,-1,265,249,266,-1,266,249,248,-1,266,248,267,-1,
  267,248,247,-1,267,247,268,-1,268,247,246,-1,268,246,269,-1,269,246,245,-1,269,245,270,-1,270,245,244,-1,270,244,271,-1,
  271,244,243,-1,271,243,272,-1,272,243,242,-1,272,242,257,-1,257,242,241,-1,257,241,337,-1,337,241,225,-1,337,225,209,-1,
  209,225,210,-1,250,233,232,-1,250,232,251,-1,251,232,231,-1,251,231,252,-1,252,231,230,-1,252,230,253,-1,253,230,229,-1,
  253,229,254,-1,254,229,228,-1,254,228,255,-1,255,228,227,-1,255,227,256,-1,256,227,226,-1,256,226,241,-1,241,226,225,-1,
  201,380,112,-1,201,112,363,-1,363,112,148,-1,363,148,364,-1,364,148,147,-1,364,147,365,-1,365,147,146,-1,365,146,366,-1,
  366,146,145,-1,366,145,367,-1,367,145,144,-1,367,144,368,-1,368,144,143,-1,368,143,369,-1,369,143,142,-1,369,142,370,-1,
  370,142,141,-1,370,141,371,-1,371,141,140,-1,371,140,353,-1,353,140,139,-1,353,139,65,-1,65,139,121,-1,65,121,103,-1,
  103,121,104,-1,148,112,130,-1,148,130,149,-1,149,130,129,-1,149,129,150,-1,150,129,128,-1,150,128,151,-1,151,128,127,-1,
  151,127,152,-1,152,127,126,-1,152,126,153,-1,153,126,125,-1,153,125,154,-1,154,125,124,-1,154,124,155,-1,155,124,123,-1,
  155,123,156,-1,156,123,122,-1,156,122,139,-1,139,122,121,-1,104,121,138,-1,104,138,105,-1,105,138,137,-1,105,137,106,-1,
  106,137,136,-1,106,136,107,-1,107,136,135,-1,107,135,108,-1,108,135,134,-1,108,134,109,-1,109,134,133,-1,109,133,110,-1,
  110,133,132,-1,110,132,111,-1,111,132,131,-1,111,131,112,-1,112,131,130,-1,432,396,413,-1,432,413,433,-1,433,413,412,-1,
  433,412,434,-1,434,412,411,-1,434,411,435,-1,435,411,410,-1,435,410,436,-1,436,410,409,-1,436,409,437,-1,437,409,408,-1,
  437,408,438,-1,438,408,407,-1,438,407,439,-1,439,407,406,-1,439,406,440,-1,440,406,405,-1,440,405,422,-1,422,405,404,-1,
  422,404,65,-1,65,404,66,-1,1,42,41,-1,1,41,404,-1,404,41,40,-1,404,40,85,-1,85,40,67,-1,85,67,86,-1,
  86,67,84,-1,86,84,87,-1,87,84,83,-1,87,83,88,-1,88,83,82,-1,88,82,89,-1,89,82,81,-1,89,81,90,-1,
  90,81,80,-1,90,80,91,-1,91,80,79,-1,91,79,92,-1,92,79,78,-1,92,78,93,-1,93,78,77,-1,93,77,94,-1,
  94,77,76,-1,94,76,49,-1,49,76,31,-1,49,31,22,-1,22,31,1,-1,22,1,23,-1,23,1,24,-1,68,40,39,-1,
  68,39,69,-1,69,39,38,-1,69,38,70,-1,70,38,37,-1,70,37,71,-1,71,37,36,-1,71,36,72,-1,72,36,35,-1,
  72,35,73,-1,73,35,34,-1,73,34,74,-1,74,34,33,-1,74,33,75,-1,75,33,32,-1,75,32,76,-1,76,32,31,-1,
  30,29,1,-1,30,1,12,-1,12,1,0,-1,13,0,58,-1,13,58,14,-1,14,58,57,-1,14,57,15,-1,15,57,56,-1,
  15,56,16,-1,16,56,55,-1,16,55,17,-1,17,55,54,-1,17,54,18,-1,18,54,53,-1,18,53,19,-1,19,53,52,-1,
  19,52,20,-1,20,52,51,-1,20,51,21,-1,21,51,50,-1,21,50,22,-1,22,50,49,-1,24,1,25,-1,25,1,26,-1,
  26,1,27,-1,27,1,28,-1,28,1,29,-1,42,1,43,-1,43,1,44,-1,44,1,45,-1,45,1,46,-1,46,1,47,-1,
  47,1,48,-1,48,1,31,-1,2,1,237,-1,237,1,238,-1,238,1,213,-1,213,1,214,-1,214,1,215,-1,215,1,216,-1,
  216,1,217,-1,217,1,384,-1,384,1,385,-1,385,1,386,-1,386,1,387,-1,387,1,372,-1,372,1,390,-1,390,1,391,-1,
  391,1,392,-1,392,1,393,-1,393,1,394,-1,394,1,395,-1,395,1,396,-1,396,1,415,-1,415,1,416,-1,416,1,417,-1,
  417,1,418,-1,418,1,419,-1,419,1,420,-1,420,1,421,-1,421,1,404,-1,415,414,396,-1,396,414,413,-1,403,402,432,-1,
  403,432,388,-1,388,432,372,-1,388,372,389,-1,389,372,390,-1,112,380,113,-1,113,380,114,-1,114,380,115,-1,115,380,116,-1,
  116,380,117,-1,117,380,118,-1,118,380,119,-1,119,380,120,-1,120,380,103,-1,103,380,432,-1,432,380,379,-1,382,381,345,-1,
  345,381,194,-1,194,381,195,-1,195,381,196,-1,196,381,197,-1,197,381,198,-1,198,381,199,-1,199,381,200,-1,200,381,201,-1,
  201,381,380,-1,207,206,362,-1,207,362,208,-1,208,362,345,-1,208,345,193,-1,193,345,194,-1,383,382,217,-1,217,382,339,-1,
  339,382,340,-1,340,382,341,-1,341,382,342,-1,342,382,343,-1,343,382,344,-1,344,382,345,-1,338,337,217,-1,217,337,218,-1,
  218,337,219,-1,219,337,220,-1,220,337,221,-1,221,337,222,-1,222,337,223,-1,223,337,224,-1,224,337,209,-1,239,238,213,-1,
  239,213,240,-1,240,213,212,-1,240,212,225,-1,225,212,211,-1,225,211,210,-1,235,234,2,-1,2,234,167,-1,167,234,168,-1,
  168,234,169,-1,169,234,170,-1,170,234,171,-1,171,234,172,-1,172,234,173,-1,237,236,2,-1,2,236,235,-1,58,0,59,-1,
  59,0,60,-1,60,0,61,-1,61,0,62,-1,62,0,63,-1,63,0,64,-1,94,49,95,-1,95,49,96,-1,96,49,97,-1,
  97,49,98,-1,98,49,99,-1,99,49,100,-1,100,49,101,-1,101,49,102,-1,102,49,85,-1,85,49,404,-1,404,49,66,-1,
  422,65,423,-1,423,65,424,-1,424,65,425,-1,425,65,426,-1,426,65,427,-1,427,65,428,-1,428,65,429,-1,429,65,430,-1,
  430,65,103,-1,396,432,397,-1,397,432,398,-1,398,432,399,-1,399,432,400,-1,400,432,401,-1,401,432,402,-1,372,432,373,-1,
  373,432,374,-1,374,432,375,-1,375,432,376,-1,376,432,377,-1,377,432,378,-1,378,432,379,-1,430,103,431,-1,431,103,432,-1,
  353,65,354,-1,354,65,355,-1,355,65,356,-1,356,65,357,-1,357,65,358,-1,358,65,359,-1,359,65,360,-1,360,65,361,-1,
  361,65,157,-1,363,362,201,-1,201,362,202,-1,202,362,203,-1,203,362,204,-1,204,362,205,-1,205,362,206,-1,345,362,346,-1,
  346,362,347,-1,347,362,348,-1,348,362,349,-1,349,362,350,-1,350,362,351,-1,351,362,352,-1,352,362,157,-1,157,362,361,-1,
  321,352,322,-1,322,352,323,-1,323,352,324,-1,324,352,325,-1,325,352,326,-1,326,352,327,-1,327,352,328,-1,328,352,157,-1,
  175,0,176,-1,176,0,177,-1,177,0,178,-1,178,0,179,-1,179,0,180,-1,180,0,10,-1,10,0,11,-1,184,183,3,-1,
  3,183,4,-1,4,183,5,-1,5,183,6,-1,6,183,7,-1,7,183,8,-1,8,183,182,-1,10,9,181,-1,181,9,182,-1,
  182,9,8,-1,180,10,181,-1,328,157,329,-1,2,167,166,-1,217,384,383,-1,217,339,338,-1,40,68,67,-1,233,250,249,-1]
  normalPerVertex TRUE
  normal DEF NORM_7 Normal { vector [
  0 0 -1,0 0 -1,
  0 0 -1,0 0 -1,
  0 0 -1,0 0 -1,
  0 0 -1,0 0 -1,
  0 0 -1,0 0 -1,
  0 0 -1,0 0 -1,
  0 0 -1,0 0 -1,
  0 0 -1,0 0 -1,
  0 0 -1,0 0 -1,
  0 0 -1,0 0 -1,
  0 0 -1,0 0 -1,
  0 0 -1,0 0 -1,
  0 0 -1,0 0 -1,
  0 0 -1,0 0 -1,
  0 0 -1,0 0 -1,
  0 0 -1,0 0 -1,
  0 0 -1,0 0 -1,
  0 0 -1,0 0 -1,
  0 0 -1,0 0 -1,
  0 0 -1,0 0 -1,
  0 0 -1,0 0 -1,
  0 0 -1,0 0 -1,
  0 0 -1,0 0 -1,
  0 0 -1,0 0 -1,
  0 0 -1,0 0 -1,
  0 0 -1,0 0 -1,
  0 0 -1,0 0 -1,
  0 0 -1,0 0 -1,
  0 0 -1,0 0 -1,
  0 0 -1,0 0 -1,
  0 0 -1,0 0 -1,
  0 0 -1,0 0 -1,
  0 0 -1,0 0 -1,
  0 0 -1,0 0 -1,
  0 0 -1,0 0 -1,
  0 0 -1,0 0 -1,
  0 0 -1,0 0 -1,
  0 0 -1,0 0 -1,
  0 0 -1,0 0 -1,
  0 0 -1,0 0 -1,
  0 0 -1,0 0 -1,
  0 0 -1,0 0 -1,
  0 0 -1,0 0 -1,
  0 0 -1,0 0 -1,
  0 0 -1,0 0 -1,
  0 0 -1,0 0 -1,
  0 0 -1,0 0 -1,
  0 0 -1,0 0 -1,
  0 0 -1,0 0 -1,
  0 0 -1,0 0 -1,
  0 0 -1,0 0 -1,
  0 0 -1,0 0 -1,
  0 0 -1,0 0 -1,
  0 0 -1,0 0 -1,
  0 0 -1,0 0 -1,
  0 0 -1,0 0 -1,
  0 0 -1,0 0 -1,
  0 0 -1,0 0 -1,
  0 0 -1,0 0 -1,
  0 0 -1,0 0 -1,
  0 0 -1,0 0 -1,
  0 0 -1,0 0 -1,
  0 0 -1,0 0 -1,
  0 0 -1,0 0 -1,
  0 0 -1,0 0 -1,
  0 0 -1,0 0 -1,
  0 0 -1,0 0 -1,
  0 0 -1,0 0 -1,
  0 0 -1,0 0 -1,
  0 0 -1,0 0 -1,
  0 0 -1,0 0 -1,
  0 0 -1,0 0 -1,
  0 0 -1,0 0 -1,
  0 0 -1,0 0 -1,
  0 0 -1,0 0 -1,
  0 0 -1,0 0 -1,
  0 0 -1,0 0 -1,
  0 0 -1,0 0 -1,
  0 0 -1,0 0 -1,
  0 0 -1,0 0 -1,
  0 0 -1,0 0 -1,
  0 0 -1,0 0 -1,
  0 0 -1,0 0 -1,
  0 0 -1,0 0 -1,
  0 0 -1,0 0 -1,
  0 0 -1,0 0 -1,
  0 0 -1,0 0 -1,
  0 0 -1,0 0 -1,
  0 0 -1,0 0 -1,
  0 0 -1,0 0 -1,
  0 0 -1,0 0 -1,
  0 0 -1,0 0 -1,
  0 0 -1,0 0 -1,
  0 0 -1,0 0 -1,
  0 0 -1,0 0 -1,
  0 0 -1,0 0 -1,
  0 0 -1,0 0 -1,
  0 0 -1,0 0 -1,
  0 0 -1,0 0 -1,
  0 0 -1,0 0 -1,
  0 0 -1,0 0 -1,
  0 0 -1,0 0 -1,
  0 0 -1,0 0 -1,
  0 0 -1,0 0 -1,
  0 0 -1,0 0 -1,
  0 0 -1,0 0 -1,
  0 0 -1,0 0 -1,
  0 0 -1,0 0 -1,
  0 0 -1,0 0 -1,
  0 0 -1,0 0 -1,
  0 0 -1,0 0 -1,
  0 0 -1,0 0 -1,
  0 0 -1,0 0 -1,
  0 0 -1,0 0 -1,
  0 0 -1,0 0 -1,
  0 0 -1,0 0 -1,
  0 0 -1,0 0 -1,
  0 0 -1,0 0 -1,
  0 0 -1,0 0 -1,
  0 0 -1,0 0 -1,
  0 0 -1,0 0 -1,
  0 0 -1,0 0 -1,
  0 0 -1,0 0 -1,
  0 0 -1,0 0 -1,
  0 0 -1,0 0 -1,
  0 0 -1,0 0 -1,
  0 0 -1,0 0 -1,
  0 0 -1,0 0 -1,
  0 0 -1,0 0 -1,
  0 0 -1,0 0 -1,
  0 0 -1,0 0 -1,
  0 0 -1,0 0 -1,
  0 0 -1,0 0 -1,
  0 0 -1,0 0 -1,
  0 0 -1,0 0 -1,
  0 0 -1,0 0 -1,
  0 0 -1,0 0 -1,
  0 0 -1,0 0 -1,
  0 0 -1,0 0 -1,
  0 0 -1,0 0 -1,
  0 0 -1,0 0 -1,
  0 0 -1,0 0 -1,
  0 0 -1,0 0 -1,
  0 0 -1,0 0 -1,
  0 0 -1,0 0 -1,
  0 0 -1,0 0 -1,
  0 0 -1,0 0 -1,
  0 0 -1,0 0 -1,
  0 0 -1,0 0 -1,
  0 0 -1,0 0 -1,
  0 0 -1,0 0 -1,
  0 0 -1,0 0 -1,
  0 0 -1,0 0 -1,
  0 0 -1,0 0 -1,
  0 0 -1,0 0 -1,
  0 0 -1,0 0 -1,
  0 0 -1,0 0 -1,
  0 0 -1,0 0 -1,
  0 0 -1,0 0 -1,
  0 0 -1,0 0 -1,
  0 0 -1,0 0 -1,
  0 0 -1,0 0 -1,
  0 0 -1,0 0 -1,
  0 0 -1,0 0 -1,
  0 0 -1,0 0 -1,
  0 0 -1,0 0 -1,
  0 0 -1,0 0 -1,
  0 0 -1,0 0 -1,
  0 0 -1,0 0 -1,
  0 0 -1,0 0 -1,
  0 0 -1,0 0 -1,
  0 0 -1,0 0 -1,
  0 0 -1,0 0 -1,
  0 0 -1,0 0 -1,
  0 0 -1,0 0 -1,
  0 0 -1,0 0 -1,
  0 0 -1,0 0 -1,
  0 0 -1,0 0 -1,
  0 0 -1,0 0 -1,
  0 0 -1,0 0 -1,
  0 0 -1,0 0 -1,
  0 0 -1,0 0 -1,
  0 0 -1,0 0 -1,
  0 0 -1,0 0 -1,
  0 0 -1,0 0 -1,
  0 0 -1,0 0 -1,
  0 0 -1,0 0 -1,
  0 0 -1,0 0 -1,
  0 0 -1,0 0 -1,
  0 0 -1,0 0 -1,
  0 0 -1,0 0 -1,
  0 0 -1,0 0 -1,
  0 0 -1,0 0 -1,
  0 0 -1,0 0 -1,
  0 0 -1,0 0 -1,
  0 0 -1,0 0 -1,
  0 0 -1,0 0 -1,
  0 0 -1,0 0 -1,
  0 0 -1,0 0 -1,
  0 0 -1,0 0 -1,
  0 0 -1,0 0 -1,
  0 0 -1,0 0 -1,
  0 0 -1,0 0 -1,
  0 0 -1,0 0 -1,
  0 0 -1,0 0 -1,
  0 0 -1,0 0 -1,
  0 0 -1,0 0 -1,
  0 0 -1,0 0 -1,
  0 0 -1,0 0 -1,
  0 0 -1,0 0 -1,
  0 0 -1,0 0 -1,
  0 0 -1,0 0 -1,
  0 0 -1,0 0 -1,
  0 0 -1,0 0 -1,
  0 0 -1,0 0 -1,
  0 0 -1,0 0 -1,
  0 0 -1,0 0 -1,
  0 0 -1,0 0 -1,
  0 0 -1,0 0 -1,
  0 0 -1,0 0 -1,
  0 0 -1] }
}
}
] }
DEF TXFM_8 Transform {
  center 0 0 0
  rotation 0 0 1 0
  scale 1 1 1
  scaleOrientation 0 0 1 0
  translation 0 0 0
 children [
DEF SHAPE_8 Shape {
 appearance DEF APP_6 Appearance {
  material Material {
   ambientIntensity 0.72857141
   diffuseColor 0.96078432 0.96078432 0.96078432
   emissiveColor 0 0 0
   shininess 0.02
   specularColor 0.96470588 0.96470588 0.96470588
   transparency 0
} }
 geometry DEF FACE_8 IndexedFaceSet {
  coord DEF COORD_8 Coordinate { point [
  7.7703079 3.1189406 0.34448819,7.6423555 3.2468933 0.34448819,
  7.6363894 3.2517894 0.34448819,7.6221972 3.2576681 0.34448819,
  7.6145165 3.2584244 0.34448819,0.20900039 3.2584244 0.34448819,
  0.20131969 3.2576681 0.34448819,0.18712756 3.2517894 0.34448819,
  0.18116142 3.2468933 0.34448819,0.096520472 3.1622524 0.34448819,
  0.091624409 3.1562862 0.34448819,0.085745669 3.1420941 0.34448819,
  0.08498937 3.1344134 0.34448819,0.08498937 3.1181055 0.34448819,
  0.08498937 0.098975591 0.34448819,0.085745669 0.091294882 0.34448819,
  0.091624409 0.077102756 0.34448819,0.10248661 0.066240551 0.34448819,
  0.11667874 0.060361811 0.34448819,0.12435945 0.059605512 0.34448819,
  7.6538874 0.059605512 0.34448819,7.6615681 0.060361811 0.34448819,
  7.6757602 0.066240551 0.34448819,7.6817264 0.071136614 0.34448819,
  7.7703083 0.1597185 0.34448819,7.7752043 0.16568425 0.34448819,
  7.776926 0.16984134 0.34448819,7.7810831 0.17987677 0.34448819,
  7.7818394 0.18755748 0.34448819,7.7818394 3.0911016 0.34448819,
  7.7810831 3.0987823 0.34448819,7.776926 3.1088181 0.34448819,
  7.7752043 3.1129748 0.34448819,7.7030992 3.0747941 0.34448819,
  7.7030992 0.20386535 0.34448819,7.6375795 0.13834567 0.34448819,
  0.16372953 0.13834567 0.34448819,0.16372953 3.1181055 0.34448819,
  0.22530827 3.1796843 0.34448819,7.5982087 3.1796843 0.34448819,
  0.99825945 4.4564996 0.34448819,0.99238071 4.4706917 0.34448819,
  0.9815185 4.4815539 0.34448819,0.96732638 4.4874327 0.34448819,
  0.95196496 4.4874327 0.34448819,0.93777283 4.4815539 0.34448819,
  0.92691063 4.4706917 0.34448819,0.92103189 4.4564996 0.34448819,
  0.92027559 4.4488189 0.34448819,0.92027559 3.9370079 0.34448819,
  0.92103189 3.9293272 0.34448819,0.92691063 3.915135 0.34448819,
  0.93777283 3.9042728 0.34448819,0.95196496 3.8983941 0.34448819,
  0.95964567 3.8976378 0.34448819,6.8651575 3.8976378 0.34448819,
  6.8728382 3.8983941 0.34448819,6.8870303 3.9042728 0.34448819,
  6.8978925 3.915135 0.34448819,6.9037713 3.9293272 0.34448819,
  6.9045276 3.9370079 0.34448819,6.9045276 5.9448819 0.34448819,
  6.9037713 5.9525626 0.34448819,6.8978925 5.9667547 0.34448819,
  6.8870303 5.9776169 0.34448819,6.8728382 5.9834957 0.34448819,
  6.8574768 5.9834957 0.34448819,6.8432846 5.9776169 0.34448819,
  6.8324224 5.9667547 0.34448819,6.8265437 5.9525626 0.34448819,
  6.8257874 5.9448819 0.34448819,6.8257874 3.976378 0.34448819,
  0.99901575 3.976378 0.34448819,0.99901575 4.4488189 0.34448819,
  6.6675508 7.7242161 0.34448819,6.661672 7.7384083 0.34448819,
  6.6508098 7.7492705 0.34448819,6.6366177 7.7551492 0.34448819,
  6.628937 7.7559055 0.34448819,0.95964567 7.7559055 0.34448819,
  0.95196496 7.7551492 0.34448819,0.93777283 7.7492705 0.34448819,
  0.92691063 7.7384083 0.34448819,0.92103189 7.7242161 0.34448819,
  0.92027559 7.7165354 0.34448819,0.92027559 5.1968504 0.34448819,
  0.92103189 5.1891697 0.34448819,0.92691063 5.1749776 0.34448819,
  0.93777283 5.1641154 0.34448819,0.95196496 5.1582366 0.34448819,
  0.96732638 5.1582366 0.34448819,0.9815185 5.1641154 0.34448819,
  0.99238071 5.1749776 0.34448819,0.99825945 5.1891697 0.34448819,
  0.99901575 5.1968504 0.34448819,0.99901575 7.6771654 0.34448819,
  6.628937 7.6771654 0.34448819,6.6366177 7.6779217 0.34448819,
  6.6508098 7.6838004 0.34448819,6.661672 7.6946626 0.34448819,
  6.6675508 7.7088547 0.34448819,8.6803461 6.267524 0.34448819,
  8.6744673 6.2817161 0.34448819,8.6636051 6.2925783 0.34448819,
  8.649413 6.2984571 0.34448819,8.6340516 6.2984571 0.34448819,
  8.6198594 6.2925783 0.34448819,8.6089972 6.2817161 0.34448819,
  8.6031185 6.267524 0.34448819,8.6023622 6.2598433 0.34448819,
  8.6023622 5.8661417 0.34448819,8.6031185 5.858461 0.34448819,
  8.6089972 5.8442689 0.34448819,8.6198594 5.8334067 0.34448819,
  8.6340516 5.827528 0.34448819,8.6417323 5.8267717 0.34448819,
  12.224409 5.8267717 0.34448819,12.23209 5.827528 0.34448819,
  12.246282 5.8334067 0.34448819,12.257144 5.8442689 0.34448819,
  12.263023 5.858461 0.34448819,12.263023 5.8738224 0.34448819,
  12.257144 5.8880146 0.34448819,12.246282 5.8988768 0.34448819,
  12.23209 5.9047555 0.34448819,12.224409 5.9055118 0.34448819,
  8.6811024 5.9055118 0.34448819,8.6811024 6.2598433 0.34448819,
  12.263023 7.0942961 0.34448819,12.257144 7.1084882 0.34448819,
  12.246282 7.1193504 0.34448819,12.23209 7.1252291 0.34448819,
  12.224409 7.1259854 0.34448819,8.6417323 7.1259854 0.34448819,
  8.6340516 7.1252291 0.34448819,8.6198594 7.1193504 0.34448819,
  8.6089972 7.1084882 0.34448819,8.6031185 7.0942961 0.34448819,
  8.6031185 7.0789346 0.34448819,8.6089972 7.0647425 0.34448819,
  8.6198594 7.0538803 0.34448819,8.6340516 7.0480016 0.34448819,
  8.6417323 7.0472453 0.34448819,12.224409 7.0472453 0.34448819,
  12.23209 7.0480016 0.34448819,12.246282 7.0538803 0.34448819,
  12.257144 7.0647425 0.34448819,12.263023 7.0789346 0.34448819,
  9.0695118 7.7021055 0.34448819,9.0470146 7.7133539 0.34448819,
  9.0416083 7.7154228 0.34448819,9.04055 7.715498 0.34448819,
  9.0395701 7.7159039 0.34448819,9.0338094 7.7164713 0.34448819,
  8.9775665 7.7164713 0.34448819,8.9718059 7.7159039 0.34448819,
  8.9708256 7.715498 0.34448819,8.9697681 7.7154228 0.34448819,
  8.9643618 7.7133539 0.34448819,8.9418642 7.7021055 0.34448819,
  8.9393862 7.7005461 0.34448819,8.9386646 7.7002469 0.34448819,
  8.937852 7.6995803 0.34448819,8.9369657 7.699022 0.34448819,
  8.9364551 7.6984339 0.34448819,8.9341902 7.6965744 0.34448819,
  8.9229413 7.6853256 0.34448819,8.9192693 7.6808512 0.34448819,
  8.9148602 7.6702067 0.34448819,8.9148602 7.6586862 0.34448819,
  8.9192693 7.6480417 0.34448819,8.9274157 7.6398953 0.34448819,
  8.9380602 7.6354862 0.34448819,8.9495807 7.6354862 0.34448819,
  8.9602252 7.6398953 0.34448819,8.9646996 7.6435673 0.34448819,
  8.9725598 7.651428 0.34448819,8.984537 7.6574161 0.34448819,
  9.0268394 7.6574161 0.34448819,9.038815 7.6514283 0.34448819,
  9.0432874 7.6469559 0.34448819,9.049276 7.6349791 0.34448819,
  9.049276 7.6242429 0.34448819,9.0417472 7.6016567 0.34448819,
  8.9116929 7.4716024 0.34448819,8.9080209 7.467128 0.34448819,
  8.9036118 7.4564839 0.34448819,8.9036118 7.4449626 0.34448819,
  8.9080209 7.4343185 0.34448819,8.9161673 7.426172 0.34448819,
  8.9268114 7.421763 0.34448819,8.932572 7.4211957 0.34448819,
  9.0788035 7.4211957 0.34448819,9.0845642 7.421763 0.34448819,
  9.0952083 7.426172 0.34448819,9.1033547 7.4343185 0.34448819,
  9.1077638 7.4449626 0.34448819,9.1077638 7.4564839 0.34448819,
  9.1033547 7.467128 0.34448819,9.0952083 7.4752744 0.34448819,
  9.0845642 7.4796835 0.34448819,9.0788035 7.4802508 0.34448819,
  9.0038579 7.4802508 0.34448819,9.0884343 7.5648272 0.34448819,
  9.0921063 7.5693016 0.34448819,9.0925122 7.5702823 0.34448819,
  9.0932075 7.5710835 0.34448819,9.0955673 7.5763689 0.34448819,
  9.1068157 7.6101146 0.34448819,9.107465 7.6129705 0.34448819,
  9.1077638 7.6136913 0.34448819,9.1078665 7.6147366 0.34448819,
  9.1080992 7.6157591 0.34448819,9.1080437 7.6165366 0.34448819,
  9.1083311 7.619452 0.34448819,9.1083311 7.6419492 0.34448819,
  9.1077638 7.6477098 0.34448819,9.1073575 7.6486902 0.34448819,
  9.1072827 7.6497476 0.34448819,9.1052138 7.6551539 0.34448819,
  9.0939654 7.6776516 0.34448819,9.0924051 7.6801303 0.34448819,
  9.0921067 7.6808508 0.34448819,9.0914406 7.6816626 0.34448819,
  9.0908819 7.68255 0.34448819,9.0902929 7.6830606 0.34448819,
  9.0884346 7.6853252 0.34448819,9.0771862 7.696574 0.34448819,
  9.0749217 7.6984327 0.34448819,9.0744106 7.699022 0.34448819,
  9.0735224 7.6995811 0.34448819,9.0727118 7.7002465 0.34448819,
  9.0719909 7.7005453 0.34448819,8.6560535 7.6918008 0.34448819,
  8.6559181 7.6914272 0.34448819,8.6559484 7.6907319 0.34448819,
  8.6555756 7.6869437 0.34448819,8.6555756 7.4507232 0.34448819,
  8.6561429 7.4449626 0.34448819,8.660552 7.4343185 0.34448819,
  8.6686984 7.426172 0.34448819,8.6793425 7.421763 0.34448819,
  8.6908638 7.421763 0.34448819,8.7015079 7.426172 0.34448819,
  8.7096543 7.4343185 0.34448819,8.7140634 7.4449626 0.34448819,
  8.7146307 7.4507232 0.34448819,8.7146307 7.5538465 0.34448819,
  8.7370858 7.505728 0.34448819,8.7383354 7.5036189 0.34448819,
  8.7385953 7.5029043 0.34448819,8.7390579 7.5023992 0.34448819,
  8.7400362 7.500748 0.34448819,8.7433453 7.4977173 0.34448819,
  8.7463764 7.4944079 0.34448819,8.747565 7.4938535 0.34448819,
  8.7485327 7.4929669 0.34448819,8.7527488 7.4914339 0.34448819,
  8.7568165 7.4895354 0.34448819,8.758128 7.489478 0.34448819,
  8.7593598 7.4890299 0.34448819,8.7638433 7.4892272 0.34448819,
  8.7683268 7.4890299 0.34448819,8.7695583 7.489478 0.34448819,
  8.7708701 7.4895354 0.34448819,8.7749374 7.4914339 0.34448819,
  8.7791539 7.4929669 0.34448819,8.7801213 7.4938535 0.34448819,
  8.7813102 7.4944079 0.34448819,8.7843409 7.4977173 0.34448819,
  8.7876504 7.500748 0.34448819,8.788628 7.5023988 0.34448819,
  8.7890913 7.5029043 0.34448819,8.7893512 7.5036193 0.34448819,
  8.7906008 7.5057283 0.34448819,8.8130559 7.5538465 0.34448819,
  8.8130559 7.4507232 0.34448819,8.8136232 7.4449626 0.34448819,
  8.8180323 7.4343185 0.34448819,8.8261787 7.426172 0.34448819,
  8.8368228 7.421763 0.34448819,8.8483441 7.421763 0.34448819,
  8.8589882 7.426172 0.34448819,8.8671346 7.4343185 0.34448819,
  8.8715437 7.4449626 0.34448819,8.872111 7.4507232 0.34448819,
  8.872111 7.6869437 0.34448819,8.8717378 7.6907319 0.34448819,
  8.8717685 7.6914272 0.34448819,8.8716327 7.6918008 0.34448819,
  8.8715437 7.6927043 0.34448819,8.8695823 7.6974394 0.34448819,
  8.8678315 7.7022543 0.34448819,8.8673866 7.7027402 0.34448819,
  8.8671346 7.7033484 0.34448819,8.8635102 7.7069728 0.34448819,
  8.8600504 7.7107508 0.34448819,8.8594535 7.7110295 0.34448819,
  8.8589882 7.7114949 0.34448819,8.8542551 7.7134555 0.34448819,
  8.8496102 7.7156232 0.34448819,8.848952 7.7156524 0.34448819,
  8.8483441 7.7159039 0.34448819,8.8432185 7.7159039 0.34448819,
  8.8381 7.7161287 0.34448819,8.8374819 7.7159039 0.34448819,
  8.8368228 7.7159039 0.34448819,8.8320878 7.7139429 0.34448819,
  8.8272728 7.7121917 0.34448819,8.826787 7.7117472 0.34448819,
  8.8261787 7.7114949 0.34448819,8.8225543 7.7078709 0.34448819,
  8.8187764 7.7044106 0.34448819,8.8183138 7.7036303 0.34448819,
  8.8180323 7.7033484 0.34448819,8.8177654 7.7027047 0.34448819,
  8.815826 7.6994307 0.34448819,8.7638429 7.5880394 0.34448819,
  8.7118606 7.6994303 0.34448819,8.7099213 7.7027043 0.34448819,
  8.7096543 7.7033484 0.34448819,8.7093724 7.7036303 0.34448819,
  8.7089102 7.7044106 0.34448819,8.7051319 7.7078709 0.34448819,
  8.7015079 7.7114949 0.34448819,8.7008992 7.7117472 0.34448819,
  8.7004138 7.7121917 0.34448819,8.6955984 7.7139429 0.34448819,
  8.6908638 7.7159039 0.34448819,8.6902047 7.7159039 0.34448819,
  8.6895866 7.7161287 0.34448819,8.6844681 7.7159039 0.34448819,
  8.6793425 7.7159039 0.34448819,8.6787343 7.7156524 0.34448819,
  8.6780764 7.7156232 0.34448819,8.6734311 7.7134555 0.34448819,
  8.6686984 7.7114949 0.34448819,8.6682327 7.7110295 0.34448819,
  8.6676362 7.7107508 0.34448819,8.664176 7.7069728 0.34448819,
  8.660552 7.7033484 0.34448819,8.6602996 7.7027402 0.34448819,
  8.6598551 7.7022543 0.34448819,8.6581039 7.6974394 0.34448819,
  8.6561429 7.6927043 0.34448819,9.3720472 9.761811 0.34448819,
  9.3795803 9.7633094 0.34448819,9.3902339 9.773963 0.34448819,
  9.3917323 9.7814961 0.34448819,9.3917323 13.679134 0.34448819,
  9.3902339 13.686667 0.34448819,9.3795803 13.69732 0.34448819,
  9.3720472 13.698819 0.34448819,3.9783465 13.698819 0.34448819,
  3.9708134 13.69732 0.34448819,3.9601598 13.686667 0.34448819,
  3.9586614 13.679134 0.34448819,3.9586614 9.8011811 0.34448819,
  3.9586614 9.7814961 0.34448819,3.9601598 9.773963 0.34448819,
  3.9708134 9.7633094 0.34448819,3.9783465 9.761811 0.34448819,
  9.3523622 13.659449 0.34448819,9.3523622 9.8011811 0.34448819,
  3.9980315 9.8011811 0.34448819,3.9980315 13.659449 0.34448819] }
 coordIndex [
  33,34,24,-1,33,24,0,-1,33,0,1,-1,33,1,2,-1,33,2,3,-1,33,3,4,-1,33,4,39,-1,38,39,4,-1,
  38,4,5,-1,38,5,6,-1,38,6,7,-1,38,7,8,-1,38,8,37,-1,34,35,20,-1,20,35,36,-1,20,36,19,-1,
  19,36,37,-1,19,37,18,-1,18,37,17,-1,12,15,11,-1,11,15,16,-1,11,16,10,-1,10,16,17,-1,10,17,9,-1,
  9,17,37,-1,9,37,8,-1,13,14,15,-1,13,15,12,-1,24,25,32,-1,32,25,26,-1,32,26,31,-1,31,26,27,-1,
  31,27,30,-1,30,27,28,-1,30,28,29,-1,34,20,21,-1,34,21,22,-1,34,22,23,-1,34,23,24,-1,72,73,40,-1,
  72,40,41,-1,72,41,42,-1,72,42,43,-1,72,43,54,-1,72,54,55,-1,72,55,71,-1,55,56,65,-1,65,56,57,-1,
  65,57,64,-1,64,57,58,-1,64,58,63,-1,63,58,59,-1,63,59,62,-1,62,59,60,-1,62,60,61,-1,55,65,66,-1,
  55,66,67,-1,55,67,68,-1,55,68,69,-1,55,69,70,-1,55,70,71,-1,48,50,47,-1,47,50,51,-1,47,51,46,-1,
  46,51,52,-1,46,52,45,-1,45,52,53,-1,45,53,44,-1,44,53,54,-1,44,54,43,-1,95,96,78,-1,78,96,97,-1,
  78,97,77,-1,77,97,98,-1,77,98,76,-1,76,98,99,-1,76,99,75,-1,75,99,100,-1,75,100,74,-1,95,78,79,-1,
  95,79,90,-1,95,90,91,-1,95,91,92,-1,95,92,93,-1,95,93,94,-1,84,86,83,-1,83,86,87,-1,83,87,82,-1,
  82,87,88,-1,82,88,81,-1,81,88,89,-1,81,89,80,-1,80,89,90,-1,80,90,79,-1,126,127,101,-1,126,101,102,-1,
  126,102,103,-1,126,103,104,-1,126,104,115,-1,126,115,116,-1,126,116,125,-1,125,117,124,-1,124,117,118,-1,124,118,123,-1,
  123,118,119,-1,123,119,122,-1,122,119,120,-1,122,120,121,-1,109,111,108,-1,108,111,112,-1,108,112,107,-1,107,112,113,-1,
  107,113,106,-1,106,113,114,-1,106,114,105,-1,105,114,115,-1,105,115,104,-1,137,139,136,-1,136,139,140,-1,136,140,135,-1,
  135,140,141,-1,135,141,134,-1,134,141,142,-1,134,142,133,-1,133,142,143,-1,133,143,132,-1,132,143,144,-1,132,144,131,-1,
  131,144,145,-1,131,145,130,-1,130,145,146,-1,130,146,129,-1,129,146,147,-1,129,147,128,-1,231,232,203,-1,203,232,148,-1,
  203,148,181,-1,181,148,149,-1,181,149,180,-1,180,149,150,-1,180,150,151,-1,177,178,153,-1,153,178,179,-1,153,179,152,-1,
  152,179,180,-1,152,180,151,-1,154,155,176,-1,154,176,177,-1,154,177,153,-1,173,174,158,-1,158,174,175,-1,158,175,157,-1,
  157,175,176,-1,157,176,156,-1,156,176,155,-1,173,158,159,-1,173,159,160,-1,173,160,161,-1,173,161,172,-1,172,161,162,-1,
  172,162,163,-1,172,163,164,-1,172,164,165,-1,172,165,171,-1,165,166,171,-1,171,166,167,-1,171,167,170,-1,170,167,168,-1,
  170,168,169,-1,209,210,216,-1,216,210,211,-1,216,211,215,-1,215,211,213,-1,215,213,214,-1,205,206,220,-1,220,206,207,-1,
  220,207,219,-1,219,207,208,-1,219,208,218,-1,218,208,209,-1,218,209,217,-1,217,209,216,-1,220,221,205,-1,205,221,222,-1,
  205,222,204,-1,204,222,223,-1,204,223,224,-1,224,225,204,-1,204,225,226,-1,204,226,203,-1,203,226,227,-1,203,227,228,-1,
  203,228,229,-1,203,229,230,-1,203,230,231,-1,181,182,203,-1,203,182,183,-1,203,183,202,-1,202,183,191,-1,202,191,192,-1,
  183,184,189,-1,183,189,190,-1,183,190,191,-1,185,186,188,-1,185,188,189,-1,185,189,184,-1,202,192,201,-1,201,192,193,-1,
  201,193,200,-1,200,193,194,-1,200,194,199,-1,199,194,195,-1,199,195,198,-1,198,195,196,-1,198,196,197,-1,291,284,290,-1,
  290,284,285,-1,290,285,289,-1,289,285,287,-1,289,287,288,-1,284,291,292,-1,284,292,293,-1,284,293,294,-1,284,294,283,-1,
  283,294,295,-1,283,295,296,-1,283,296,297,-1,283,297,298,-1,283,298,282,-1,282,298,299,-1,282,299,300,-1,282,300,301,-1,
  282,301,302,-1,282,302,281,-1,281,302,303,-1,281,303,304,-1,281,304,305,-1,281,305,306,-1,281,306,280,-1,280,306,307,-1,
  280,307,308,-1,280,308,309,-1,280,309,310,-1,280,310,279,-1,279,310,311,-1,279,311,312,-1,279,312,313,-1,279,313,314,-1,
  279,314,278,-1,314,315,278,-1,278,315,316,-1,278,316,277,-1,277,316,275,-1,277,275,276,-1,316,317,261,-1,316,261,262,-1,
  316,262,263,-1,316,263,264,-1,316,264,265,-1,316,265,266,-1,316,266,267,-1,316,267,268,-1,316,268,269,-1,316,269,270,-1,
  316,270,271,-1,316,271,272,-1,316,272,273,-1,316,273,274,-1,316,274,275,-1,317,318,247,-1,317,247,248,-1,317,248,249,-1,
  317,249,250,-1,317,250,251,-1,317,251,252,-1,317,252,253,-1,317,253,254,-1,317,254,255,-1,317,255,256,-1,317,256,257,-1,
  317,257,258,-1,317,258,259,-1,317,259,260,-1,317,260,261,-1,245,246,247,-1,245,247,318,-1,245,318,319,-1,245,319,320,-1,
  245,320,244,-1,244,320,321,-1,244,321,322,-1,244,322,323,-1,244,323,324,-1,244,324,243,-1,243,324,325,-1,243,325,326,-1,
  243,326,327,-1,243,327,328,-1,243,328,242,-1,242,328,329,-1,242,329,330,-1,242,330,331,-1,242,331,332,-1,242,332,241,-1,
  241,332,333,-1,241,333,334,-1,241,334,335,-1,241,335,336,-1,241,336,240,-1,240,336,337,-1,240,337,338,-1,240,338,339,-1,
  240,339,340,-1,240,340,239,-1,239,340,341,-1,239,341,342,-1,239,342,343,-1,239,343,344,-1,239,344,238,-1,238,344,233,-1,
  238,233,235,-1,238,235,236,-1,238,236,237,-1,362,345,352,-1,352,345,346,-1,352,346,351,-1,351,346,347,-1,351,347,350,-1,
  350,347,348,-1,350,348,349,-1,362,352,365,-1,365,352,353,-1,365,353,364,-1,364,353,361,-1,364,361,345,-1,363,364,345,-1,
  363,345,362,-1,356,359,355,-1,355,359,360,-1,355,360,354,-1,354,360,361,-1,354,361,353,-1,357,358,359,-1,357,359,356,-1,
  233,234,235,-1,287,285,286,-1,212,213,211,-1,188,186,187,-1,139,137,138,-1,111,109,110,-1,125,116,117,-1,86,84,85,-1,
  50,48,49,-1,0,24,32,-1]
  normalPerVertex TRUE
  normal DEF NORM_8 Normal { vector [
  0 0 1,0 0 1,
  0 0 1,0 0 1,
  0 0 1,0 0 1,
  0 0 1,0 0 1,
  0 0 1,0 0 1,
  0 0 1,0 0 1,
  0 0 1,0 0 1,
  0 0 1,0 0 1,
  0 0 1,0 0 1,
  0 0 1,0 0 1,
  0 0 1,0 0 1,
  0 0 1,0 0 1,
  0 0 1,0 0 1,
  0 0 1,0 0 1,
  0 0 1,0 0 1,
  0 0 1,0 0 1,
  0 0 1,0 0 1,
  0 0 1,0 0 1,
  0 0 1,0 0 1,
  0 0 1,0 0 1,
  0 0 1,0 0 1,
  0 0 1,0 0 1,
  0 0 1,0 0 1,
  0 0 1,0 0 1,
  0 0 1,0 0 1,
  0 0 1,0 0 1,
  0 0 1,0 0 1,
  0 0 1,0 0 1,
  0 0 1,0 0 1,
  0 0 1,0 0 1,
  0 0 1,0 0 1,
  0 0 1,0 0 1,
  0 0 1,0 0 1,
  0 0 1,0 0 1,
  0 0 1,0 0 1,
  0 0 1,0 0 1,
  0 0 1,0 0 1,
  0 0 1,0 0 1,
  0 0 1,0 0 1,
  0 0 1,0 0 1,
  0 0 1,0 0 1,
  0 0 1,0 0 1,
  0 0 1,0 0 1,
  0 0 1,0 0 1,
  0 0 1,0 0 1,
  0 0 1,0 0 1,
  0 0 1,0 0 1,
  0 0 1,0 0 1,
  0 0 1,0 0 1,
  0 0 1,0 0 1,
  0 0 1,0 0 1,
  0 0 1,0 0 1,
  0 0 1,0 0 1,
  0 0 1,0 0 1,
  0 0 1,0 0 1,
  0 0 1,0 0 1,
  0 0 1,0 0 1,
  0 0 1,0 0 1,
  0 0 1,0 0 1,
  0 0 1,0 0 1,
  0 0 1,0 0 1,
  0 0 1,0 0 1,
  0 0 1,0 0 1,
  0 0 1,0 0 1,
  0 0 1,0 0 1,
  0 0 1,0 0 1,
  0 0 1,0 0 1,
  0 0 1,0 0 1,
  0 0 1,0 0 1,
  0 0 1,0 0 1,
  0 0 1,0 0 1,
  0 0 1,0 0 1,
  0 0 1,0 0 1,
  0 0 1,0 0 1,
  0 0 1,0 0 1,
  0 0 1,0 0 1,
  0 0 1,0 0 1,
  0 0 1,0 0 1,
  0 0 1,0 0 1,
  0 0 1,0 0 1,
  0 0 1,0 0 1,
  0 0 1,0 0 1,
  0 0 1,0 0 1,
  0 0 1,0 0 1,
  0 0 1,0 0 1,
  0 0 1,0 0 1,
  0 0 1,0 0 1,
  0 0 1,0 0 1,
  0 0 1,0 0 1,
  0 0 1,0 0 1,
  0 0 1,0 0 1,
  0 0 1,0 0 1,
  0 0 1,0 0 1,
  0 0 1,0 0 1,
  0 0 1,0 0 1,
  0 0 1,0 0 1,
  0 0 1,0 0 1,
  0 0 1,0 0 1,
  0 0 1,0 0 1,
  0 0 1,0 0 1,
  0 0 1,0 0 1,
  0 0 1,0 0 1,
  0 0 1,0 0 1,
  0 0 1,0 0 1,
  0 0 1,0 0 1,
  0 0 1,0 0 1,
  0 0 1,0 0 1,
  0 0 1,0 0 1,
  0 0 1,0 0 1,
  0 0 1,0 0 1,
  0 0 1,0 0 1,
  0 0 1,0 0 1,
  0 0 1,0 0 1,
  0 0 1,0 0 1,
  0 0 1,0 0 1,
  0 0 1,0 0 1,
  0 0 1,0 0 1,
  0 0 1,0 0 1,
  0 0 1,0 0 1,
  0 0 1,0 0 1,
  0 0 1,0 0 1,
  0 0 1,0 0 1,
  0 0 1,0 0 1,
  0 0 1,0 0 1,
  0 0 1,0 0 1,
  0 0 1,0 0 1,
  0 0 1,0 0 1,
  0 0 1,0 0 1,
  0 0 1,0 0 1,
  0 0 1,0 0 1,
  0 0 1,0 0 1,
  0 0 1,0 0 1,
  0 0 1,0 0 1,
  0 0 1,0 0 1,
  0 0 1,0 0 1,
  0 0 1,0 0 1,
  0 0 1,0 0 1,
  0 0 1,0 0 1,
  0 0 1,0 0 1,
  0 0 1,0 0 1,
  0 0 1,0 0 1,
  0 0 1,0 0 1,
  0 0 1,0 0 1,
  0 0 1,0 0 1,
  0 0 1,0 0 1,
  0 0 1,0 0 1,
  0 0 1,0 0 1,
  0 0 1,0 0 1,
  0 0 1,0 0 1,
  0 0 1,0 0 1,
  0 0 1,0 0 1,
  0 0 1,0 0 1,
  0 0 1,0 0 1,
  0 0 1,0 0 1,
  0 0 1,0 0 1,
  0 0 1,0 0 1,
  0 0 1,0 0 1,
  0 0 1,0 0 1,
  0 0 1,0 0 1,
  0 0 1,0 0 1,
  0 0 1,0 0 1,
  0 0 1,0 0 1,
  0 0 1,0 0 1,
  0 0 1,0 0 1,
  0 0 1,0 0 1,
  0 0 1,0 0 1,
  0 0 1,0 0 1,
  0 0 1,0 0 1,
  0 0 1,0 0 1,
  0 0 1,0 0 1,
  0 0 1,0 0 1,
  0 0 1,0 0 1,
  0 0 1,0 0 1,
  0 0 1,0 0 1,
  0 0 1,0 0 1,
  0 0 1,0 0 1,
  0 0 1,0 0 1,
  0 0 1,0 0 1,
  0 0 1,0 0 1,
  0 0 1,0 0 1,
  0 0 1,0 0 1,
  0 0 1,0 0 1,
  0 0 1,0 0 1] }
}
}
] }
DEF TXFM_9 Transform {
  center 0 0 0
  rotation 0 0 1 0
  scale 1 1 1
  scaleOrientation 0 0 1 0
  translation 0 0 0
 children [
DEF SHAPE_9 Shape {
 appearance DEF APP_7 Appearance {
  material Material {
   ambientIntensity 0.72857141
   diffuseColor 0.96078432 0.96078432 0.96078432
   emissiveColor 0 0 0
   shininess 0.02
   specularColor 0.96470588 0.96470588 0.96470588
   transparency 0
} }
 geometry DEF FACE_9 IndexedFaceSet {
  coord DEF COORD_9 Coordinate { point [
  0.99825945 4.4564996 -0.34448819,0.99238071 4.4706917 -0.34448819,
  0.9815185 4.4815539 -0.34448819,0.96732638 4.4874327 -0.34448819,
  0.95196496 4.4874327 -0.34448819,0.93777283 4.4815539 -0.34448819,
  0.92691063 4.4706917 -0.34448819,0.92103189 4.4564996 -0.34448819,
  0.92027559 4.4488189 -0.34448819,0.92027559 3.9370079 -0.34448819,
  0.92103189 3.9293272 -0.34448819,0.92691063 3.915135 -0.34448819,
  0.93777283 3.9042728 -0.34448819,0.95196496 3.8983941 -0.34448819,
  0.95964567 3.8976378 -0.34448819,6.8651575 3.8976378 -0.34448819,
  6.8728382 3.8983941 -0.34448819,6.8870303 3.9042728 -0.34448819,
  6.8978925 3.915135 -0.34448819,6.9037713 3.9293272 -0.34448819,
  6.9045276 3.9370079 -0.34448819,6.9045276 5.9448819 -0.34448819,
  6.9037713 5.9525626 -0.34448819,6.8978925 5.9667547 -0.34448819,
  6.8870303 5.9776169 -0.34448819,6.8728382 5.9834957 -0.34448819,
  6.8574768 5.9834957 -0.34448819,6.8432846 5.9776169 -0.34448819,
  6.8324224 5.9667547 -0.34448819,6.8265437 5.9525626 -0.34448819,
  6.8257874 5.9448819 -0.34448819,6.8257874 3.976378 -0.34448819,
  0.99901575 3.976378 -0.34448819,0.99901575 4.4488189 -0.34448819,
  6.6675508 7.7242161 -0.34448819,6.661672 7.7384083 -0.34448819,
  6.6508098 7.7492705 -0.34448819,6.6366177 7.7551492 -0.34448819,
  6.628937 7.7559055 -0.34448819,0.95964567 7.7559055 -0.34448819,
  0.95196496 7.7551492 -0.34448819,0.93777283 7.7492705 -0.34448819,
  0.92691063 7.7384083 -0.34448819,0.92103189 7.7242161 -0.34448819,
  0.92027559 7.7165354 -0.34448819,0.92027559 5.1968504 -0.34448819,
  0.92103189 5.1891697 -0.34448819,0.92691063 5.1749776 -0.34448819,
  0.93777283 5.1641154 -0.34448819,0.95196496 5.1582366 -0.34448819,
  0.96732638 5.1582366 -0.34448819,0.9815185 5.1641154 -0.34448819,
  0.99238071 5.1749776 -0.34448819,0.99825945 5.1891697 -0.34448819,
  0.99901575 5.1968504 -0.34448819,0.99901575 7.6771654 -0.34448819,
  6.628937 7.6771654 -0.34448819,6.6366177 7.6779217 -0.34448819,
  6.6508098 7.6838004 -0.34448819,6.661672 7.6946626 -0.34448819,
  6.6675508 7.7088547 -0.34448819,8.6803461 6.267524 -0.34448819,
  8.6744673 6.2817161 -0.34448819,8.6636051 6.2925783 -0.34448819,
  8.649413 6.2984571 -0.34448819,8.6340516 6.2984571 -0.34448819,
  8.6198594 6.2925783 -0.34448819,8.6089972 6.2817161 -0.34448819,
  8.6031185 6.267524 -0.34448819,8.6023622 6.2598433 -0.34448819,
  8.6023622 5.8661417 -0.34448819,8.6031185 5.858461 -0.34448819,
  8.6089972 5.8442689 -0.34448819,8.6198594 5.8334067 -0.34448819,
  8.6340516 5.827528 -0.34448819,8.6417323 5.8267717 -0.34448819,
  12.224409 5.8267717 -0.34448819,12.23209 5.827528 -0.34448819,
  12.246282 5.8334067 -0.34448819,12.257144 5.8442689 -0.34448819,
  12.263023 5.858461 -0.34448819,12.263023 5.8738224 -0.34448819,
  12.257144 5.8880146 -0.34448819,12.246282 5.8988768 -0.34448819,
  12.23209 5.9047555 -0.34448819,12.224409 5.9055118 -0.34448819,
  8.6811024 5.9055118 -0.34448819,8.6811024 6.2598433 -0.34448819,
  12.263023 7.0942961 -0.34448819,12.257144 7.1084882 -0.34448819,
  12.246282 7.1193504 -0.34448819,12.23209 7.1252291 -0.34448819,
  12.224409 7.1259854 -0.34448819,8.6417323 7.1259854 -0.34448819,
  8.6340516 7.1252291 -0.34448819,8.6198594 7.1193504 -0.34448819,
  8.6089972 7.1084882 -0.34448819,8.6031185 7.0942961 -0.34448819,
  8.6031185 7.0789346 -0.34448819,8.6089972 7.0647425 -0.34448819,
  8.6198594 7.0538803 -0.34448819,8.6340516 7.0480016 -0.34448819,
  8.6417323 7.0472453 -0.34448819,12.224409 7.0472453 -0.34448819,
  12.23209 7.0480016 -0.34448819,12.246282 7.0538803 -0.34448819,
  12.257144 7.0647425 -0.34448819,12.263023 7.0789346 -0.34448819,
  9.3720472 9.761811 -0.34448819,9.3795803 9.7633094 -0.34448819,
  9.3902339 9.773963 -0.34448819,9.3917323 9.7814961 -0.34448819,
  9.3917323 13.679134 -0.34448819,9.3902339 13.686667 -0.34448819,
  9.3795803 13.69732 -0.34448819,9.3720472 13.698819 -0.34448819,
  3.9783465 13.698819 -0.34448819,3.9708134 13.69732 -0.34448819,
  3.9601598 13.686667 -0.34448819,3.9586614 13.679134 -0.34448819,
  3.9586614 9.8011811 -0.34448819,3.9586614 9.7814961 -0.34448819,
  3.9601598 9.773963 -0.34448819,3.9708134 9.7633094 -0.34448819,
  3.9783465 9.761811 -0.34448819,9.3523622 13.659449 -0.34448819,
  9.3523622 9.8011811 -0.34448819,3.9980315 9.8011811 -0.34448819,
  3.9980315 13.659449 -0.34448819] }
 coordIndex [
  33,32,0,-1,0,32,1,-1,1,32,2,-1,2,32,3,-1,3,32,14,-1,14,32,15,-1,15,32,31,-1,16,15,25,-1,
  16,25,17,-1,17,25,24,-1,17,24,18,-1,18,24,23,-1,18,23,19,-1,19,23,22,-1,19,22,20,-1,20,22,21,-1,
  25,15,26,-1,26,15,27,-1,27,15,28,-1,28,15,29,-1,29,15,30,-1,30,15,31,-1,10,8,7,-1,10,7,11,-1,
  11,7,6,-1,11,6,12,-1,12,6,5,-1,12,5,13,-1,13,5,4,-1,13,4,14,-1,14,4,3,-1,56,55,38,-1,
  56,38,57,-1,57,38,37,-1,57,37,58,-1,58,37,36,-1,58,36,59,-1,59,36,35,-1,59,35,60,-1,60,35,34,-1,
  38,55,39,-1,39,55,50,-1,50,55,51,-1,51,55,52,-1,52,55,53,-1,53,55,54,-1,46,44,43,-1,46,43,47,-1,
  47,43,42,-1,47,42,48,-1,48,42,41,-1,48,41,49,-1,49,41,40,-1,49,40,50,-1,50,40,39,-1,87,86,61,-1,
  61,86,62,-1,62,86,63,-1,63,86,64,-1,64,86,75,-1,75,86,76,-1,76,86,85,-1,77,85,84,-1,77,84,78,-1,
  78,84,83,-1,78,83,79,-1,79,83,82,-1,79,82,80,-1,80,82,81,-1,71,69,68,-1,71,68,72,-1,72,68,67,-1,
  72,67,73,-1,73,67,66,-1,73,66,74,-1,74,66,65,-1,74,65,75,-1,75,65,64,-1,99,97,96,-1,99,96,100,-1,
  100,96,95,-1,100,95,101,-1,101,95,94,-1,101,94,102,-1,102,94,93,-1,102,93,103,-1,103,93,92,-1,103,92,104,-1,
  104,92,91,-1,104,91,105,-1,105,91,90,-1,105,90,106,-1,106,90,89,-1,106,89,107,-1,107,89,88,-1,108,125,115,-1,
  108,115,109,-1,109,115,114,-1,109,114,110,-1,110,114,113,-1,110,113,111,-1,111,113,112,-1,115,125,128,-1,115,128,116,-1,
  116,128,127,-1,116,127,124,-1,124,127,108,-1,127,126,108,-1,108,126,125,-1,122,119,118,-1,122,118,123,-1,123,118,117,-1,
  123,117,124,-1,124,117,116,-1,121,120,122,-1,122,120,119,-1,97,99,98,-1,69,71,70,-1,76,85,77,-1,44,46,45,-1,
  8,10,9,-1]
  normalPerVertex TRUE
  normal DEF NORM_9 Normal { vector [
  0 0 -1,0 0 -1,
  0 0 -1,0 0 -1,
  0 0 -1,0 0 -1,
  0 0 -1,0 0 -1,
  0 0 -1,0 0 -1,
  0 0 -1,0 0 -1,
  0 0 -1,0 0 -1,
  0 0 -1,0 0 -1,
  0 0 -1,0 0 -1,
  0 0 -1,0 0 -1,
  0 0 -1,0 0 -1,
  0 0 -1,0 0 -1,
  0 0 -1,0 0 -1,
  0 0 -1,0 0 -1,
  0 0 -1,0 0 -1,
  0 0 -1,0 0 -1,
  0 0 -1,0 0 -1,
  0 0 -1,0 0 -1,
  0 0 -1,0 0 -1,
  0 0 -1,0 0 -1,
  0 0 -1,0 0 -1,
  0 0 -1,0 0 -1,
  0 0 -1,0 0 -1,
  0 0 -1,0 0 -1,
  0 0 -1,0 0 -1,
  0 0 -1,0 0 -1,
  0 0 -1,0 0 -1,
  0 0 -1,0 0 -1,
  0 0 -1,0 0 -1,
  0 0 -1,0 0 -1,
  0 0 -1,0 0 -1,
  0 0 -1,0 0 -1,
  0 0 -1,0 0 -1,
  0 0 -1,0 0 -1,
  0 0 -1,0 0 -1,
  0 0 -1,0 0 -1,
  0 0 -1,0 0 -1,
  0 0 -1,0 0 -1,
  0 0 -1,0 0 -1,
  0 0 -1,0 0 -1,
  0 0 -1,0 0 -1,
  0 0 -1,0 0 -1,
  0 0 -1,0 0 -1,
  0 0 -1,0 0 -1,
  0 0 -1,0 0 -1,
  0 0 -1,0 0 -1,
  0 0 -1,0 0 -1,
  0 0 -1,0 0 -1,
  0 0 -1,0 0 -1,
  0 0 -1,0 0 -1,
  0 0 -1,0 0 -1,
  0 0 -1,0 0 -1,
  0 0 -1,0 0 -1,
  0 0 -1,0 0 -1,
  0 0 -1,0 0 -1,
  0 0 -1,0 0 -1,
  0 0 -1,0 0 -1,
  0 0 -1,0 0 -1,
  0 0 -1,0 0 -1,
  0 0 -1,0 0 -1,
  0 0 -1,0 0 -1,
  0 0 -1,0 0 -1,
  0 0 -1,0 0 -1,
  0 0 -1,0 0 -1,
  0 0 -1] }
}
}
] }
] }
